date,user,type,ioc,tags,context
2026-07-15,cisa_kev,CVE,CVE-2026-46817,"Oracle E-Business Suite, kev","Oracle E-Business Suite contains an improper privilege management vulnerability that allows an unauthenticated attacker with network access via HTTP to compromise Oracle Payments. Successful attacks of this vulnerability can result in takeover of Oracle Payments. Action: Apply mitigations in accordance with vendor instructions, ensuring compliance with CISA’s BOD 26-04 Prioritizing Security Updates Based on Risk (see URL in Notes) guidance and CISA’s “Forensics Triage Requirements” (see URL in Notes). Follow applicable BOD 26-04 guidance for cloud services or discontinue use of the product if mitigations are unavailable. Stakeholders are responsible for evaluating each asset's internet exposure and ensuring adherence to BOD 26-04 patching guidelines. Due: 2026-07-18"
2026-07-15,cisa_kev,CVE,CVE-2023-4346,"KNX Association KNX Protocol Connection Authorization Option 1, kev","KNX Association KNX Protocol Connection Authorization Option 1 contains an overly restrictive account lockout mechanism vulnerability that could allow an attacker to purge all devices without additional security options enabled and set a BCU key to lock the device.  Action: Apply mitigations in accordance with vendor instructions, ensuring compliance with CISA’s BOD 26-04 Prioritizing Security Updates Based on Risk (see URL in Notes) guidance and CISA’s “Forensics Triage Requirements” (see URL in Notes). Follow applicable BOD 26-04 guidance for cloud services or discontinue use of the product if mitigations are unavailable. Stakeholders are responsible for evaluating each asset's internet exposure and ensuring adherence to BOD 26-04 patching guidelines. Due: 2026-07-29"
2026-07-16,cisa_kev,CVE,CVE-2026-58644,"Microsoft SharePoint, kev","Microsoft SharePoint contains a deserialization of untrusted data vulnerability that allows an unauthorized attacker to execute code over a network. Action: Apply mitigations in accordance with vendor instructions, ensuring compliance with CISA’s BOD 26-04 Prioritizing Security Updates Based on Risk (see URL in Notes) guidance and CISA’s “Forensics Triage Requirements” (see URL in Notes). Follow applicable BOD 26-04 guidance for cloud services or discontinue use of the product if mitigations are unavailable. Stakeholders are responsible for evaluating each asset's internet exposure and ensuring adherence to BOD 26-04 patching guidelines. Due: 2026-07-19"
2026-07-16,cisa_kev,CVE,CVE-2026-25089,"Fortinet FortiSandbox, kev","Fortinet FortiSandbox, FortiSandbox Cloud, and FortiSandbox PaaS contain an OS command injection vulnerability that allows an unauthenticated attacker to execute unauthorized commands via specifically crafted HTTP requests. Action: Apply mitigations in accordance with vendor instructions, ensuring compliance with CISA’s BOD 26-04 Prioritizing Security Updates Based on Risk (see URL in Notes) guidance and CISA’s “Forensics Triage Requirements” (see URL in Notes). Follow applicable BOD 26-04 guidance for cloud services or discontinue use of the product if mitigations are unavailable. Stakeholders are responsible for evaluating each asset's internet exposure and ensuring adherence to BOD 26-04 patching guidelines. Due: 2026-07-19"
2026-07-16,cisa_kev,CVE,CVE-2026-39808,"Fortinet FortiSandbox, kev","Fortinet FortiSandbox contains an OS command injection vulnerability that could allow an unauthenticated attacker to execute unauthorized code or commands via crafted HTTP requests. Action: Apply mitigations in accordance with vendor instructions, ensuring compliance with CISA’s BOD 26-04 Prioritizing Security Updates Based on Risk (see URL in Notes) guidance and CISA’s “Forensics Triage Requirements” (see URL in Notes). Follow applicable BOD 26-04 guidance for cloud services or discontinue use of the product if mitigations are unavailable. Stakeholders are responsible for evaluating each asset's internet exposure and ensuring adherence to BOD 26-04 patching guidelines. Due: 2026-07-19"
2026-07-21,cisa_kev,CVE,CVE-2026-60137,"WordPress Core, kev","WordPress Core contains a SQL injection vulnerability when a plugin or theme passes untrusted input to the parameter. This vulnerability can be chained with CVE-2026-63030 to allow an unauthenticated attacker to gain remote code execution on default WordPress installations. Action: Apply mitigations in accordance with vendor instructions, ensuring compliance with CISA’s BOD 26-04 Prioritizing Security Updates Based on Risk (see URL in Notes) guidance and CISA’s “Forensics Triage Requirements” (see URL in Notes). Follow applicable BOD 26-04 guidance for cloud services or discontinue use of the product if mitigations are unavailable. Stakeholders are responsible for evaluating each asset's internet exposure and ensuring adherence to BOD 26-04 patching guidelines. Due: 2026-08-04"
2026-07-21,cisa_kev,CVE,CVE-2026-63030,"WordPress Core, kev","WordPress Core contains an interpretation conflict vulnerability that could allow an attacker to perform SQL Injection and achieve Remote Code Execution. This vulnerability can be chained with CVE-2026-60137. Action: Apply mitigations in accordance with vendor instructions, ensuring compliance with CISA’s BOD 26-04 Prioritizing Security Updates Based on Risk (see URL in Notes) guidance and CISA’s “Forensics Triage Requirements” (see URL in Notes). Follow applicable BOD 26-04 guidance for cloud services or discontinue use of the product if mitigations are unavailable. Stakeholders are responsible for evaluating each asset's internet exposure and ensuring adherence to BOD 26-04 patching guidelines. Due: 2026-07-24"
2026-07-21,cisa_kev,CVE,CVE-2026-0770,"Langflow Langflow, kev","Langflow contains an inclusion of functionality from untrusted control sphere vulnerability that allows remote attackers to execute arbitrary code on affected installations.  Action: Apply mitigations in accordance with vendor instructions, ensuring compliance with CISA’s BOD 26-04 Prioritizing Security Updates Based on Risk (see URL in Notes) guidance and CISA’s “Forensics Triage Requirements” (see URL in Notes). Follow applicable BOD 26-04 guidance for cloud services or discontinue use of the product if mitigations are unavailable. Stakeholders are responsible for evaluating each asset's internet exposure and ensuring adherence to BOD 26-04 patching guidelines. Due: 2026-07-24"
2026-07-21,cisa_kev,CVE,CVE-2021-27137,"DD-WRT DD-WRT, kev","DD-WRT contains a stack-based buffer overflow vulnerability that could allow an unauthenticated attacker to overflow an internal buffer used by UPnP and trigger a code execution vulnerability. Action: Apply mitigations in accordance with vendor instructions, ensuring compliance with CISA’s BOD 26-04 Prioritizing Security Updates Based on Risk (see URL in Notes) guidance and CISA’s “Forensics Triage Requirements” (see URL in Notes). Follow applicable BOD 26-04 guidance for cloud services or discontinue use of the product if mitigations are unavailable. Stakeholders are responsible for evaluating each asset's internet exposure and ensuring adherence to BOD 26-04 patching guidelines. Due: 2026-07-24"
2026-07-15,threatfox,URL,http://syntaxj.top:6278,"win.remus, url",n/a
2026-07-15,threatfox,URL,https://catholicsma.com/wp-content/uploads/2024/07/main.js,"win.latrodectus, url",n/a
2026-07-15,threatfox,URL,https://ritchie.click/i7sh56je.js,"js.kongtuke, url",n/a
2026-07-15,threatfox,URL,https://granitehearth.top/status/status-parser,"js.smartapesg, url",n/a
2026-07-15,threatfox,URL,https://granitehearth.top/status/health-effect.js,"js.smartapesg, url",n/a
2026-07-15,threatfox,URL,https://maloke.pro/,"unknown, url",n/a
2026-07-15,threatfox,URL,https://fij.kijangturbo88.top/,"win.vidar, url",n/a
2026-07-15,threatfox,URL,https://fij.ambiltogel.net/,"win.vidar, url",n/a
2026-07-15,threatfox,URL,https://ritchie.click/y6noj7h0.js,"js.kongtuke, url",n/a
2026-07-15,threatfox,URL,https://ritchie.click/bgmmbr3x.js,"js.kongtuke, url",n/a
2026-07-15,threatfox,URL,https://wpl.kijangturbo88.top/,"win.vidar, url",n/a
2026-07-15,threatfox,URL,https://wpl.ambiltogel.net/,"win.vidar, url",n/a
2026-07-15,threatfox,URL,https://softsystems.pro/,"unknown, url",n/a
2026-07-15,threatfox,URL,https://maialimentosreales.com/,"unknown, url",n/a
2026-07-15,threatfox,URL,https://waltonsoftware.com/,"unknown, url",n/a
2026-07-15,threatfox,URL,https://sealaunchservices.com/,"unknown, url",n/a
2026-07-15,threatfox,URL,https://granitehearth.top/status/profile-runtime.js,"js.smartapesg, url",n/a
2026-07-15,threatfox,URL,https://alianzaamericanaseguros.com/,"unknown, url",n/a
2026-07-15,threatfox,URL,https://caramdistribuciones.com.ar/,"unknown, url",n/a
2026-07-15,threatfox,URL,https://dokonalebydleni.cz/,"unknown, url",n/a
2026-07-15,threatfox,URL,https://cmla.blog/,"unknown, url",n/a
2026-07-15,threatfox,URL,https://baumas.no/,"unknown, url",n/a
2026-07-15,threatfox,URL,https://artsunfold.com/,"unknown, url",n/a
2026-07-15,threatfox,URL,https://ritchie.click/ksbfgehn.js,"js.kongtuke, url",n/a
2026-07-15,threatfox,URL,https://f-codebase.lol/f,"js.kongtuke, url",n/a
2026-07-15,threatfox,URL,https://cydesys.com/,"unknown, url",n/a
2026-07-15,threatfox,URL,https://ritchie.click/frxhgs71.js,"js.kongtuke, url",n/a
2026-07-15,threatfox,URL,https://racquetclubofgastonia.com/,"unknown, url",n/a
2026-07-15,threatfox,URL,https://quaideazamcollege.com/,"unknown, url",n/a
2026-07-15,threatfox,URL,https://vin2.ro/,"unknown, url",n/a
2026-07-15,threatfox,URL,https://sarahcole.com.au/,"unknown, url",n/a
2026-07-15,threatfox,URL,https://thebookoninvesting.com/,"unknown, url",n/a
2026-07-15,threatfox,URL,https://samarkegypt.com/,"unknown, url",n/a
2026-07-15,threatfox,URL,https://ngb.ro/,"unknown, url",n/a
2026-07-15,threatfox,URL,https://racingoperations.com.au/,"unknown, url",n/a
2026-07-15,threatfox,URL,https://pcl.hamburg/,"unknown, url",n/a
2026-07-15,threatfox,URL,https://ritchie.click/vyfk8uki.js,"js.kongtuke, url",n/a
2026-07-15,threatfox,URL,https://ritchie.click/1pgdux6i.js,"js.kongtuke, url",n/a
2026-07-15,threatfox,URL,http://vertefx.top:7538,"win.remus, url",n/a
2026-07-15,threatfox,URL,https://ritchie.click/5mv24f3u.js,"js.kongtuke, url",n/a
2026-07-15,threatfox,URL,https://kblaa.com/gfont.ttf,"js.smartapesg, url",n/a
2026-07-15,threatfox,URL,https://ritchie.click/n2bw9boq.js,"js.kongtuke, url",n/a
2026-07-15,threatfox,URL,https://bitista.icu/file.js,"js.kongtuke, url",n/a
2026-07-15,threatfox,URL,https://bitista.icu/api/v1/session,"js.kongtuke, url",n/a
2026-07-15,threatfox,URL,https://ritchie.click/m5t9l50e.js,"js.kongtuke, url",n/a
2026-07-15,threatfox,URL,https://bitista.icu/api/v1/verify,"js.kongtuke, url",n/a
2026-07-15,threatfox,URL,https://bitista.icu/api/v1/status,"js.kongtuke, url",n/a
2026-07-15,threatfox,URL,https://tscd.vn/,"unknown, url",n/a
2026-07-15,threatfox,URL,https://sta.kijangturbo88.top/,"win.vidar, url",n/a
2026-07-15,threatfox,URL,https://sta.ambiltogel.net/,"win.vidar, url",n/a
2026-07-15,threatfox,URL,https://burutrading.com/h4r2.html,"unknown, url",n/a
2026-07-15,threatfox,URL,https://bkv.ambiltogel.net/,"win.vidar, url",n/a
2026-07-15,threatfox,URL,https://bkv.kijangturbo88.top/,"win.vidar, url",n/a
2026-07-16,threatfox,URL,http://144.172.103.226/301/301m,"py.invisibleferret, url",n/a
2026-07-16,threatfox,URL,http://144.172.103.226/301/301l,"py.invisibleferret, url",n/a
2026-07-16,threatfox,URL,http://144.172.103.226/301/301w,"py.invisibleferret, url",n/a
2026-07-16,threatfox,URL,http://95.217.102.138:1144/s/30620700,"py.invisibleferret, url",n/a
2026-07-16,threatfox,URL,http://95.216.64.240:1224/main,"py.invisibleferret, url",n/a
2026-07-16,threatfox,URL,http://95.216.64.240:1224/client/36/700,"py.invisibleferret, url",n/a
2026-07-16,threatfox,URL,https://ritchie.click/gkbfcesb.js,"js.kongtuke, url",n/a
2026-07-16,threatfox,URL,https://petx.vet/,"unknown, url",n/a
2026-07-16,threatfox,URL,https://ritchie.click/q7eu4gpd.js,"js.kongtuke, url",n/a
2026-07-16,threatfox,URL,https://ritchie.click/jh2fg27r.js,"js.kongtuke, url",n/a
2026-07-16,threatfox,URL,http://196.251.107.163/ca2f6543a0826c0f55e0.php,"win.stealc, url",n/a
2026-07-16,threatfox,URL,https://raiatec.ir/,"unknown, url",n/a
2026-07-16,threatfox,URL,https://catholicsma.com/h4r2.html?v=mxhrbmchnv,"unknown, url",n/a
2026-07-16,threatfox,URL,https://ritchie.click/7kv57ax9.js,"js.kongtuke, url",n/a
2026-07-16,threatfox,URL,http://ct607808.tw1.ru/L1nc0In.php,"win.dcrat, url",n/a
2026-07-16,threatfox,URL,https://teambluewhitezuerich.ch/,"unknown, url",n/a
2026-07-16,threatfox,URL,https://ritchie.click/85iuztos.js,"js.kongtuke, url",n/a
2026-07-16,threatfox,URL,https://lmstamper.com/,"win.vidar, url",n/a
2026-07-16,threatfox,URL,https://f4m.kijangturbo88.top/,"win.vidar, url",n/a
2026-07-16,threatfox,URL,https://f4m.ambiltogel.net/,"win.vidar, url",n/a
2026-07-16,threatfox,URL,https://hxi.kijangturbo88.top/,"win.vidar, url",n/a
2026-07-16,threatfox,URL,https://hxi.ambiltogel.net/,"win.vidar, url",n/a
2026-07-16,threatfox,URL,https://ritchie.click/mmaxs0rs.js,"js.kongtuke, url",n/a
2026-07-16,threatfox,URL,https://ritchie.click/lkg91c5q.js,"js.kongtuke, url",n/a
2026-07-16,threatfox,URL,https://www.lmstamper.com/,"unknown, url",n/a
2026-07-16,threatfox,URL,https://ritchie.click/t4et81av.js,"js.kongtuke, url",n/a
2026-07-16,threatfox,URL,https://emberlattice.top/callback/signin-validator,"js.smartapesg, url",n/a
2026-07-16,threatfox,URL,https://emberlattice.top/callback/health-sandbox.js,"js.smartapesg, url",n/a
2026-07-16,threatfox,URL,https://nykaa.cloud/?__cf_chl_f_tk=s9E_M0.0thAbE5QhoOfMRMfP_WCBEvi9TNh8W2CdnPE-1783412894-1.0.1.1-pWen9T.IbakHP2Za25DiFM_FCjcXPWiFxTygAHHwcA4,"unknown, url",n/a
2026-07-16,threatfox,URL,https://ritchie.click/l46p3f8z.js,"js.kongtuke, url",n/a
2026-07-16,threatfox,URL,https://ritchie.click/ha1es146.js,"js.kongtuke, url",n/a
2026-07-16,threatfox,URL,https://leposeur.com/assets/js/bootstrap.bundle.min.js,"js.iclickfix, url",n/a
2026-07-16,threatfox,URL,https://ritchie.click/pvgdgpjx.js,"js.kongtuke, url",n/a
2026-07-16,threatfox,URL,https://tommy-or.lol/f,"js.kongtuke, url",n/a
2026-07-16,threatfox,URL,https://emberlattice.top/claims/redirect-state.js,"js.smartapesg, url",n/a
2026-07-16,threatfox,URL,https://emberlattice.top/claims/metrics-bundle,"js.smartapesg, url",n/a
2026-07-16,threatfox,URL,https://emberlattice.top/claims/realm-fetch.js,"js.smartapesg, url",n/a
2026-07-16,threatfox,URL,http://43.198.235.91/getinstall64,"win.valley_rat, url",n/a
2026-07-16,threatfox,URL,https://sa7.kijangturbo88.top/,"win.vidar, url",n/a
2026-07-16,threatfox,URL,https://sa7.ambiltogel.net/,"win.vidar, url",n/a
2026-07-16,threatfox,URL,https://cra.kliksm188.top/,"win.vidar, url",n/a
2026-07-16,threatfox,URL,https://cra.ambiltogel.net/,"win.vidar, url",n/a
2026-07-16,threatfox,URL,https://ffz.ambiltogel.net/,"win.vidar, url",n/a
2026-07-17,threatfox,URL,https://ffz.kliksm188.top/,"win.vidar, url",n/a
2026-07-17,threatfox,URL,https://bfg.kliksm188.top/,"win.vidar, url",n/a
2026-07-17,threatfox,URL,https://bfg.ambiltogel.net/,"win.vidar, url",n/a
2026-07-17,threatfox,URL,http://89.110.104.237/46893b462dca7432.php,"win.stealc, url",n/a
2026-07-17,threatfox,URL,https://t.me/still_stellc,"win.stealc, url",n/a
2026-07-17,threatfox,URL,https://ritchie.click/o9qhk2jz.js,"js.kongtuke, url",n/a
2026-07-17,threatfox,URL,https://copperlandmark.top/claims/redirect-state.js,"js.smartapesg, url",n/a
2026-07-17,threatfox,URL,https://copperlandmark.top/claims/realm-fetch.js,"js.smartapesg, url",n/a
2026-07-17,threatfox,URL,https://copperlandmark.top/claims/metrics-bundle,"js.smartapesg, url",n/a
2026-07-17,threatfox,URL,https://chorg.xyz/,"unknown, url",n/a
2026-07-17,threatfox,URL,https://robinhrood.com/,"unknown, url",n/a
2026-07-17,threatfox,URL,https://strastergy.com/,"unknown, url",n/a
2026-07-17,threatfox,URL,https://content-website-analytics.com/script.js,"js.fakeupdates, url",n/a
2026-07-17,threatfox,URL,https://stogagirlssoccer.com/,"unknown, url",n/a
2026-07-17,threatfox,URL,https://d11.kliksm188.top/,"win.vidar, url",n/a
2026-07-17,threatfox,URL,https://d11.ambiltogel.net/,"win.vidar, url",n/a
2026-07-17,threatfox,URL,http://144.31.57.94/350be244a2f97a3a4ca8.php,"win.stealc, url",n/a
2026-07-17,threatfox,URL,http://41.216.189.236/nz.sh,"unknown, url",n/a
2026-07-17,threatfox,URL,https://amberobservatory.top/public/scope-cookie.js,"js.smartapesg, url",n/a
2026-07-17,threatfox,URL,https://amberobservatory.top/public/middleware-sessionstore,"js.smartapesg, url",n/a
2026-07-17,threatfox,URL,https://amberobservatory.top/public/callback-asset.js,"js.smartapesg, url",n/a
2026-07-17,threatfox,URL,http://digiace.top:4190,"win.remus, url",n/a
2026-07-17,threatfox,URL,https://cedaristhmus.top/public/middleware-sessionstore,"js.smartapesg, url",n/a
2026-07-17,threatfox,URL,https://cedaristhmus.top/public/callback-asset.js,"js.smartapesg, url",n/a
2026-07-17,threatfox,URL,https://okx.kliksm188.top/,"win.vidar, url",n/a
2026-07-17,threatfox,URL,https://okx.ambiltogel.net/,"win.vidar, url",n/a
2026-07-17,threatfox,URL,https://mv2group.com/meta.google.com,"js.smartapesg, url",n/a
2026-07-17,threatfox,URL,https://cedaristhmus.top/public/scope-cookie.js,"js.smartapesg, url",n/a
2026-07-17,threatfox,URL,http://smaeak.top:5789,"win.remus, url",n/a
2026-07-17,threatfox,URL,https://monteiro.click/api/v1/verify,"js.kongtuke, url",n/a
2026-07-17,threatfox,URL,https://monteiro.click/api/v1/session,"js.kongtuke, url",n/a
2026-07-17,threatfox,URL,https://monteiro.click/api/v1/status,"js.kongtuke, url",n/a
2026-07-17,threatfox,URL,https://tommy-aa.lol/f,"js.kongtuke, url",n/a
2026-07-17,threatfox,URL,https://battagliadipavia1525.it/,"win.vidar, url",n/a
2026-07-17,"threatfox,tweetfeed",URL,http://80.76.49.77,"win.stealc, url",n/a
2026-07-17,threatfox,URL,https://boodystat.click/dl/file/,"unknown, url",n/a
2026-07-17,threatfox,URL,https://boodystat.click/ccheck,"unknown, url",n/a
2026-07-17,threatfox,URL,https://boodystat.click/cload,"unknown, url",n/a
2026-07-17,threatfox,URL,https://boodystat.click/tracker.js,"unknown, url",n/a
2026-07-17,threatfox,URL,https://basebaistat.my/dl/file/,"unknown, url",n/a
2026-07-17,threatfox,URL,https://basebaistat.my/ccheck,"unknown, url",n/a
2026-07-17,threatfox,URL,https://basebaistat.my/cload,"unknown, url",n/a
2026-07-17,threatfox,URL,https://basebaistat.my/tracker.js,"unknown, url",n/a
2026-07-17,threatfox,URL,https://milkcoolbalstat.help/dl/file/,"unknown, url",n/a
2026-07-17,threatfox,URL,https://milkcoolbalstat.help/ccheck,"unknown, url",n/a
2026-07-17,threatfox,URL,https://milkcoolbalstat.help/cload,"unknown, url",n/a
2026-07-17,threatfox,URL,https://milkcoolbalstat.help/tracker.js,"unknown, url",n/a
2026-07-17,threatfox,URL,https://merkureenv.net/dl/file/,"unknown, url",n/a
2026-07-17,threatfox,URL,https://merkureenv.net/ccheck,"unknown, url",n/a
2026-07-17,threatfox,URL,https://merkureenv.net/cload,"unknown, url",n/a
2026-07-17,threatfox,URL,https://merkureenv.net/tracker.js,"unknown, url",n/a
2026-07-17,threatfox,URL,https://maxstatesus.org/dl/file/,"unknown, url",n/a
2026-07-17,threatfox,URL,https://maxstatesus.org/ccheck,"unknown, url",n/a
2026-07-17,threatfox,URL,https://maxstatesus.org/cload,"unknown, url",n/a
2026-07-17,threatfox,URL,https://maxstatesus.org/tracker.js,"unknown, url",n/a
2026-07-17,threatfox,URL,https://massstat.co/dl/file/,"unknown, url",n/a
2026-07-17,threatfox,URL,https://massstat.co/ccheck,"unknown, url",n/a
2026-07-17,threatfox,URL,https://massstat.co/cload,"unknown, url",n/a
2026-07-17,threatfox,URL,https://massstat.co/tracker.js,"unknown, url",n/a
2026-07-17,threatfox,URL,https://mariposa-wedding.com/dl/file/,"unknown, url",n/a
2026-07-17,threatfox,URL,https://mariposa-wedding.com/ccheck,"unknown, url",n/a
2026-07-17,threatfox,URL,https://mariposa-wedding.com/cload,"unknown, url",n/a
2026-07-17,threatfox,URL,https://mariposa-wedding.com/tracker.js,"unknown, url",n/a
2026-07-17,threatfox,URL,https://massstat.biz/dl/file/,"unknown, url",n/a
2026-07-17,threatfox,URL,https://massstat.biz/ccheck,"unknown, url",n/a
2026-07-17,threatfox,URL,https://massstat.biz/cload,"unknown, url",n/a
2026-07-17,threatfox,URL,https://massstat.biz/tracker.js,"unknown, url",n/a
2026-07-17,threatfox,URL,https://malenko.net/dl/file/,"unknown, url",n/a
2026-07-17,threatfox,URL,https://malenko.net/ccheck,"unknown, url",n/a
2026-07-17,threatfox,URL,https://malenko.net/cload,"unknown, url",n/a
2026-07-17,threatfox,URL,https://malenko.net/tracker.js,"unknown, url",n/a
2026-07-17,threatfox,URL,https://kamyanetski.com/dl/file/,"unknown, url",n/a
2026-07-17,threatfox,URL,https://kamyanetski.com/ccheck,"unknown, url",n/a
2026-07-17,threatfox,URL,https://kamyanetski.com/cload,"unknown, url",n/a
2026-07-17,threatfox,URL,https://kamyanetski.com/tracker.js,"unknown, url",n/a
2026-07-17,threatfox,URL,https://jobworkny.com/dl/file/,"unknown, url",n/a
2026-07-17,threatfox,URL,https://jobworkny.com/ccheck,"unknown, url",n/a
2026-07-17,threatfox,URL,https://jobworkny.com/cload,"unknown, url",n/a
2026-07-17,threatfox,URL,https://jobworkny.com/tracker.js,"unknown, url",n/a
2026-07-17,threatfox,URL,https://intellerium.com/dl/file/,"unknown, url",n/a
2026-07-17,threatfox,URL,https://intellerium.com/ccheck,"unknown, url",n/a
2026-07-17,threatfox,URL,https://intellerium.com/cload,"unknown, url",n/a
2026-07-17,threatfox,URL,https://intellerium.com/tracker.js,"unknown, url",n/a
2026-07-17,threatfox,URL,https://infoworkerone.com/dl/file/,"unknown, url",n/a
2026-07-17,threatfox,URL,https://infoworkerone.com/ccheck,"unknown, url",n/a
2026-07-17,threatfox,URL,https://infoworkerone.com/cload,"unknown, url",n/a
2026-07-17,threatfox,URL,https://infoworkerone.com/tracker.js,"unknown, url",n/a
2026-07-17,threatfox,URL,https://implantcentr.com/dl/file/,"unknown, url",n/a
2026-07-17,threatfox,URL,https://implantcentr.com/ccheck,"unknown, url",n/a
2026-07-17,threatfox,URL,https://implantcentr.com/cload,"unknown, url",n/a
2026-07-17,threatfox,URL,https://implantcentr.com/tracker.js,"unknown, url",n/a
2026-07-17,threatfox,URL,https://ilovetobe.com/dl/file/,"unknown, url",n/a
2026-07-17,threatfox,URL,https://ilovetobe.com/ccheck,"unknown, url",n/a
2026-07-17,threatfox,URL,https://ilovetobe.com/cload,"unknown, url",n/a
2026-07-17,threatfox,URL,https://ilovetobe.com/tracker.js,"unknown, url",n/a
2026-07-17,threatfox,URL,https://humo-liber.com/dl/file/,"unknown, url",n/a
2026-07-17,threatfox,URL,https://humo-liber.com/ccheck,"unknown, url",n/a
2026-07-17,threatfox,URL,https://humo-liber.com/cload,"unknown, url",n/a
2026-07-17,threatfox,URL,https://humo-liber.com/tracker.js,"unknown, url",n/a
2026-07-17,threatfox,URL,https://hi-tech-news.com/dl/file/,"unknown, url",n/a
2026-07-17,threatfox,URL,https://hi-tech-news.com/ccheck,"unknown, url",n/a
2026-07-17,threatfox,URL,https://hi-tech-news.com/cload,"unknown, url",n/a
2026-07-17,threatfox,URL,https://hi-tech-news.com/tracker.js,"unknown, url",n/a
2026-07-17,threatfox,URL,https://harrenshipping.com/dl/file/,"unknown, url",n/a
2026-07-17,threatfox,URL,https://harrenshipping.com/ccheck,"unknown, url",n/a
2026-07-17,threatfox,URL,https://harrenshipping.com/cload,"unknown, url",n/a
2026-07-17,threatfox,URL,https://harrenshipping.com/tracker.js,"unknown, url",n/a
2026-07-17,threatfox,URL,https://grand-tandyr.com/dl/file/,"unknown, url",n/a
2026-07-17,threatfox,URL,https://grand-tandyr.com/ccheck,"unknown, url",n/a
2026-07-17,threatfox,URL,https://grand-tandyr.com/cload,"unknown, url",n/a
2026-07-17,threatfox,URL,https://grand-tandyr.com/tracker.js,"unknown, url",n/a
2026-07-17,threatfox,URL,https://globalfiats.click/dl/file/,"unknown, url",n/a
2026-07-17,threatfox,URL,https://globalfiats.click/ccheck,"unknown, url",n/a
2026-07-17,threatfox,URL,https://globalfiats.click/cload,"unknown, url",n/a
2026-07-17,threatfox,URL,https://globalfiats.click/tracker.js,"unknown, url",n/a
2026-07-17,threatfox,URL,https://esotericpro.com/dl/file/,"unknown, url",n/a
2026-07-17,threatfox,URL,https://esotericpro.com/ccheck,"unknown, url",n/a
2026-07-17,threatfox,URL,https://esotericpro.com/cload,"unknown, url",n/a
2026-07-17,threatfox,URL,https://esotericpro.com/tracker.js,"unknown, url",n/a
2026-07-17,threatfox,URL,https://destinkol.lol/dl/file/,"unknown, url",n/a
2026-07-17,threatfox,URL,https://destinkol.lol/ccheck,"unknown, url",n/a
2026-07-17,threatfox,URL,https://destinkol.lol/cload,"unknown, url",n/a
2026-07-17,threatfox,URL,https://destinkol.lol/tracker.js,"unknown, url",n/a
2026-07-17,threatfox,URL,https://cookischase.us/dl/file/,"unknown, url",n/a
2026-07-17,threatfox,URL,https://cookischase.us/ccheck,"unknown, url",n/a
2026-07-17,threatfox,URL,https://cookischase.us/cload,"unknown, url",n/a
2026-07-17,threatfox,URL,https://cookischase.us/tracker.js,"unknown, url",n/a
2026-07-17,threatfox,URL,https://cookcoolbaistat.lol/dl/file/,"unknown, url",n/a
2026-07-17,threatfox,URL,https://cookcoolbaistat.lol/ccheck,"unknown, url",n/a
2026-07-17,threatfox,URL,https://cookcoolbaistat.lol/cload,"unknown, url",n/a
2026-07-17,threatfox,URL,https://cookcoolbaistat.lol/tracker.js,"unknown, url",n/a
2026-07-17,threatfox,URL,https://sosstat.beer/dl/file/,"unknown, url",n/a
2026-07-17,threatfox,URL,https://sosstat.beer/ccheck,"unknown, url",n/a
2026-07-17,threatfox,URL,https://sosstat.beer/cload,"unknown, url",n/a
2026-07-17,threatfox,URL,https://sosstat.beer/tracker.js,"unknown, url",n/a
2026-07-17,threatfox,URL,https://masterklass.net/dl/file/,"unknown, url",n/a
2026-07-17,threatfox,URL,https://masterklass.net/ccheck,"unknown, url",n/a
2026-07-17,threatfox,URL,https://masterklass.net/cload,"unknown, url",n/a
2026-07-17,threatfox,URL,https://sorrystartstat1.net/dl/file/,"unknown, url",n/a
2026-07-17,threatfox,URL,https://sorrystartstat1.net/ccheck,"unknown, url",n/a
2026-07-17,threatfox,URL,https://sorrystartstat1.net/cload,"unknown, url",n/a
2026-07-17,threatfox,URL,https://snowwhitefox.com/dl/file/,"unknown, url",n/a
2026-07-17,threatfox,URL,https://snowwhitefox.com/ccheck,"unknown, url",n/a
2026-07-17,threatfox,URL,https://sei.ambiltogel.net/,"win.vidar, url",n/a
2026-07-17,threatfox,URL,https://snowwhitefox.com/cload,"unknown, url",n/a
2026-07-17,threatfox,URL,https://snowwhitefox.com/tracker.js,"unknown, url",n/a
2026-07-17,threatfox,URL,https://smarthouseapp.com/dl/file/,"unknown, url",n/a
2026-07-17,threatfox,URL,https://smarthouseapp.com/ccheck,"unknown, url",n/a
2026-07-17,threatfox,URL,https://smarthouseapp.com/cload,"unknown, url",n/a
2026-07-17,threatfox,URL,https://smarthouseapp.com/tracker.js,"unknown, url",n/a
2026-07-17,threatfox,URL,https://siteaimecool.org/dl/file/,"unknown, url",n/a
2026-07-17,threatfox,URL,https://siteaimecool.org/ccheck,"unknown, url",n/a
2026-07-17,threatfox,URL,https://siteaimecool.org/cload,"unknown, url",n/a
2026-07-17,threatfox,URL,https://siteaimecool.org/tracker.js,"unknown, url",n/a
2026-07-17,threatfox,URL,https://ryazan.net/dl/file/,"unknown, url",n/a
2026-07-17,threatfox,URL,https://ryazan.net/ccheck,"unknown, url",n/a
2026-07-17,threatfox,URL,https://ryazan.net/cload,"unknown, url",n/a
2026-07-17,threatfox,URL,https://ryazan.net/tracker.js,"unknown, url",n/a
2026-07-17,threatfox,URL,https://rhumbshop.com/dl/file/,"unknown, url",n/a
2026-07-17,threatfox,URL,https://rhumbshop.com/ccheck,"unknown, url",n/a
2026-07-17,threatfox,URL,https://rhumbshop.com/cload,"unknown, url",n/a
2026-07-17,threatfox,URL,https://rhumbshop.com/tracker.js,"unknown, url",n/a
2026-07-17,threatfox,URL,https://profidiam.com/dl/file/,"unknown, url",n/a
2026-07-17,threatfox,URL,https://profidiam.com/ccheck,"unknown, url",n/a
2026-07-17,threatfox,URL,https://profidiam.com/cload,"unknown, url",n/a
2026-07-17,threatfox,URL,https://profidiam.com/tracker.js,"unknown, url",n/a
2026-07-17,threatfox,URL,https://ostekstatmen.net/dl/file/,"unknown, url",n/a
2026-07-17,threatfox,URL,https://ostekstatmen.net/ccheck,"unknown, url",n/a
2026-07-17,threatfox,URL,https://ostekstatmen.net/cload,"unknown, url",n/a
2026-07-17,threatfox,URL,https://ostekstatmen.net/tracker.js,"unknown, url",n/a
2026-07-17,threatfox,URL,https://optimum-online.net/dl/file/,"unknown, url",n/a
2026-07-17,threatfox,URL,https://optimum-online.net/ccheck,"unknown, url",n/a
2026-07-17,threatfox,URL,https://optimum-online.net/cload,"unknown, url",n/a
2026-07-17,threatfox,URL,https://optimum-online.net/tracker.js,"unknown, url",n/a
2026-07-17,threatfox,URL,https://ololo-ufo.net/dl/file/,"unknown, url",n/a
2026-07-17,threatfox,URL,https://ololo-ufo.net/ccheck,"unknown, url",n/a
2026-07-17,threatfox,URL,https://ololo-ufo.net/cload,"unknown, url",n/a
2026-07-17,threatfox,URL,https://ololo-ufo.net/tracker.js,"unknown, url",n/a
2026-07-17,threatfox,URL,https://okliimnwq.co/dl/file/,"unknown, url",n/a
2026-07-17,threatfox,URL,https://okliimnwq.co/ccheck,"unknown, url",n/a
2026-07-17,threatfox,URL,https://okliimnwq.co/cload,"unknown, url",n/a
2026-07-17,threatfox,URL,https://okliimnwq.co/tracker.js,"unknown, url",n/a
2026-07-17,threatfox,URL,https://oac-live.com/dl/file/,"unknown, url",n/a
2026-07-17,threatfox,URL,https://oac-live.com/ccheck,"unknown, url",n/a
2026-07-17,threatfox,URL,https://oac-live.com/cload,"unknown, url",n/a
2026-07-17,threatfox,URL,https://oac-live.com/tracker.js,"unknown, url",n/a
2026-07-17,threatfox,URL,https://morsenstat.beer/dl/file/,"unknown, url",n/a
2026-07-17,threatfox,URL,https://morsenstat.beer/ccheck,"unknown, url",n/a
2026-07-17,threatfox,URL,https://morsenstat.beer/cload,"unknown, url",n/a
2026-07-17,threatfox,URL,https://morsenstat.beer/tracker.js,"unknown, url",n/a
2026-07-17,threatfox,URL,https://morganstat.sbs/dl/file/,"unknown, url",n/a
2026-07-17,threatfox,URL,https://morganstat.sbs/ccheck,"unknown, url",n/a
2026-07-17,threatfox,URL,https://morganstat.sbs/cload,"unknown, url",n/a
2026-07-17,threatfox,URL,https://morganstat.sbs/tracker.js,"unknown, url",n/a
2026-07-17,threatfox,URL,https://moonstatemecool.biz/dl/file/,"unknown, url",n/a
2026-07-17,threatfox,URL,https://moonstatemecool.biz/ccheck,"unknown, url",n/a
2026-07-17,threatfox,URL,https://moonstatemecool.biz/cload,"unknown, url",n/a
2026-07-17,threatfox,URL,https://moonstatemecool.biz/tracker.js,"unknown, url",n/a
2026-07-17,threatfox,URL,https://moonglobaliteemecool.mom/dl/file/,"unknown, url",n/a
2026-07-17,threatfox,URL,https://moonglobaliteemecool.mom/ccheck,"unknown, url",n/a
2026-07-17,threatfox,URL,https://moonglobaliteemecool.mom/cload,"unknown, url",n/a
2026-07-17,threatfox,URL,https://moonglobaliteemecool.mom/tracker.js,"unknown, url",n/a
2026-07-17,threatfox,URL,https://monsterimac.lat/dl/file/,"unknown, url",n/a
2026-07-17,threatfox,URL,https://monsterimac.lat/ccheck,"unknown, url",n/a
2026-07-17,threatfox,URL,https://monsterimac.lat/cload,"unknown, url",n/a
2026-07-17,threatfox,URL,https://monsterimac.lat/tracker.js,"unknown, url",n/a
2026-07-17,threatfox,URL,https://molterstat.xyz/dl/file/,"unknown, url",n/a
2026-07-17,threatfox,URL,https://molterstat.xyz/ccheck,"unknown, url",n/a
2026-07-17,threatfox,URL,https://molterstat.xyz/cload,"unknown, url",n/a
2026-07-17,threatfox,URL,https://molterstat.xyz/tracker.js,"unknown, url",n/a
2026-07-17,threatfox,URL,https://mogilevskaya.com/dl/file/,"unknown, url",n/a
2026-07-17,threatfox,URL,https://mogilevskaya.com/ccheck,"unknown, url",n/a
2026-07-17,threatfox,URL,https://mogilevskaya.com/cload,"unknown, url",n/a
2026-07-17,threatfox,URL,https://mogilevskaya.com/tracker.js,"unknown, url",n/a
2026-07-17,threatfox,URL,https://milkglobalstat.click/dl/file/,"unknown, url",n/a
2026-07-17,threatfox,URL,https://milkglobalstat.click/ccheck,"unknown, url",n/a
2026-07-17,threatfox,URL,https://milkglobalstat.click/cload,"unknown, url",n/a
2026-07-17,threatfox,URL,https://milkglobalstat.click/tracker.js,"unknown, url",n/a
2026-07-18,threatfox,URL,https://crf.masterklass.net,"unknown, url",n/a
2026-07-18,threatfox,URL,https://xverikstat.us/dl/file/,"unknown, url",n/a
2026-07-18,threatfox,URL,https://xverikstat.us/ccheck,"unknown, url",n/a
2026-07-18,threatfox,URL,https://xverikstat.us/cload,"unknown, url",n/a
2026-07-18,threatfox,URL,https://xverikstat.us/tracker.js,"unknown, url",n/a
2026-07-18,threatfox,URL,https://usalaborforhire.net/dl/file/,"unknown, url",n/a
2026-07-18,threatfox,URL,https://usalaborforhire.net/ccheck,"unknown, url",n/a
2026-07-18,threatfox,URL,https://usalaborforhire.net/cload,"unknown, url",n/a
2026-07-18,threatfox,URL,https://usalaborforhire.net/tracker.js,"unknown, url",n/a
2026-07-18,threatfox,URL,https://stroinnetsata.biz/dl/file/,"unknown, url",n/a
2026-07-18,threatfox,URL,https://stroinnetsata.biz/ccheck,"unknown, url",n/a
2026-07-18,threatfox,URL,https://stroinnetsata.biz/cload,"unknown, url",n/a
2026-07-18,threatfox,URL,https://stroinnetsata.biz/tracker.js,"unknown, url",n/a
2026-07-18,threatfox,URL,https://stek-moldova.com/dl/file/,"unknown, url",n/a
2026-07-18,threatfox,URL,https://stek-moldova.com/ccheck,"unknown, url",n/a
2026-07-18,threatfox,URL,https://stek-moldova.com/cload,"unknown, url",n/a
2026-07-18,threatfox,URL,https://stek-moldova.com/tracker.js,"unknown, url",n/a
2026-07-18,threatfox,URL,https://pressurewashingsacramento.net/,"win.vidar, url",n/a
2026-07-18,threatfox,URL,https://targe.in/,"win.vidar, url",n/a
2026-07-18,threatfox,URL,https://oosterhout.click/api/v1/session,"js.kongtuke, url",n/a
2026-07-18,threatfox,URL,https://oosterhout.click/api/v1/verify,"js.kongtuke, url",n/a
2026-07-18,threatfox,URL,https://oosterhout.click/api/v1/status,"js.kongtuke, url",n/a
2026-07-18,threatfox,URL,https://2hbau.com/,"unknown, url",n/a
2026-07-18,threatfox,URL,https://store.julias.makeup/img_094957.png,"win.dcrat, url",n/a
2026-07-18,threatfox,URL,https://www.pressurewashingsacramento.net/,"unknown, url",n/a
2026-07-18,threatfox,URL,https://jenniferhagen.ch/,"unknown, url",n/a
2026-07-18,threatfox,URL,http://91.92.42.213/phantom.sh,"unknown, url",n/a
2026-07-18,threatfox,URL,https://babelo.pro/,"unknown, url",n/a
2026-07-18,"threatfox,tweetfeed",URL,https://windows-update-local.rest,"win.stealc, url",n/a
2026-07-19,threatfox,URL,http://keutbdump3.temp.swtest.ru/pipePhpjsPacketLongpoll.php,"win.dcrat, url",n/a
2026-07-19,threatfox,URL,https://kayhector.com/,"win.vidar, url",n/a
2026-07-19,threatfox,URL,http://185.132.133.140,"unknown, url",n/a
2026-07-19,threatfox,URL,https://alababababa.cloud/cVGvQio6.txt,"unknown, url",n/a
2026-07-19,threatfox,URL,https://productionai.shop/recaptcha-verify,"unknown, url",n/a
2026-07-19,threatfox,URL,http://95.164.53.115:5506/do.vbs,"unknown, url",n/a
2026-07-19,threatfox,URL,http://95.164.53.214:5554/d.bat,"unknown, url",n/a
2026-07-19,threatfox,URL,https://natural-health-news.com/Verify.msi?I,"unknown, url",n/a
2026-07-19,threatfox,URL,http://93.152.224.29/VMvDWLT7AqpC45hhHf,"unknown, url",n/a
2026-07-19,threatfox,URL,https://gerenland.click/flask/whales.msi,"unknown, url",n/a
2026-07-19,threatfox,URL,http://178.17.59.195:5506/ll.vbs,"unknown, url",n/a
2026-07-19,threatfox,URL,https://gerenland.click/api/stale.msi,"unknown, url",n/a
2026-07-19,threatfox,URL,http://103.83.87.122/telnet.sh,"elf.mirai, url",n/a
2026-07-19,threatfox,URL,http://103.83.87.122/iran.x86_64,"elf.mirai, url",n/a
2026-07-19,threatfox,URL,http://103.83.87.122/iran.aarch64,"elf.mirai, url",n/a
2026-07-19,threatfox,URL,http://103.83.87.122/iran.m68k,"elf.mirai, url",n/a
2026-07-19,threatfox,URL,http://103.83.87.122/iran.mips,"elf.mirai, url",n/a
2026-07-19,threatfox,URL,http://103.83.87.122/iran.mipsel,"elf.mirai, url",n/a
2026-07-19,threatfox,URL,http://103.83.87.122/iran.powerpc,"elf.mirai, url",n/a
2026-07-19,threatfox,URL,http://103.83.87.122/iran.sparc,"elf.mirai, url",n/a
2026-07-19,threatfox,URL,http://103.83.87.122/iran.sh4,"elf.mirai, url",n/a
2026-07-19,threatfox,URL,http://103.83.87.122/iran.arc,"elf.mirai, url",n/a
2026-07-19,threatfox,URL,http://103.83.87.122/iran.i486,"elf.mirai, url",n/a
2026-07-19,threatfox,URL,http://103.83.87.122/iran.armv4l,"elf.mirai, url",n/a
2026-07-19,threatfox,URL,http://103.83.87.122/iran.armv5l,"elf.mirai, url",n/a
2026-07-19,threatfox,URL,http://103.83.87.122/iran.armv6l,"elf.mirai, url",n/a
2026-07-19,threatfox,URL,http://103.83.87.122/iran.armv7l,"elf.mirai, url",n/a
2026-07-19,threatfox,URL,https://flavaradioandtv.com/,"unknown, url",n/a
2026-07-19,threatfox,URL,https://ws.upgifter.pro/c,"unknown, url",n/a
2026-07-19,threatfox,URL,https://penguinpublishers.org/files/audio/meowingcybercat.mp3,"unknown, url",n/a
2026-07-19,threatfox,URL,https://pizzabyte.com.au/smartdetection/deviceverification/CF/path/captcha,"unknown, url",n/a
2026-07-19,threatfox,URL,https://configservermu.net/cloudflare/challenge/iamhumanverification/ID537272815/,"unknown, url",n/a
2026-07-19,threatfox,URL,https://seo-conference.by/wp-themes/Cloudflare/Verification/UserID6389452515832/,"unknown, url",n/a
2026-07-19,threatfox,URL,https://afsd.net/,"win.vidar, url",n/a
2026-07-19,threatfox,URL,https://markol.pro/,"unknown, url",n/a
2026-07-19,threatfox,URL,https://rgb.arizonafamilylawfirm.com/,"win.vidar, url",n/a
2026-07-19,threatfox,URL,https://fsc.arizonafamilylawfirm.com/,"win.vidar, url",n/a
2026-07-19,threatfox,URL,https://htk.arizonafamilylawfirm.com/,"win.vidar, url",n/a
2026-07-19,threatfox,URL,https://qrt.arizonafamilylawfirm.com/,"win.vidar, url",n/a
2026-07-19,threatfox,URL,https://amazon-ny-gifts.com/shellsajshdasd/ftpaksjdkasdjkxnckzxn/ywOVkkem.txt,"unknown, url",n/a
2026-07-19,threatfox,URL,http://193.148.56.98/WQUKDbdzO8yY5asDU6,"unknown, url",n/a
2026-07-19,threatfox,URL,https://recaptcha.boit.cloud/recaptcha-verify,"unknown, url",n/a
2026-07-19,threatfox,URL,https://qar.arizonafamilylawfirm.com/,"win.vidar, url",n/a
2026-07-19,threatfox,URL,https://laplateforme93-rh.fr/,"win.vidar, url",n/a
2026-07-19,threatfox,URL,https://thebusinesswebclub.com/,"win.vidar, url",n/a
2026-07-19,threatfox,URL,https://195.201.63.48/,"win.vidar, url",n/a
2026-07-19,threatfox,URL,https://frolen.life/def.ps1,"unknown, url",n/a
2026-07-19,threatfox,URL,https://telegram.me/f4g7ha,"win.vidar, url",n/a
2026-07-19,threatfox,URL,http://telco.snovabits.com/,"js.iclickfix, url",n/a
2026-07-19,threatfox,URL,https://stac.com.vn/,"unknown, url",n/a
2026-07-20,threatfox,URL,http://192.162.199.186/aB7xTy2N/mAjOR.php,"win.amadey, url",n/a
2026-07-20,threatfox,URL,http://196.251.107.186/qK3mRv9L/pLdWr.php,"win.amadey, url",n/a
2026-07-20,threatfox,URL,https://rolems.com/,"unknown, url",n/a
2026-07-20,threatfox,URL,https://www.nr-7releases.com/,"unknown, url",n/a
2026-07-20,threatfox,URL,https://rumahlift.com/,"unknown, url",n/a
2026-07-20,threatfox,URL,https://moroneyaccountants.ie/,"unknown, url",n/a
2026-07-20,threatfox,URL,https://yourhomeguide.co.uk/,"unknown, url",n/a
2026-07-20,threatfox,URL,https://mazradioaurora.com/,"unknown, url",n/a
2026-07-20,threatfox,URL,https://lucianasalomao.com.br/,"unknown, url",n/a
2026-07-20,threatfox,URL,https://guiasantosdumont.com.br/,"unknown, url",n/a
2026-07-20,threatfox,URL,https://instantfixservices.com/,"unknown, url",n/a
2026-07-20,threatfox,URL,https://mobilitate.primariapetrosani.ro/,"unknown, url",n/a
2026-07-20,threatfox,URL,https://toufafashion.com/,"unknown, url",n/a
2026-07-20,threatfox,URL,https://www.casadesignsrl.it/,"unknown, url",n/a
2026-07-20,threatfox,URL,https://dailyinterior.co.uk/,"unknown, url",n/a
2026-07-20,threatfox,URL,https://euregio-camper.de/,"unknown, url",n/a
2026-07-20,threatfox,URL,https://daoyiyuan.cn/,"unknown, url",n/a
2026-07-20,threatfox,URL,https://178.105.212.106/,"win.vidar, url",n/a
2026-07-20,threatfox,URL,https://37.27.235.227/,"win.vidar, url",n/a
2026-07-20,threatfox,URL,https://65.108.197.198/,"win.vidar, url",n/a
2026-07-20,threatfox,URL,https://188.40.215.132/,"win.vidar, url",n/a
2026-07-20,threatfox,URL,https://62.60.156.152/,"win.vidar, url",n/a
2026-07-20,threatfox,URL,https://62.60.156.105/,"win.vidar, url",n/a
2026-07-20,threatfox,URL,https://167.233.225.221/,"win.vidar, url",n/a
2026-07-20,threatfox,URL,https://62.60.156.9/,"win.vidar, url",n/a
2026-07-20,threatfox,URL,https://144.76.97.182/,"win.vidar, url",n/a
2026-07-20,threatfox,URL,https://62.60.148.253/,"win.vidar, url",n/a
2026-07-20,threatfox,URL,https://37.27.227.56/,"win.vidar, url",n/a
2026-07-20,threatfox,URL,https://167.233.223.34/,"win.vidar, url",n/a
2026-07-20,threatfox,URL,https://178.105.203.113/,"win.vidar, url",n/a
2026-07-20,threatfox,URL,https://62.60.156.150/,"win.vidar, url",n/a
2026-07-20,threatfox,URL,https://195.201.33.212/,"win.vidar, url",n/a
2026-07-20,threatfox,URL,https://168.119.108.231/,"win.vidar, url",n/a
2026-07-20,threatfox,URL,https://46.4.77.212/,"win.vidar, url",n/a
2026-07-20,threatfox,URL,https://h1r.brslot.net/,"win.vidar, url",n/a
2026-07-20,threatfox,URL,https://sei.brslot.net/,"win.vidar, url",n/a
2026-07-20,threatfox,URL,https://okx.brslot.net/,"win.vidar, url",n/a
2026-07-20,threatfox,URL,https://46.224.109.175/,"win.vidar, url",n/a
2026-07-20,threatfox,URL,https://okx.loloxsm188.top/,"win.vidar, url",n/a
2026-07-20,threatfox,URL,https://ylp.brslot.net/,"win.vidar, url",n/a
2026-07-20,threatfox,URL,https://mgg.brslot.net/,"win.vidar, url",n/a
2026-07-20,threatfox,URL,https://wvg.brslot.net/,"win.vidar, url",n/a
2026-07-20,threatfox,URL,https://fwb.brslot.net/,"win.vidar, url",n/a
2026-07-20,threatfox,URL,https://mgg.loloxsm188.top/,"win.vidar, url",n/a
2026-07-20,threatfox,URL,https://wvg.loloxsm188.top/,"win.vidar, url",n/a
2026-07-20,threatfox,URL,https://fwb.loloxsm188.top/,"win.vidar, url",n/a
2026-07-20,threatfox,URL,https://h1r.loloxsm188.top/,"win.vidar, url",n/a
2026-07-20,threatfox,URL,https://sei.loloxsm188.top/,"win.vidar, url",n/a
2026-07-20,threatfox,URL,https://t.me/np33yk,"win.vidar, url",n/a
2026-07-20,threatfox,URL,https://steamcommunity.com/profiles/76561198671804195,"win.vidar, url",n/a
2026-07-20,threatfox,URL,https://ylp.loloxsm188.top/,"win.vidar, url",n/a
2026-07-20,threatfox,URL,https://kmd.brslot.net/,"win.vidar, url",n/a
2026-07-20,threatfox,URL,https://kmd.loloxsm188.top/,"win.vidar, url",n/a
2026-07-20,threatfox,URL,https://hastehair.com/,"win.vidar, url",n/a
2026-07-20,threatfox,URL,https://graduadosocialcordoba.com/,"win.vidar, url",n/a
2026-07-20,threatfox,URL,https://pressao.sinprodf.org.br/,"win.vidar, url",n/a
2026-07-20,threatfox,URL,https://academyda.co/,"win.vidar, url",n/a
2026-07-20,threatfox,URL,https://carmag.nl/,"win.vidar, url",n/a
2026-07-20,threatfox,URL,https://viv.brslot.net/,"win.vidar, url",n/a
2026-07-20,threatfox,URL,https://viv.loloxsm188.top/,"win.vidar, url",n/a
2026-07-20,threatfox,URL,https://solaric.com.ph/,"unknown, url",n/a
2026-07-20,threatfox,URL,https://bechisalbinoantenne.it/,"win.vidar, url",n/a
2026-07-20,threatfox,URL,https://adminbyrequest.agilemtech.ae/,"win.vidar, url",n/a
2026-07-20,threatfox,URL,https://nenodescolado.com.br/,"win.vidar, url",n/a
2026-07-20,threatfox,URL,https://dif.loloxsm188.top/,"win.vidar, url",n/a
2026-07-20,threatfox,URL,https://aurorapavilion.top/acl/trace-serializer,"js.smartapesg, url",n/a
2026-07-20,threatfox,URL,https://aurorapavilion.top/acl/principal-core.js,"js.smartapesg, url",n/a
2026-07-20,threatfox,URL,https://blocuriizolatetermic.primariapetrosani.ro/,"unknown, url",n/a
2026-07-20,threatfox,URL,https://meduurst.space/api/v1/session,"js.kongtuke, url",n/a
2026-07-20,threatfox,URL,https://meduurst.space/api/v1/verify,"js.kongtuke, url",n/a
2026-07-20,threatfox,URL,https://dif.brslot.net/,"win.vidar, url",n/a
2026-07-20,threatfox,URL,https://meduurst.space/api/v1/status,"js.kongtuke, url",n/a
2026-07-20,threatfox,URL,https://nodemetrics9095.com/update/package,"js.kongtuke, url",n/a
2026-07-20,threatfox,URL,https://aurorapavilion.top/acl/principal-payload.js,"js.smartapesg, url",n/a
2026-07-20,threatfox,URL,http://giftorcharden.comxa.com/Panel/gate.php,"win.pony, url",n/a
2026-07-20,threatfox,URL,https://foh.aww88.net/,"win.vidar, url",n/a
2026-07-20,threatfox,URL,https://foh.luckyturbo88.top/,"win.vidar, url",n/a
2026-07-21,threatfox,URL,https://31.76.252.47/v1/telemetry/config,"unknown, url",n/a
2026-07-21,threatfox,URL,https://www.studiotecnicoareanova.it/,"unknown, url",n/a
2026-07-21,threatfox,URL,http://162.33.178.68/msedge.txt,"unknown, url",n/a
2026-07-21,threatfox,URL,https://www.fluorite.eu/,"unknown, url",n/a
2026-07-21,threatfox,URL,http://193.149.187.77/,"unknown, url",n/a
2026-07-21,threatfox,URL,https://theprosperinghouse.com/,"unknown, url",n/a
2026-07-21,threatfox,URL,https://theholecompany.net/,"unknown, url",n/a
2026-07-21,threatfox,URL,https://ets.aww88.net/,"win.vidar, url",n/a
2026-07-21,threatfox,URL,http://196.251.107.186/api.php,"unknown, url",n/a
2026-07-21,threatfox,URL,https://ets.luckyturbo88.top/,"win.vidar, url",n/a
2026-07-21,threatfox,URL,https://markdl.pro/,"unknown, url",n/a
2026-07-21,threatfox,URL,https://cldaa.org/,"win.vidar, url",n/a
2026-07-21,threatfox,URL,https://datarecoverycenterbd.com/,"win.vidar, url",n/a
2026-07-21,threatfox,URL,https://pub-7ac99e69d5af40ffa345a3f731c1b833.r2.dev/tz.js,"unknown, url",n/a
2026-07-21,threatfox,URL,http://fimmora.surf:6504,"win.remus, url",n/a
2026-07-21,threatfox,URL,https://omnia360.de/reCAPTCHA.hta,"js.clearfake, url",n/a
2026-07-21,threatfox,URL,https://www.diction.ch/wp-content/uploads/2026/07/ScreenConnect.ClientSetup.msi,"js.clearfake, url",n/a
2026-07-21,threatfox,URL,https://hur.luckyturbo88.top/,"win.vidar, url",n/a
2026-07-21,threatfox,URL,https://hur.aww88.net/,"win.vidar, url",n/a
2026-07-21,threatfox,URL,http://185.132.133.127,"unknown, url",n/a
2026-07-21,threatfox,URL,https://goc.majusm188.top/,"win.vidar, url",n/a
2026-07-21,threatfox,URL,https://ahtimes.com/,"unknown, url",n/a
2026-07-21,threatfox,URL,https://mark-hatch.co.uk/,"unknown, url",n/a
2026-07-21,threatfox,URL,https://octopoda.gmbh/,"unknown, url",n/a
2026-07-21,threatfox,URL,https://alkahan.com/,"unknown, url",n/a
2026-07-21,threatfox,URL,https://planet-grid.com/,"unknown, url",n/a
2026-07-21,threatfox,URL,https://goc.77zeus.com/,"win.vidar, url",n/a
2026-07-21,threatfox,URL,https://goc.aww88.net/,"win.vidar, url",n/a
2026-07-21,threatfox,URL,https://goc.luckyturbo88.top/,"win.vidar, url",n/a
2026-07-21,threatfox,URL,http://aidrmvo.cn/getinstall64,"win.valley_rat, url",n/a
2026-07-21,threatfox,URL,http://cy614451.tw1.ru/L1nc0In.php,"win.dcrat, url",n/a
2026-07-22,threatfox,URL,https://stt.majusm188.top/,"win.vidar, url",n/a
2026-07-22,threatfox,URL,https://stt.77zeus.com/,"win.vidar, url",n/a
2026-07-22,threatfox,URL,https://45.83.180.74,"win.vidar, url",n/a
2026-07-22,threatfox,URL,https://zaciszewbobrzy.pl/,"unknown, url",n/a
2026-07-22,threatfox,URL,https://nebulaloom.top/oauth/reset-dom.js,"js.smartapesg, url",n/a
2026-07-22,threatfox,URL,https://nebulaloom.top/oauth/auth-server,"js.smartapesg, url",n/a
2026-07-22,threatfox,URL,https://nebulaloom.top/oauth/gateway-html.js,"js.smartapesg, url",n/a
2026-07-22,threatfox,URL,https://khaasbaatindia.com/,"unknown, url",n/a
2026-07-22,threatfox,URL,http://93.152.223.30:5000/api/stealer/report,"unknown_stealer, url",n/a
2026-07-22,threatfox,URL,https://sorrelalmanac.top/alias/legacy-dom,"js.smartapesg, url",n/a
2026-07-22,threatfox,URL,https://sorrelalmanac.top/alias/acl-component.js,"js.smartapesg, url",n/a
2026-07-22,threatfox,URL,http://vriclactrina.cz/index.php,"win.smokeloader, url",n/a
2026-07-15,threatfox,DOMAIN,0rlxki7g.bordbett10.com,"js.clearfake, domain",n/a
2026-07-15,threatfox,DOMAIN,bordbett10.com,"js.clearfake, domain",n/a
2026-07-15,threatfox,DOMAIN,vjs8k4dd.betyek.bio,"js.clearfake, domain",n/a
2026-07-15,threatfox,DOMAIN,betyek.bio,"js.clearfake, domain",n/a
2026-07-15,threatfox,DOMAIN,caramdistribuciones.com.ar,"win.latrodectus, domain",n/a
2026-07-15,threatfox,DOMAIN,cmla.blog,"win.latrodectus, domain",n/a
2026-07-15,threatfox,DOMAIN,cursohenfil.com.br,"win.latrodectus, domain",n/a
2026-07-15,threatfox,DOMAIN,cydesys.com,"win.latrodectus, domain",n/a
2026-07-15,threatfox,DOMAIN,dokonalebydleni.cz,"win.latrodectus, domain",n/a
2026-07-15,threatfox,DOMAIN,atlantadumpsterrentalhq.com,"win.latrodectus, domain",n/a
2026-07-15,threatfox,DOMAIN,baumas.no,"win.latrodectus, domain",n/a
2026-07-15,threatfox,DOMAIN,bringlearngrow.com,"win.latrodectus, domain",n/a
2026-07-15,threatfox,DOMAIN,artsunfold.com,"win.latrodectus, domain",n/a
2026-07-15,threatfox,DOMAIN,brmzm.jadoou.space,"js.clearfake, domain",n/a
2026-07-15,threatfox,DOMAIN,cgzt.behtarin-site-shartbandi-football.com,"js.clearfake, domain",n/a
2026-07-15,threatfox,DOMAIN,krdqfpte.bingobet.bingo,"js.clearfake, domain",n/a
2026-07-15,threatfox,DOMAIN,granitehearth.top,"js.smartapesg, domain",n/a
2026-07-15,threatfox,DOMAIN,alianzaamericanaseguros.com,"win.latrodectus, domain",n/a
2026-07-15,threatfox,DOMAIN,nkqj.behtarin-site-shartbandi-football.com,"js.clearfake, domain",n/a
2026-07-15,threatfox,DOMAIN,zxpimegb.bingobet.bingo,"js.clearfake, domain",n/a
2026-07-15,threatfox,DOMAIN,xnshgwgf.bingobet.bingo,"js.clearfake, domain",n/a
2026-07-15,threatfox,DOMAIN,distansae.com,"win.asyncrat, domain",n/a
2026-07-15,threatfox,DOMAIN,nxyhlvha.fileboroo.com,"js.clearfake, domain",n/a
2026-07-15,threatfox,DOMAIN,pcipjcar.fileboroo.com,"js.clearfake, domain",n/a
2026-07-15,threatfox,DOMAIN,i6s46ndy.site-takhtenard-sharti-betland.com,"js.clearfake, domain",n/a
2026-07-15,threatfox,DOMAIN,mgnj.behtarin-site-shartbandi-football.com,"js.clearfake, domain",n/a
2026-07-15,threatfox,DOMAIN,litwpjrq.casinomhub.bet,"js.clearfake, domain",n/a
2026-07-15,threatfox,DOMAIN,j1xayyip.bordbett10.com,"js.clearfake, domain",n/a
2026-07-15,threatfox,DOMAIN,frqbuzgo.bingobet.bingo,"js.clearfake, domain",n/a
2026-07-15,threatfox,DOMAIN,mpygi.jadoou.space,"js.clearfake, domain",n/a
2026-07-15,threatfox,DOMAIN,ycrarqcd.bingobet.bingo,"js.clearfake, domain",n/a
2026-07-15,threatfox,DOMAIN,078zq932.betyek.bio,"js.clearfake, domain",n/a
2026-07-15,threatfox,DOMAIN,portablessd.site,"js.magecart, domain",n/a
2026-07-15,threatfox,DOMAIN,ruruurururururu.ru,"win.santa_stealer, domain",n/a
2026-07-15,threatfox,DOMAIN,zbxcdsga.site-shartbandi-farsi.com,"js.clearfake, domain",n/a
2026-07-15,threatfox,DOMAIN,krswsgcg.jadoobet.pro,"js.clearfake, domain",n/a
2026-07-15,threatfox,DOMAIN,ncfgesrw.derbi.football,"js.clearfake, domain",n/a
2026-07-15,threatfox,DOMAIN,jtdi6w23.biabet90.com,"js.clearfake, domain",n/a
2026-07-15,threatfox,DOMAIN,yhiqsntq.fileboroo.com,"js.clearfake, domain",n/a
2026-07-15,threatfox,DOMAIN,dbeasxyp.derbi.football,"js.clearfake, domain",n/a
2026-07-15,threatfox,DOMAIN,hzbu0kgt.betyekios.app,"js.clearfake, domain",n/a
2026-07-15,threatfox,DOMAIN,hkdcvzivw.site-shartbandi-khareji.com,"js.clearfake, domain",n/a
2026-07-15,threatfox,DOMAIN,lzlptqkwc.site-shartbandi-farsi.com,"js.clearfake, domain",n/a
2026-07-15,threatfox,DOMAIN,xtocpnhiv.jadoou.space,"js.clearfake, domain",n/a
2026-07-15,threatfox,DOMAIN,pyjaihoat.derbi.football,"js.clearfake, domain",n/a
2026-07-15,threatfox,DOMAIN,cryztbbzl.site-shartbandi-farsi.com,"js.clearfake, domain",n/a
2026-07-15,threatfox,DOMAIN,uk1nymxr.varzeshlife.ir,"js.clearfake, domain",n/a
2026-07-15,threatfox,DOMAIN,kdfjhkykz.site-shartbandi-farsi.com,"js.clearfake, domain",n/a
2026-07-15,threatfox,DOMAIN,qmrmfxcme.jadoou.space,"js.clearfake, domain",n/a
2026-07-15,threatfox,DOMAIN,hgbyapzpe.derbi.football,"js.clearfake, domain",n/a
2026-07-15,threatfox,DOMAIN,tvknglirv.jadoou.space,"js.clearfake, domain",n/a
2026-07-15,threatfox,DOMAIN,xomsymkut.derbi.football,"js.clearfake, domain",n/a
2026-07-15,threatfox,DOMAIN,umkjldsnc.site-shartbandi-farsi.com,"js.clearfake, domain",n/a
2026-07-15,threatfox,DOMAIN,kxxpvutsn.derbi.promo,"js.clearfake, domain",n/a
2026-07-15,threatfox,DOMAIN,fij.ambiltogel.net,"win.vidar, domain",n/a
2026-07-15,threatfox,DOMAIN,fij.kijangturbo88.top,"win.vidar, domain",n/a
2026-07-15,threatfox,DOMAIN,maialimentosreales.com,"win.latrodectus, domain",n/a
2026-07-15,threatfox,DOMAIN,ngb.ro,"win.latrodectus, domain",n/a
2026-07-15,threatfox,DOMAIN,nwachambersfamily.com,"win.latrodectus, domain",n/a
2026-07-15,threatfox,DOMAIN,pcl.hamburg,"win.latrodectus, domain",n/a
2026-07-15,threatfox,DOMAIN,petx.vet,"win.latrodectus, domain",n/a
2026-07-15,threatfox,DOMAIN,plumbinggurus.com,"win.latrodectus, domain",n/a
2026-07-15,threatfox,DOMAIN,quaideazamcollege.com,"win.latrodectus, domain",n/a
2026-07-15,threatfox,DOMAIN,racingoperations.com.au,"win.latrodectus, domain",n/a
2026-07-15,threatfox,DOMAIN,racquetclubofgastonia.com,"win.latrodectus, domain",n/a
2026-07-15,threatfox,DOMAIN,sarahcole.com.au,"win.latrodectus, domain",n/a
2026-07-15,threatfox,DOMAIN,sealaunchservices.com,"win.latrodectus, domain",n/a
2026-07-15,threatfox,DOMAIN,softsystems.pro,"win.latrodectus, domain",n/a
2026-07-15,threatfox,DOMAIN,studio-minx.com,"win.latrodectus, domain",n/a
2026-07-15,threatfox,DOMAIN,surf7seas.com,"win.latrodectus, domain",n/a
2026-07-15,threatfox,DOMAIN,tanahabangmini.net,"win.latrodectus, domain",n/a
2026-07-15,threatfox,DOMAIN,thebookoninvesting.com,"win.latrodectus, domain",n/a
2026-07-15,threatfox,DOMAIN,tscd.vn,"win.latrodectus, domain",n/a
2026-07-15,threatfox,DOMAIN,vin2.ro,"win.latrodectus, domain",n/a
2026-07-15,threatfox,DOMAIN,waltonsoftware.com,"win.latrodectus, domain",n/a
2026-07-15,threatfox,DOMAIN,zeribsglobal.com,"win.latrodectus, domain",n/a
2026-07-15,threatfox,DOMAIN,focusspo.com,"win.latrodectus, domain",n/a
2026-07-15,threatfox,DOMAIN,marebnb.com,"win.latrodectus, domain",n/a
2026-07-15,threatfox,DOMAIN,pyebrook.com,"win.latrodectus, domain",n/a
2026-07-15,threatfox,DOMAIN,samarkegypt.com,"win.latrodectus, domain",n/a
2026-07-15,threatfox,DOMAIN,timbresdepaques.easterseals.ca,"unknown, domain",n/a
2026-07-15,threatfox,DOMAIN,ww.ibyservice.com,"unknown, domain",n/a
2026-07-15,threatfox,DOMAIN,jp-bottegaveneta.com,"unknown, domain",n/a
2026-07-15,threatfox,DOMAIN,dwmroofing.co.uk,"unknown, domain",n/a
2026-07-15,threatfox,DOMAIN,kcosmetics.kr,"unknown, domain",n/a
2026-07-15,threatfox,DOMAIN,cmb.surgery,"unknown, domain",n/a
2026-07-15,threatfox,DOMAIN,coalitionforpeopleofafricandescent.org,"unknown, domain",n/a
2026-07-15,threatfox,DOMAIN,ewbn.org,"unknown, domain",n/a
2026-07-15,threatfox,DOMAIN,alumnofprojects.co.il,"unknown, domain",n/a
2026-07-15,threatfox,DOMAIN,hqndcsdha.hazaratbet.game,"js.clearfake, domain",n/a
2026-07-15,threatfox,DOMAIN,evfdqijee.efbetfarsi.com,"js.clearfake, domain",n/a
2026-07-15,threatfox,DOMAIN,tfys92ie.hazzarat.world,"js.clearfake, domain",n/a
2026-07-15,threatfox,DOMAIN,llgrzomtw.hazaratbet.games,"js.clearfake, domain",n/a
2026-07-15,threatfox,DOMAIN,saraviadorablogport.com,"unknown, domain",n/a
2026-07-15,threatfox,DOMAIN,2d4e5f6-7a8b-4c2d-9e1f-3b5a7c8d9e0fc.s3.us-east-1.amazonaws.com,"unknown, domain",n/a
2026-07-15,threatfox,DOMAIN,asioklaydpory.com,"win.latrodectus, domain",n/a
2026-07-15,threatfox,DOMAIN,tssjiwjfx.hazzarat.com,"js.clearfake, domain",n/a
2026-07-15,threatfox,DOMAIN,opeendacc.efcasino.bet,"js.clearfake, domain",n/a
2026-07-15,threatfox,DOMAIN,dohnx2bh.hazaratbet.bet,"js.clearfake, domain",n/a
2026-07-15,threatfox,DOMAIN,ckugvmkpg.hazarat.now,"js.clearfake, domain",n/a
2026-07-15,threatfox,DOMAIN,ffz1et.eightyen1arge.garden,"js.clearfake, domain",n/a
2026-07-15,threatfox,DOMAIN,wpl.kijangturbo88.top,"win.vidar, domain",n/a
2026-07-15,threatfox,DOMAIN,wpl.ambiltogel.net,"win.vidar, domain",n/a
2026-07-15,threatfox,DOMAIN,teamslinkintegrate.com,"unknown, domain",n/a
2026-07-15,threatfox,DOMAIN,tlinkintegrations.eu,"unknown, domain",n/a
2026-07-15,threatfox,DOMAIN,ua-chrome.net,"unknown, domain",n/a
2026-07-15,threatfox,DOMAIN,f-codebase.lol,"js.kongtuke, domain",n/a
2026-07-15,threatfox,DOMAIN,free-api.travelaccex.com,"js.fakeupdates, domain",n/a
2026-07-15,threatfox,DOMAIN,rxxcydjgk.enfejartime.com,"js.clearfake, domain",n/a
2026-07-15,threatfox,DOMAIN,tsexoxslh.nextbahis.free,"js.clearfake, domain",n/a
2026-07-15,threatfox,DOMAIN,6fk656iq.irani-music.com,"js.clearfake, domain",n/a
2026-07-15,threatfox,DOMAIN,gai1ehyu.jetboro.fun,"js.clearfake, domain",n/a
2026-07-15,threatfox,DOMAIN,borcwefhl.esteglal.bet,"js.clearfake, domain",n/a
2026-07-15,threatfox,DOMAIN,ajzzqcazg.nextbahis.one,"js.clearfake, domain",n/a
2026-07-15,threatfox,DOMAIN,gtm-service.xyz,"unknown, domain",n/a
2026-07-15,threatfox,DOMAIN,stopman.ooguy.com,"win.quasar_rat, domain",n/a
2026-07-15,threatfox,DOMAIN,xpzjxywai.funxbet.casino,"js.clearfake, domain",n/a
2026-07-15,threatfox,DOMAIN,wj3om1ni.bahigo90bet.com,"js.clearfake, domain",n/a
2026-07-15,threatfox,DOMAIN,tafhu17n.nextbahis.blog,"js.clearfake, domain",n/a
2026-07-15,threatfox,DOMAIN,qzjihweyr.nextbahis.poker,"js.clearfake, domain",n/a
2026-07-15,threatfox,DOMAIN,kblaa.com,"js.smartapesg, domain",n/a
2026-07-15,threatfox,DOMAIN,envi12.dynuddns.com,"unknown_rat, domain",n/a
2026-07-15,"threatfox,tweetfeed",DOMAIN,bitista.icu,"js.kongtuke, domain",n/a
2026-07-15,threatfox,DOMAIN,quetrex.com,"win.hijackloader, domain",n/a
2026-07-15,threatfox,DOMAIN,mygameszones.com,"win.hijackloader, domain",n/a
2026-07-15,threatfox,DOMAIN,sta.kijangturbo88.top,"win.vidar, domain",n/a
2026-07-15,threatfox,DOMAIN,sta.ambiltogel.net,"win.vidar, domain",n/a
2026-07-15,threatfox,DOMAIN,sndexiwvd.boro3.bet,"js.clearfake, domain",n/a
2026-07-15,threatfox,DOMAIN,vvopvrgbi.gamehazarat.bet,"js.clearfake, domain",n/a
2026-07-15,threatfox,DOMAIN,ulzjpypuy.nextbahis.promo,"js.clearfake, domain",n/a
2026-07-15,threatfox,DOMAIN,bkv.kijangturbo88.top,"win.vidar, domain",n/a
2026-07-15,threatfox,DOMAIN,bkv.ambiltogel.net,"win.vidar, domain",n/a
2026-07-15,threatfox,DOMAIN,ueirqemz.behtarin-site-shartbandi-football.com,"js.clearfake, domain",n/a
2026-07-15,threatfox,DOMAIN,jtbbsdahq.gamehazarat.com,"js.clearfake, domain",n/a
2026-07-15,threatfox,DOMAIN,aweubyemm.boroo.bet,"js.clearfake, domain",n/a
2026-07-16,threatfox,DOMAIN,tiojsrajb.gem90bet.com,"js.clearfake, domain",n/a
2026-07-16,threatfox,DOMAIN,doj7trs7.kenzobet.casino,"js.clearfake, domain",n/a
2026-07-16,threatfox,DOMAIN,acnuzqcgq.daddybetiran.live,"js.clearfake, domain",n/a
2026-07-16,threatfox,DOMAIN,kfpjbqczj.jadoobet.pro,"js.clearfake, domain",n/a
2026-07-16,threatfox,DOMAIN,nboshbzcj.derbi.promo,"js.clearfake, domain",n/a
2026-07-16,threatfox,DOMAIN,e2u97o8c.betbuf90.com,"js.clearfake, domain",n/a
2026-07-16,threatfox,DOMAIN,jmlhfhrif.derbi.football,"js.clearfake, domain",n/a
2026-07-16,threatfox,DOMAIN,paevzvhgt.efbetfarsi.com,"js.clearfake, domain",n/a
2026-07-16,threatfox,DOMAIN,54snw6zk.nextbahis.coupons,"js.clearfake, domain",n/a
2026-07-16,threatfox,DOMAIN,zdjnhqub.bingobet.bingo,"js.clearfake, domain",n/a
2026-07-16,threatfox,DOMAIN,hardydiagnostics.cam,"win.asyncrat, domain",n/a
2026-07-16,threatfox,DOMAIN,vusjrbtl.fileboroo.com,"js.clearfake, domain",n/a
2026-07-16,threatfox,DOMAIN,eturxuynx.onjabet1.com,"js.clearfake, domain",n/a
2026-07-16,threatfox,DOMAIN,qfammnuy.hazaratbet.game,"js.clearfake, domain",n/a
2026-07-16,threatfox,DOMAIN,vqsoqrdq.hazarat.now,"js.clearfake, domain",n/a
2026-07-16,threatfox,DOMAIN,rmxixoixm.pdfbama.com,"js.clearfake, domain",n/a
2026-07-16,threatfox,DOMAIN,6lphdepl.sibbet90iran.com,"js.clearfake, domain",n/a
2026-07-16,threatfox,DOMAIN,i365pptc.lion1bet.com,"js.clearfake, domain",n/a
2026-07-16,threatfox,DOMAIN,fcmznlck.hazaratbet.games,"js.clearfake, domain",n/a
2026-07-16,threatfox,DOMAIN,pub-acf013a9b65140b7b58cc3c104ee7105.r2.dev,"py.invisibleferret, domain",n/a
2026-07-16,threatfox,DOMAIN,pub-06714264305c44ea94491c0c8d961a87.r2.dev,"py.invisibleferret, domain",n/a
2026-07-16,threatfox,DOMAIN,Toureurpi51924.icu,"js.iclickfix, domain",n/a
2026-07-16,threatfox,DOMAIN,steelecreekswim.com,"js.clearfake, domain",n/a
2026-07-16,threatfox,DOMAIN,services-server0-web.com,"unknown, domain",n/a
2026-07-16,threatfox,DOMAIN,xquxoceqj.radioshartbandi.bet,"js.clearfake, domain",n/a
2026-07-16,threatfox,DOMAIN,fmgvaoemg.jadoou.lat,"js.clearfake, domain",n/a
2026-07-16,threatfox,DOMAIN,cdctvukr.taktikkbet.com,"js.clearfake, domain",n/a
2026-07-16,threatfox,DOMAIN,bgzdrdniv.venus90bet.com,"js.clearfake, domain",n/a
2026-07-16,threatfox,DOMAIN,cdbxemdoq.toofan90bet.com,"js.clearfake, domain",n/a
2026-07-16,threatfox,DOMAIN,wp8zfvuu.sky7bet.casino,"js.clearfake, domain",n/a
2026-07-16,threatfox,DOMAIN,5m1ugnlr.yekbetyek.com,"js.clearfake, domain",n/a
2026-07-16,threatfox,DOMAIN,kgfkfhqgg.gem90bet.com,"js.clearfake, domain",n/a
2026-07-16,threatfox,DOMAIN,ohdvttqo.tampabayspin.com,"js.clearfake, domain",n/a
2026-07-16,threatfox,DOMAIN,extranet-partner-report.com,"unknown_loader, domain",n/a
2026-07-16,threatfox,DOMAIN,drive-mail-folder9133.info,"unknown_loader, domain",n/a
2026-07-16,threatfox,DOMAIN,shadowemberstrike.top,"js.magecart, domain",n/a
2026-07-16,threatfox,DOMAIN,mukmnvwls.101motorsports.net,"js.clearfake, domain",n/a
2026-07-16,threatfox,DOMAIN,gals.kleenghjah.com,"unknown_rat, domain",n/a
2026-07-16,threatfox,DOMAIN,campaigns-fb.piousprojects.com,"js.fakeupdates, domain",n/a
2026-07-16,threatfox,DOMAIN,yyowcsswsesksomi.xyz,"win.metastealer, domain",n/a
2026-07-16,threatfox,DOMAIN,yyqewussumqweisi.xyz,"win.metastealer, domain",n/a
2026-07-16,threatfox,DOMAIN,yyqisgekkgammukq.xyz,"win.metastealer, domain",n/a
2026-07-16,threatfox,DOMAIN,yyqkageayymeoses.xyz,"win.metastealer, domain",n/a
2026-07-16,threatfox,DOMAIN,yyqokiuoyqkuwiog.xyz,"win.metastealer, domain",n/a
2026-07-16,threatfox,DOMAIN,yywesmeciecsmksk.xyz,"win.metastealer, domain",n/a
2026-07-16,threatfox,DOMAIN,yquagqysgcsuceqs.xyz,"win.metastealer, domain",n/a
2026-07-16,threatfox,DOMAIN,yqukwqcwqgceousm.xyz,"win.metastealer, domain",n/a
2026-07-16,threatfox,DOMAIN,yqusqqumoekaqaoq.xyz,"win.metastealer, domain",n/a
2026-07-16,threatfox,DOMAIN,yqwqkcaiaeemoouq.xyz,"win.metastealer, domain",n/a
2026-07-16,threatfox,DOMAIN,yqwysiuoiyomosec.xyz,"win.metastealer, domain",n/a
2026-07-16,threatfox,DOMAIN,yqyoccyuaoysckmm.xyz,"win.metastealer, domain",n/a
2026-07-16,threatfox,DOMAIN,yqyueyuoukmsmqem.xyz,"win.metastealer, domain",n/a
2026-07-16,threatfox,DOMAIN,yyaqcymcosceugwu.xyz,"win.metastealer, domain",n/a
2026-07-16,threatfox,DOMAIN,yyaygggumsoywcwk.xyz,"win.metastealer, domain",n/a
2026-07-16,threatfox,DOMAIN,yyeckmeayawguoim.xyz,"win.metastealer, domain",n/a
2026-07-16,threatfox,DOMAIN,yyeoguuueeoaggwi.xyz,"win.metastealer, domain",n/a
2026-07-16,threatfox,DOMAIN,yygiiasyoqkgsqee.xyz,"win.metastealer, domain",n/a
2026-07-16,threatfox,DOMAIN,yyigcsagquigikkq.xyz,"win.metastealer, domain",n/a
2026-07-16,threatfox,DOMAIN,yyiicoewgysyayam.xyz,"win.metastealer, domain",n/a
2026-07-16,threatfox,DOMAIN,yqaaywumkgiuoegk.xyz,"win.metastealer, domain",n/a
2026-07-16,threatfox,DOMAIN,yqagqiuauqoyuwkw.xyz,"win.metastealer, domain",n/a
2026-07-16,threatfox,DOMAIN,yqaiqmaygauogoyk.xyz,"win.metastealer, domain",n/a
2026-07-16,threatfox,DOMAIN,yqckmsmisoycykgc.xyz,"win.metastealer, domain",n/a
2026-07-16,threatfox,DOMAIN,yqeaqqsiqwgaoyws.xyz,"win.metastealer, domain",n/a
2026-07-16,threatfox,DOMAIN,yqegkgwweowiowmw.xyz,"win.metastealer, domain",n/a
2026-07-16,threatfox,DOMAIN,yqiiwqcuyquwcmse.xyz,"win.metastealer, domain",n/a
2026-07-16,threatfox,DOMAIN,yqkquakgsccocsqg.xyz,"win.metastealer, domain",n/a
2026-07-16,threatfox,DOMAIN,yqkyggoocksesowc.xyz,"win.metastealer, domain",n/a
2026-07-16,threatfox,DOMAIN,yqmaimewwksoksue.xyz,"win.metastealer, domain",n/a
2026-07-16,threatfox,DOMAIN,yqmcoeokqwwmmaea.xyz,"win.metastealer, domain",n/a
2026-07-16,threatfox,DOMAIN,yqqccumwacwqowuo.xyz,"win.metastealer, domain",n/a
2026-07-16,threatfox,DOMAIN,yqqioagmmsciwquq.xyz,"win.metastealer, domain",n/a
2026-07-16,threatfox,DOMAIN,yqsacwmwiwukwuig.xyz,"win.metastealer, domain",n/a
2026-07-16,threatfox,DOMAIN,yqsciwsaaeeucqaa.xyz,"win.metastealer, domain",n/a
2026-07-16,threatfox,DOMAIN,ykoqymcuwwwggkqw.xyz,"win.metastealer, domain",n/a
2026-07-16,threatfox,DOMAIN,ykqegysecaamkage.xyz,"win.metastealer, domain",n/a
2026-07-16,threatfox,DOMAIN,ykqeoegaiwmekyiy.xyz,"win.metastealer, domain",n/a
2026-07-16,threatfox,DOMAIN,ykqwogyoeasiaugw.xyz,"win.metastealer, domain",n/a
2026-07-16,threatfox,DOMAIN,ykugyiiicguawywq.xyz,"win.metastealer, domain",n/a
2026-07-16,threatfox,DOMAIN,ykuiqqumgamwwgia.xyz,"win.metastealer, domain",n/a
2026-07-16,threatfox,DOMAIN,ykuqogqmoqmgsyow.xyz,"win.metastealer, domain",n/a
2026-07-16,threatfox,DOMAIN,ykwgeqoaawkkemos.xyz,"win.metastealer, domain",n/a
2026-07-16,threatfox,DOMAIN,ykwmoukgikemiauc.xyz,"win.metastealer, domain",n/a
2026-07-16,threatfox,DOMAIN,ykwosqoemowmuqyu.xyz,"win.metastealer, domain",n/a
2026-07-16,threatfox,DOMAIN,ykyieuyoesksuqiw.xyz,"win.metastealer, domain",n/a
2026-07-16,threatfox,DOMAIN,ykyiieuemcesiuwe.xyz,"win.metastealer, domain",n/a
2026-07-16,threatfox,DOMAIN,ykyoiggwuoyeskkw.xyz,"win.metastealer, domain",n/a
2026-07-16,threatfox,DOMAIN,yoigusekcwamuoqe.xyz,"win.metastealer, domain",n/a
2026-07-16,threatfox,DOMAIN,yeyaqmgqcmwukkmi.xyz,"win.metastealer, domain",n/a
2026-07-16,threatfox,DOMAIN,yeymcemuyesuegwo.xyz,"win.metastealer, domain",n/a
2026-07-16,threatfox,DOMAIN,ykawoykgskcugsoa.xyz,"win.metastealer, domain",n/a
2026-07-16,threatfox,DOMAIN,ykceckkkaymoqqeo.xyz,"win.metastealer, domain",n/a
2026-07-16,threatfox,DOMAIN,ykeocysgkssoickc.xyz,"win.metastealer, domain",n/a
2026-07-16,threatfox,DOMAIN,ykeogsgcgmgywomq.xyz,"win.metastealer, domain",n/a
2026-07-16,threatfox,DOMAIN,ykeqssksoiasceeo.xyz,"win.metastealer, domain",n/a
2026-07-16,threatfox,DOMAIN,ykgiaiyekymwqsgq.xyz,"win.metastealer, domain",n/a
2026-07-16,threatfox,DOMAIN,ykgkokuywgcceucw.xyz,"win.metastealer, domain",n/a
2026-07-16,threatfox,DOMAIN,ykgsggkaeeoaiqwe.xyz,"win.metastealer, domain",n/a
2026-07-16,threatfox,DOMAIN,ykgusysquwkesmsq.xyz,"win.metastealer, domain",n/a
2026-07-16,threatfox,DOMAIN,ykicegcgagsosumk.xyz,"win.metastealer, domain",n/a
2026-07-16,threatfox,DOMAIN,ykkiucwoqgyoigqu.xyz,"win.metastealer, domain",n/a
2026-07-16,threatfox,DOMAIN,ykkusmyeskgaqwyi.xyz,"win.metastealer, domain",n/a
2026-07-16,threatfox,DOMAIN,ykmiogscecaquiiw.xyz,"win.metastealer, domain",n/a
2026-07-16,threatfox,DOMAIN,ykmyoegkukequqai.xyz,"win.metastealer, domain",n/a
2026-07-16,threatfox,DOMAIN,yeaoggeocmegsmyw.xyz,"win.metastealer, domain",n/a
2026-07-16,threatfox,DOMAIN,yeaywwiiioioeoso.xyz,"win.metastealer, domain",n/a
2026-07-16,threatfox,DOMAIN,yeccikamswuywqia.xyz,"win.metastealer, domain",n/a
2026-07-16,threatfox,DOMAIN,yecmwqwcmqsumkck.xyz,"win.metastealer, domain",n/a
2026-07-16,threatfox,DOMAIN,yeeggqsocegykyms.xyz,"win.metastealer, domain",n/a
2026-07-16,threatfox,DOMAIN,yeeogccyqusgamgo.xyz,"win.metastealer, domain",n/a
2026-07-16,threatfox,DOMAIN,yeeswyoqkoaqiyoa.xyz,"win.metastealer, domain",n/a
2026-07-16,threatfox,DOMAIN,yegkeaecmqwmskke.xyz,"win.metastealer, domain",n/a
2026-07-16,threatfox,DOMAIN,yegucggccceieoiu.xyz,"win.metastealer, domain",n/a
2026-07-16,threatfox,DOMAIN,yeicawgmcymcsysc.xyz,"win.metastealer, domain",n/a
2026-07-16,threatfox,DOMAIN,yeiiwgaeeagygwas.xyz,"win.metastealer, domain",n/a
2026-07-16,threatfox,DOMAIN,yeiiwgiyeemckymo.xyz,"win.metastealer, domain",n/a
2026-07-16,threatfox,DOMAIN,yekaackwqsggueqc.xyz,"win.metastealer, domain",n/a
2026-07-16,threatfox,DOMAIN,yemikyoakukcyakm.xyz,"win.metastealer, domain",n/a
2026-07-16,threatfox,DOMAIN,yeuiogagyqkyqoyq.xyz,"win.metastealer, domain",n/a
2026-07-16,threatfox,DOMAIN,yeusqeigqwuwyuwu.xyz,"win.metastealer, domain",n/a
2026-07-16,threatfox,DOMAIN,yeuumkwgwgqouwie.xyz,"win.metastealer, domain",n/a
2026-07-16,threatfox,DOMAIN,wmqggqacomwuusyu.xyz,"win.metastealer, domain",n/a
2026-07-16,threatfox,DOMAIN,wmqgoqqowyiewiag.xyz,"win.metastealer, domain",n/a
2026-07-16,threatfox,DOMAIN,wmqikoumgsagskyg.xyz,"win.metastealer, domain",n/a
2026-07-16,threatfox,DOMAIN,wmsoueekcksooosg.xyz,"win.metastealer, domain",n/a
2026-07-16,threatfox,DOMAIN,wmycykewmususgki.xyz,"win.metastealer, domain",n/a
2026-07-16,threatfox,DOMAIN,wmyeuwcyseaymqyc.xyz,"win.metastealer, domain",n/a
2026-07-16,threatfox,DOMAIN,wuguosqckgugmiie.xyz,"win.metastealer, domain",n/a
2026-07-16,threatfox,DOMAIN,wumuuyaqymcgmygw.xyz,"win.metastealer, domain",n/a
2026-07-16,threatfox,DOMAIN,wuoaocgyeeocaueu.xyz,"win.metastealer, domain",n/a
2026-07-16,threatfox,DOMAIN,wuomeyaiueumywcq.xyz,"win.metastealer, domain",n/a
2026-07-16,threatfox,DOMAIN,wuowqwycqyaaiaww.xyz,"win.metastealer, domain",n/a
2026-07-16,threatfox,DOMAIN,wuugucayuciiyqky.xyz,"win.metastealer, domain",n/a
2026-07-16,threatfox,DOMAIN,wyewewsyuogiiugy.xyz,"win.metastealer, domain",n/a
2026-07-16,threatfox,DOMAIN,wgyyucckgwowcoiy.xyz,"win.metastealer, domain",n/a
2026-07-16,threatfox,DOMAIN,wkymyaaegeucmiui.xyz,"win.metastealer, domain",n/a
2026-07-16,threatfox,DOMAIN,wmaacoiokoioisse.xyz,"win.metastealer, domain",n/a
2026-07-16,threatfox,DOMAIN,wmaqacugcmeeoweq.xyz,"win.metastealer, domain",n/a
2026-07-16,threatfox,DOMAIN,wmassqqiaigwesou.xyz,"win.metastealer, domain",n/a
2026-07-16,threatfox,DOMAIN,wmaygayyisyiyekc.xyz,"win.metastealer, domain",n/a
2026-07-16,threatfox,DOMAIN,wmcmqqowgokcqcyi.xyz,"win.metastealer, domain",n/a
2026-07-16,threatfox,DOMAIN,wmeyywmqcggeosww.xyz,"win.metastealer, domain",n/a
2026-07-16,threatfox,DOMAIN,wmgkceuekwkaaemu.xyz,"win.metastealer, domain",n/a
2026-07-16,threatfox,DOMAIN,wmiemgkciesqgksu.xyz,"win.metastealer, domain",n/a
2026-07-16,threatfox,DOMAIN,wmkiescqyocsywwi.xyz,"win.metastealer, domain",n/a
2026-07-16,threatfox,DOMAIN,wmmeeoymccygauua.xyz,"win.metastealer, domain",n/a
2026-07-16,threatfox,DOMAIN,wmmueauaskcsggqg.xyz,"win.metastealer, domain",n/a
2026-07-16,threatfox,DOMAIN,wmowucciewcsoqss.xyz,"win.metastealer, domain",n/a
2026-07-16,threatfox,DOMAIN,wgiggeosqomogwws.xyz,"win.metastealer, domain",n/a
2026-07-16,threatfox,DOMAIN,wgiuieuyagqkceei.xyz,"win.metastealer, domain",n/a
2026-07-16,threatfox,DOMAIN,wgkasgokkeweggam.xyz,"win.metastealer, domain",n/a
2026-07-16,threatfox,DOMAIN,wgkmoowogoiqsiau.xyz,"win.metastealer, domain",n/a
2026-07-16,threatfox,DOMAIN,wgokwsgewwwosoow.xyz,"win.metastealer, domain",n/a
2026-07-16,threatfox,DOMAIN,wgoyicuqkoysocgg.xyz,"win.metastealer, domain",n/a
2026-07-16,threatfox,DOMAIN,wguigkwsksgqueek.xyz,"win.metastealer, domain",n/a
2026-07-16,threatfox,DOMAIN,wgukuiiukkmyagww.xyz,"win.metastealer, domain",n/a
2026-07-16,threatfox,DOMAIN,wgwkugwmcsiyywiw.xyz,"win.metastealer, domain",n/a
2026-07-16,threatfox,DOMAIN,wgyeiykqkucumcqy.xyz,"win.metastealer, domain",n/a
2026-07-16,threatfox,DOMAIN,wgygacwseemuaqwq.xyz,"win.metastealer, domain",n/a
2026-07-16,threatfox,DOMAIN,wgymeumcmkgukaao.xyz,"win.metastealer, domain",n/a
2026-07-16,threatfox,DOMAIN,wgymmigugksgecca.xyz,"win.metastealer, domain",n/a
2026-07-16,threatfox,DOMAIN,wgywwwwocaaakcwc.xyz,"win.metastealer, domain",n/a
2026-07-16,threatfox,DOMAIN,waaekaeaaewyoyig.xyz,"win.metastealer, domain",n/a
2026-07-16,threatfox,DOMAIN,waakyguguoaieygq.xyz,"win.metastealer, domain",n/a
2026-07-16,threatfox,DOMAIN,wacagaoiqwimiiwi.xyz,"win.metastealer, domain",n/a
2026-07-16,threatfox,DOMAIN,wacseaaagmwuyiio.xyz,"win.metastealer, domain",n/a
2026-07-16,threatfox,DOMAIN,wakaoomiaaiumawc.xyz,"win.metastealer, domain",n/a
2026-07-16,threatfox,DOMAIN,wakiwkuwagsyqiaa.xyz,"win.metastealer, domain",n/a
2026-07-16,threatfox,DOMAIN,wamuaoaiwgogeqgi.xyz,"win.metastealer, domain",n/a
2026-07-16,threatfox,DOMAIN,waqeemsqqskqwueq.xyz,"win.metastealer, domain",n/a
2026-07-16,threatfox,DOMAIN,wasymakswqqcimkk.xyz,"win.metastealer, domain",n/a
2026-07-16,threatfox,DOMAIN,wawuggiwoasasqcc.xyz,"win.metastealer, domain",n/a
2026-07-16,threatfox,DOMAIN,wgauqygysmuwkwmk.xyz,"win.metastealer, domain",n/a
2026-07-16,threatfox,DOMAIN,wgcqiqqugqqckyka.xyz,"win.metastealer, domain",n/a
2026-07-16,threatfox,DOMAIN,wgeaoecewsyewueg.xyz,"win.metastealer, domain",n/a
2026-07-16,threatfox,DOMAIN,wgekwuogmcmqocqq.xyz,"win.metastealer, domain",n/a
2026-07-16,threatfox,DOMAIN,wgeqaayoyoayioic.xyz,"win.metastealer, domain",n/a
2026-07-16,threatfox,DOMAIN,wggamqkicoowgscy.xyz,"win.metastealer, domain",n/a
2026-07-16,threatfox,DOMAIN,uwwuaeuwigooywga.xyz,"win.metastealer, domain",n/a
2026-07-16,threatfox,DOMAIN,uwyowgaeommgyokc.xyz,"win.metastealer, domain",n/a
2026-07-16,threatfox,DOMAIN,uwwaimmmycamyqgk.xyz,"win.metastealer, domain",n/a
2026-07-16,threatfox,DOMAIN,uwayimkyueaysuss.xyz,"win.metastealer, domain",n/a
2026-07-16,threatfox,DOMAIN,uwcmaemeieukcomm.xyz,"win.metastealer, domain",n/a
2026-07-16,threatfox,DOMAIN,uwgqwquwgwcqkmso.xyz,"win.metastealer, domain",n/a
2026-07-16,threatfox,DOMAIN,uwiiiwyagicqcqoi.xyz,"win.metastealer, domain",n/a
2026-07-16,threatfox,DOMAIN,uwiomsmcougegqgk.xyz,"win.metastealer, domain",n/a
2026-07-16,threatfox,DOMAIN,uwkuoauwgqaiqwiy.xyz,"win.metastealer, domain",n/a
2026-07-16,threatfox,DOMAIN,uwmumeuemmcwyyii.xyz,"win.metastealer, domain",n/a
2026-07-16,threatfox,DOMAIN,uwowcosuywesqims.xyz,"win.metastealer, domain",n/a
2026-07-16,threatfox,DOMAIN,uwowueswwqmekome.xyz,"win.metastealer, domain",n/a
2026-07-16,threatfox,DOMAIN,uwsomgwmgmcyisgs.xyz,"win.metastealer, domain",n/a
2026-07-16,threatfox,DOMAIN,uwuguckaeeiaucqu.xyz,"win.metastealer, domain",n/a
2026-07-16,threatfox,DOMAIN,uiiamccsmoeaowys.xyz,"win.metastealer, domain",n/a
2026-07-16,threatfox,DOMAIN,uimcmuioigsmgicq.xyz,"win.metastealer, domain",n/a
2026-07-16,threatfox,DOMAIN,uioeisikswmysmcm.xyz,"win.metastealer, domain",n/a
2026-07-16,threatfox,DOMAIN,uiyqaiseouycimck.xyz,"win.metastealer, domain",n/a
2026-07-16,threatfox,DOMAIN,uiysoewmgucoegss.xyz,"win.metastealer, domain",n/a
2026-07-16,threatfox,DOMAIN,uiyucwkaymeaykio.xyz,"win.metastealer, domain",n/a
2026-07-16,threatfox,DOMAIN,uqciiasmyaicaaoo.xyz,"win.metastealer, domain",n/a
2026-07-16,threatfox,DOMAIN,uqcqiukuygaicqsw.xyz,"win.metastealer, domain",n/a
2026-07-16,threatfox,DOMAIN,uqmsyasksaoaiqso.xyz,"win.metastealer, domain",n/a
2026-07-16,threatfox,DOMAIN,uqoemmmgcskamsgc.xyz,"win.metastealer, domain",n/a
2026-07-16,threatfox,DOMAIN,uqquaumoewosaeiy.xyz,"win.metastealer, domain",n/a
2026-07-16,threatfox,DOMAIN,uqyaakgqymuksosc.xyz,"win.metastealer, domain",n/a
2026-07-16,threatfox,DOMAIN,uwaowgwwiokugqqk.xyz,"win.metastealer, domain",n/a
2026-07-16,threatfox,DOMAIN,ucsagasggwucgcou.xyz,"win.metastealer, domain",n/a
2026-07-16,threatfox,DOMAIN,ucsiakoaysqkcqus.xyz,"win.metastealer, domain",n/a
2026-07-16,threatfox,DOMAIN,ucsiyocyukuakwas.xyz,"win.metastealer, domain",n/a
2026-07-16,threatfox,DOMAIN,ucssyssuwkeqgwqy.xyz,"win.metastealer, domain",n/a
2026-07-16,threatfox,DOMAIN,ucucwquiacuwyawi.xyz,"win.metastealer, domain",n/a
2026-07-16,threatfox,DOMAIN,ucumoeuugqeuacee.xyz,"win.metastealer, domain",n/a
2026-07-16,threatfox,DOMAIN,ucusuammqsgeiuiw.xyz,"win.metastealer, domain",n/a
2026-07-16,threatfox,DOMAIN,ucwegeykoamqiycu.xyz,"win.metastealer, domain",n/a
2026-07-16,threatfox,DOMAIN,ucwgcciskqossaas.xyz,"win.metastealer, domain",n/a
2026-07-16,threatfox,DOMAIN,ucwoiqkiamygsyuq.xyz,"win.metastealer, domain",n/a
2026-07-16,threatfox,DOMAIN,ucwoqeaycuqwkeyo.xyz,"win.metastealer, domain",n/a
2026-07-16,threatfox,DOMAIN,ucwqiiwawoswwgkq.xyz,"win.metastealer, domain",n/a
2026-07-16,threatfox,DOMAIN,ucwyqcegcaooycqe.xyz,"win.metastealer, domain",n/a
2026-07-16,threatfox,DOMAIN,uiaoweomysoyumys.xyz,"win.metastealer, domain",n/a
2026-07-16,threatfox,DOMAIN,uieqmsuekgkukuio.xyz,"win.metastealer, domain",n/a
2026-07-16,threatfox,DOMAIN,ucggmqqqwqiqwiwk.xyz,"win.metastealer, domain",n/a
2026-07-16,threatfox,DOMAIN,ucgmgcocmycqyysy.xyz,"win.metastealer, domain",n/a
2026-07-16,threatfox,DOMAIN,ucgssieiuewkccaq.xyz,"win.metastealer, domain",n/a
2026-07-16,threatfox,DOMAIN,ucigeigqcowckyaw.xyz,"win.metastealer, domain",n/a
2026-07-16,threatfox,DOMAIN,uciseyagkewmcgyq.xyz,"win.metastealer, domain",n/a
2026-07-16,threatfox,DOMAIN,uciyiigmkwswqiua.xyz,"win.metastealer, domain",n/a
2026-07-16,threatfox,DOMAIN,uckqgscwkwisuoia.xyz,"win.metastealer, domain",n/a
2026-07-16,threatfox,DOMAIN,ucmccuugamcgqciq.xyz,"win.metastealer, domain",n/a
2026-07-16,threatfox,DOMAIN,ucmeyieyssyuyyug.xyz,"win.metastealer, domain",n/a
2026-07-16,threatfox,DOMAIN,ucmwuswcskygaguw.xyz,"win.metastealer, domain",n/a
2026-07-16,threatfox,DOMAIN,ucomcuacegweiass.xyz,"win.metastealer, domain",n/a
2026-07-16,threatfox,DOMAIN,ucqeecqquykkooky.xyz,"win.metastealer, domain",n/a
2026-07-16,threatfox,DOMAIN,ucqiqciqgcacmmwi.xyz,"win.metastealer, domain",n/a
2026-07-16,threatfox,DOMAIN,ucqmqowkkmomaeee.xyz,"win.metastealer, domain",n/a
2026-07-16,threatfox,DOMAIN,syqseimsowywgskg.xyz,"win.metastealer, domain",n/a
2026-07-16,threatfox,DOMAIN,syqwmkmwuyemakiu.xyz,"win.metastealer, domain",n/a
2026-07-16,threatfox,DOMAIN,sysouiyqeogigwyc.xyz,"win.metastealer, domain",n/a
2026-07-16,threatfox,DOMAIN,syuaqaceoackmqec.xyz,"win.metastealer, domain",n/a
2026-07-16,threatfox,DOMAIN,syuiqukoyqmowqoo.xyz,"win.metastealer, domain",n/a
2026-07-16,threatfox,DOMAIN,syuqiwmwimksqeym.xyz,"win.metastealer, domain",n/a
2026-07-16,threatfox,DOMAIN,syuuacscmuoawkec.xyz,"win.metastealer, domain",n/a
2026-07-16,threatfox,DOMAIN,sywyoammcykmqgem.xyz,"win.metastealer, domain",n/a
2026-07-16,threatfox,DOMAIN,sywyowomaysqiwsm.xyz,"win.metastealer, domain",n/a
2026-07-16,threatfox,DOMAIN,ucaoiqwweqyyeiyc.xyz,"win.metastealer, domain",n/a
2026-07-16,threatfox,DOMAIN,ucawqqamoksseeye.xyz,"win.metastealer, domain",n/a
2026-07-16,threatfox,DOMAIN,uccowoakywacsaku.xyz,"win.metastealer, domain",n/a
2026-07-16,threatfox,DOMAIN,ucegqgkucmgcgkom.xyz,"win.metastealer, domain",n/a
2026-07-16,threatfox,DOMAIN,uceooecyiksqquci.xyz,"win.metastealer, domain",n/a
2026-07-16,threatfox,DOMAIN,sykmggecgyqwqguo.xyz,"win.metastealer, domain",n/a
2026-07-16,threatfox,DOMAIN,sykmgicssaqcqgwo.xyz,"win.metastealer, domain",n/a
2026-07-16,threatfox,DOMAIN,sykmsicowwmaaiwe.xyz,"win.metastealer, domain",n/a
2026-07-16,threatfox,DOMAIN,sykokawagcmigeyi.xyz,"win.metastealer, domain",n/a
2026-07-16,threatfox,DOMAIN,symakmicoycemeam.xyz,"win.metastealer, domain",n/a
2026-07-16,threatfox,DOMAIN,symimwouqkakwmew.xyz,"win.metastealer, domain",n/a
2026-07-16,threatfox,DOMAIN,symsacmoyiwmmgay.xyz,"win.metastealer, domain",n/a
2026-07-16,threatfox,DOMAIN,symwyycqseygoiwo.xyz,"win.metastealer, domain",n/a
2026-07-16,threatfox,DOMAIN,symyakyaskqukkme.xyz,"win.metastealer, domain",n/a
2026-07-16,threatfox,DOMAIN,symycewoeggcmysg.xyz,"win.metastealer, domain",n/a
2026-07-16,threatfox,DOMAIN,syomkygaoaegymeg.xyz,"win.metastealer, domain",n/a
2026-07-16,threatfox,DOMAIN,syosaiagugksyyye.xyz,"win.metastealer, domain",n/a
2026-07-16,threatfox,DOMAIN,syqgkkaimswumcca.xyz,"win.metastealer, domain",n/a
2026-07-16,threatfox,DOMAIN,syqmwocqesawmycs.xyz,"win.metastealer, domain",n/a
2026-07-16,threatfox,DOMAIN,sycyowusyckaukwk.xyz,"win.metastealer, domain",n/a
2026-07-16,threatfox,DOMAIN,syeassweguqgookw.xyz,"win.metastealer, domain",n/a
2026-07-16,threatfox,DOMAIN,syecucqwkqiuueuy.xyz,"win.metastealer, domain",n/a
2026-07-16,threatfox,DOMAIN,syeoocaueewgcgyq.xyz,"win.metastealer, domain",n/a
2026-07-16,threatfox,DOMAIN,sygaoamqgymoygec.xyz,"win.metastealer, domain",n/a
2026-07-16,threatfox,DOMAIN,sygoemgwoyqmicqk.xyz,"win.metastealer, domain",n/a
2026-07-16,threatfox,DOMAIN,sygqoqiegcoisqae.xyz,"win.metastealer, domain",n/a
2026-07-16,threatfox,DOMAIN,syguyyaakmkyuamw.xyz,"win.metastealer, domain",n/a
2026-07-16,threatfox,DOMAIN,syiwaogcwiwayoaa.xyz,"win.metastealer, domain",n/a
2026-07-16,threatfox,DOMAIN,syiyymyqquqosawo.xyz,"win.metastealer, domain",n/a
2026-07-16,threatfox,DOMAIN,sykcmiemgyegowwy.xyz,"win.metastealer, domain",n/a
2026-07-16,threatfox,DOMAIN,sykgkkakewoeysgw.xyz,"win.metastealer, domain",n/a
2026-07-16,threatfox,DOMAIN,sykiaekyowiokywo.xyz,"win.metastealer, domain",n/a
2026-07-16,threatfox,DOMAIN,sykkeqmyoeeysqmi.xyz,"win.metastealer, domain",n/a
2026-07-16,threatfox,DOMAIN,ssmecayyakeuamsu.xyz,"win.metastealer, domain",n/a
2026-07-16,threatfox,DOMAIN,ssmsikcemooiqmcg.xyz,"win.metastealer, domain",n/a
2026-07-16,threatfox,DOMAIN,ssmwgygymswmeyyk.xyz,"win.metastealer, domain",n/a
2026-07-16,threatfox,DOMAIN,ssomcgmuukuiawie.xyz,"win.metastealer, domain",n/a
2026-07-16,threatfox,DOMAIN,ssqaaiggwqwsokwk.xyz,"win.metastealer, domain",n/a
2026-07-16,threatfox,DOMAIN,ssqcywymeaywoeyq.xyz,"win.metastealer, domain",n/a
2026-07-16,threatfox,DOMAIN,ssqeiyywesygmcoa.xyz,"win.metastealer, domain",n/a
2026-07-16,threatfox,DOMAIN,ssqkaeuoygeyiegu.xyz,"win.metastealer, domain",n/a
2026-07-16,threatfox,DOMAIN,ssqueokumqmayssi.xyz,"win.metastealer, domain",n/a
2026-07-16,threatfox,DOMAIN,ssuokqukkymyusgo.xyz,"win.metastealer, domain",n/a
2026-07-16,threatfox,DOMAIN,ssyeugmiisqiukws.xyz,"win.metastealer, domain",n/a
2026-07-16,threatfox,DOMAIN,swceukaucguyuaqm.xyz,"win.metastealer, domain",n/a
2026-07-16,threatfox,DOMAIN,swcowquyaqcwsqmo.xyz,"win.metastealer, domain",n/a
2026-07-16,threatfox,DOMAIN,syaieisyswocikki.xyz,"win.metastealer, domain",n/a
2026-07-16,threatfox,DOMAIN,sycqmogqkgmkgqqy.xyz,"win.metastealer, domain",n/a
2026-07-16,threatfox,DOMAIN,sycwamemeeygskuk.xyz,"win.metastealer, domain",n/a
2026-07-16,threatfox,DOMAIN,smyskiusokcsoikk.xyz,"win.metastealer, domain",n/a
2026-07-16,threatfox,DOMAIN,sqyqimygwkcywkqy.xyz,"win.metastealer, domain",n/a
2026-07-16,threatfox,DOMAIN,ssaiokkquqwaqcmm.xyz,"win.metastealer, domain",n/a
2026-07-16,threatfox,DOMAIN,ssaisuuawgqikyus.xyz,"win.metastealer, domain",n/a
2026-07-16,threatfox,DOMAIN,sscamgmqycygeygc.xyz,"win.metastealer, domain",n/a
2026-07-16,threatfox,DOMAIN,sscesqqicwekysaq.xyz,"win.metastealer, domain",n/a
2026-07-16,threatfox,DOMAIN,sscmewcmyggosmga.xyz,"win.metastealer, domain",n/a
2026-07-16,threatfox,DOMAIN,sseemsimqwkqaikc.xyz,"win.metastealer, domain",n/a
2026-07-16,threatfox,DOMAIN,ssegieuccemaimgs.xyz,"win.metastealer, domain",n/a
2026-07-16,threatfox,DOMAIN,ssewqgomyumkimqs.xyz,"win.metastealer, domain",n/a
2026-07-16,threatfox,DOMAIN,ssgqwkmqoqiysmiy.xyz,"win.metastealer, domain",n/a
2026-07-16,threatfox,DOMAIN,ssieqaaiwiqoqiam.xyz,"win.metastealer, domain",n/a
2026-07-16,threatfox,DOMAIN,sskcesmuuyuoieow.xyz,"win.metastealer, domain",n/a
2026-07-16,threatfox,DOMAIN,sskcgkuwimkyqmqs.xyz,"win.metastealer, domain",n/a
2026-07-16,threatfox,DOMAIN,sskucuemskkmgkks.xyz,"win.metastealer, domain",n/a
2026-07-16,threatfox,DOMAIN,secakqagsakkowyw.xyz,"win.metastealer, domain",n/a
2026-07-16,threatfox,DOMAIN,secsimaamquuoqko.xyz,"win.metastealer, domain",n/a
2026-07-16,threatfox,DOMAIN,segiayiwqamcgygg.xyz,"win.metastealer, domain",n/a
2026-07-16,threatfox,DOMAIN,segmoqquwkyymgqk.xyz,"win.metastealer, domain",n/a
2026-07-16,threatfox,DOMAIN,sekguqqwqykgeykw.xyz,"win.metastealer, domain",n/a
2026-07-16,threatfox,DOMAIN,semqmmwcgukoiyka.xyz,"win.metastealer, domain",n/a
2026-07-16,threatfox,DOMAIN,seqwokskwyiiikgc.xyz,"win.metastealer, domain",n/a
2026-07-16,threatfox,DOMAIN,sesyooggocuqaqum.xyz,"win.metastealer, domain",n/a
2026-07-16,threatfox,DOMAIN,smgoiwekkqsuioou.xyz,"win.metastealer, domain",n/a
2026-07-16,threatfox,DOMAIN,smiasuwimwiyicag.xyz,"win.metastealer, domain",n/a
2026-07-16,threatfox,DOMAIN,smiwkkyuccsegqog.xyz,"win.metastealer, domain",n/a
2026-07-16,threatfox,DOMAIN,smkaqgocoaacecma.xyz,"win.metastealer, domain",n/a
2026-07-16,threatfox,DOMAIN,smkwmqieqgoagkac.xyz,"win.metastealer, domain",n/a
2026-07-16,threatfox,DOMAIN,smqemscyoimqmmuc.xyz,"win.metastealer, domain",n/a
2026-07-16,threatfox,DOMAIN,quskeqkeuackaoeu.xyz,"win.metastealer, domain",n/a
2026-07-16,threatfox,DOMAIN,qusqucwciquecscu.xyz,"win.metastealer, domain",n/a
2026-07-16,threatfox,DOMAIN,quuckumwmyyiioma.xyz,"win.metastealer, domain",n/a
2026-07-16,threatfox,DOMAIN,quuikiecgwuseqai.xyz,"win.metastealer, domain",n/a
2026-07-16,threatfox,DOMAIN,quuwucmyquiegyqy.xyz,"win.metastealer, domain",n/a
2026-07-16,threatfox,DOMAIN,quwoaeowmqeoqukw.xyz,"win.metastealer, domain",n/a
2026-07-16,threatfox,DOMAIN,quwyymgakyuqueks.xyz,"win.metastealer, domain",n/a
2026-07-16,threatfox,DOMAIN,quygkusucsckmska.xyz,"win.metastealer, domain",n/a
2026-07-16,threatfox,DOMAIN,quyiaismmkesyoku.xyz,"win.metastealer, domain",n/a
2026-07-16,threatfox,DOMAIN,seagaieoseccqeai.xyz,"win.metastealer, domain",n/a
2026-07-16,threatfox,DOMAIN,seaqwqeyukcikcii.xyz,"win.metastealer, domain",n/a
2026-07-16,threatfox,DOMAIN,seasegugokqgaceg.xyz,"win.metastealer, domain",n/a
2026-07-16,threatfox,DOMAIN,seaukokksccciqcg.xyz,"win.metastealer, domain",n/a
2026-07-16,threatfox,DOMAIN,quaoueiausmkucag.xyz,"win.metastealer, domain",n/a
2026-07-16,threatfox,DOMAIN,quauuacgeausqkgy.xyz,"win.metastealer, domain",n/a
2026-07-16,threatfox,DOMAIN,quawuacegiemokis.xyz,"win.metastealer, domain",n/a
2026-07-16,threatfox,DOMAIN,quccwsymamiwgiew.xyz,"win.metastealer, domain",n/a
2026-07-16,threatfox,DOMAIN,quemswiyykkukeoi.xyz,"win.metastealer, domain",n/a
2026-07-16,threatfox,DOMAIN,qugkkyacgcsukaua.xyz,"win.metastealer, domain",n/a
2026-07-16,threatfox,DOMAIN,qugkmkymsccosmme.xyz,"win.metastealer, domain",n/a
2026-07-16,threatfox,DOMAIN,quguwqimiaicuwcs.xyz,"win.metastealer, domain",n/a
2026-07-16,threatfox,DOMAIN,qugykwswmwysssca.xyz,"win.metastealer, domain",n/a
2026-07-16,threatfox,DOMAIN,quiaqgaaoqaeagss.xyz,"win.metastealer, domain",n/a
2026-07-16,threatfox,DOMAIN,quiwiwqqmegeoicq.xyz,"win.metastealer, domain",n/a
2026-07-16,threatfox,DOMAIN,qukeuwgmycyagyss.xyz,"win.metastealer, domain",n/a
2026-07-16,threatfox,DOMAIN,qukyeiooicuqieys.xyz,"win.metastealer, domain",n/a
2026-07-16,threatfox,DOMAIN,qumacoeiwiwaaaau.xyz,"win.metastealer, domain",n/a
2026-07-16,threatfox,DOMAIN,qumemaakgoagqqqy.xyz,"win.metastealer, domain",n/a
2026-07-16,threatfox,DOMAIN,qumscaqoiaymkmak.xyz,"win.metastealer, domain",n/a
2026-07-16,threatfox,DOMAIN,qoeqscaymcqiyiem.xyz,"win.metastealer, domain",n/a
2026-07-16,threatfox,DOMAIN,qoguigyyoamqcmsy.xyz,"win.metastealer, domain",n/a
2026-07-16,threatfox,DOMAIN,qoiaymskemiakasg.xyz,"win.metastealer, domain",n/a
2026-07-16,threatfox,DOMAIN,qokeegiqskggaiws.xyz,"win.metastealer, domain",n/a
2026-07-16,threatfox,DOMAIN,qokuyekauygcykyi.xyz,"win.metastealer, domain",n/a
2026-07-16,threatfox,DOMAIN,qomgoiqoyscassuq.xyz,"win.metastealer, domain",n/a
2026-07-16,threatfox,DOMAIN,qomgscoemogwcewu.xyz,"win.metastealer, domain",n/a
2026-07-16,threatfox,DOMAIN,qommaceciswmasau.xyz,"win.metastealer, domain",n/a
2026-07-16,threatfox,DOMAIN,qommyuoyqukiywma.xyz,"win.metastealer, domain",n/a
2026-07-16,threatfox,DOMAIN,qooameimygucicum.xyz,"win.metastealer, domain",n/a
2026-07-16,threatfox,DOMAIN,qoomswgcsqquyweu.xyz,"win.metastealer, domain",n/a
2026-07-16,threatfox,DOMAIN,qosmkasciccqgeum.xyz,"win.metastealer, domain",n/a
2026-07-16,threatfox,DOMAIN,qoweeyykoewmiiui.xyz,"win.metastealer, domain",n/a
2026-07-16,threatfox,DOMAIN,qowquuyueykwcuka.xyz,"win.metastealer, domain",n/a
2026-07-16,threatfox,DOMAIN,qoyieeammkewseqm.xyz,"win.metastealer, domain",n/a
2026-07-16,threatfox,DOMAIN,qikkcsyucaimsyyk.xyz,"win.metastealer, domain",n/a
2026-07-16,threatfox,DOMAIN,qimicmumwioomgga.xyz,"win.metastealer, domain",n/a
2026-07-16,threatfox,DOMAIN,qimsuwsisomyyyek.xyz,"win.metastealer, domain",n/a
2026-07-16,threatfox,DOMAIN,qiqcueykamekyaaa.xyz,"win.metastealer, domain",n/a
2026-07-16,threatfox,DOMAIN,qissaymcyieceecu.xyz,"win.metastealer, domain",n/a
2026-07-16,threatfox,DOMAIN,qiumksogqmwcamuq.xyz,"win.metastealer, domain",n/a
2026-07-16,threatfox,DOMAIN,qiyiigqycwgyqsma.xyz,"win.metastealer, domain",n/a
2026-07-16,threatfox,DOMAIN,qiyqyckiosaigoac.xyz,"win.metastealer, domain",n/a
2026-07-16,threatfox,DOMAIN,qoagqyewqoamkumi.xyz,"win.metastealer, domain",n/a
2026-07-16,threatfox,DOMAIN,qoakeoquuimgkiqi.xyz,"win.metastealer, domain",n/a
2026-07-16,threatfox,DOMAIN,qocckeuamwksaoiy.xyz,"win.metastealer, domain",n/a
2026-07-16,threatfox,DOMAIN,qoeewuwssaaecoss.xyz,"win.metastealer, domain",n/a
2026-07-16,threatfox,DOMAIN,qoeiguaemquyacmi.xyz,"win.metastealer, domain",n/a
2026-07-16,threatfox,DOMAIN,qaegoiqamesgkuke.xyz,"win.metastealer, domain",n/a
2026-07-16,threatfox,DOMAIN,qaesugaikooqosiq.xyz,"win.metastealer, domain",n/a
2026-07-16,threatfox,DOMAIN,qagmckgswgaaqeig.xyz,"win.metastealer, domain",n/a
2026-07-16,threatfox,DOMAIN,qaieskaoqeaoacuy.xyz,"win.metastealer, domain",n/a
2026-07-16,threatfox,DOMAIN,qaiooeuqywwiasgu.xyz,"win.metastealer, domain",n/a
2026-07-16,threatfox,DOMAIN,qakcyiwuysiiaeqc.xyz,"win.metastealer, domain",n/a
2026-07-16,threatfox,DOMAIN,qakycigiueusmwky.xyz,"win.metastealer, domain",n/a
2026-07-16,threatfox,DOMAIN,qamcswmgmeiwksyu.xyz,"win.metastealer, domain",n/a
2026-07-16,threatfox,DOMAIN,qaucyyqkusqmqwec.xyz,"win.metastealer, domain",n/a
2026-07-16,threatfox,DOMAIN,qaugckksigakycws.xyz,"win.metastealer, domain",n/a
2026-07-16,threatfox,DOMAIN,qauuqwegyyycesaa.xyz,"win.metastealer, domain",n/a
2026-07-16,threatfox,DOMAIN,qauwuackqaoquaym.xyz,"win.metastealer, domain",n/a
2026-07-16,threatfox,DOMAIN,qawqqeaiykyceyqo.xyz,"win.metastealer, domain",n/a
2026-07-16,threatfox,DOMAIN,qayiwkogiouiwemk.xyz,"win.metastealer, domain",n/a
2026-07-16,threatfox,DOMAIN,qayiwswomqaqgske.xyz,"win.metastealer, domain",n/a
2026-07-16,threatfox,DOMAIN,owkgikmmyuyiuugg.xyz,"win.metastealer, domain",n/a
2026-07-16,threatfox,DOMAIN,owkiqskyaoaaommk.xyz,"win.metastealer, domain",n/a
2026-07-16,threatfox,DOMAIN,owksmkwgsmukciwa.xyz,"win.metastealer, domain",n/a
2026-07-16,threatfox,DOMAIN,owqaaosuuiygqugs.xyz,"win.metastealer, domain",n/a
2026-07-16,threatfox,DOMAIN,owsauuecoeckiuwk.xyz,"win.metastealer, domain",n/a
2026-07-16,threatfox,DOMAIN,owuymoaeegmemqku.xyz,"win.metastealer, domain",n/a
2026-07-16,threatfox,DOMAIN,owwgcmucysswyuky.xyz,"win.metastealer, domain",n/a
2026-07-16,threatfox,DOMAIN,owyiewwkgqcaugkm.xyz,"win.metastealer, domain",n/a
2026-07-16,threatfox,DOMAIN,owyisimcwuikgwss.xyz,"win.metastealer, domain",n/a
2026-07-16,threatfox,DOMAIN,owywioyuowqaoocg.xyz,"win.metastealer, domain",n/a
2026-07-16,threatfox,DOMAIN,owyyaaycmuuyimeo.xyz,"win.metastealer, domain",n/a
2026-07-16,threatfox,DOMAIN,qaaeysoaoqieeikk.xyz,"win.metastealer, domain",n/a
2026-07-16,threatfox,DOMAIN,qaeacamquamakmeu.xyz,"win.metastealer, domain",n/a
2026-07-16,threatfox,DOMAIN,qaeaeeyqgaakugag.xyz,"win.metastealer, domain",n/a
2026-07-16,threatfox,DOMAIN,qaeccaimagyiikwi.xyz,"win.metastealer, domain",n/a
2026-07-16,threatfox,DOMAIN,oqsgueyousauqics.xyz,"win.metastealer, domain",n/a
2026-07-16,threatfox,DOMAIN,oqskcuqiqyiuocse.xyz,"win.metastealer, domain",n/a
2026-07-16,threatfox,DOMAIN,oqskgmkwigqeawma.xyz,"win.metastealer, domain",n/a
2026-07-16,threatfox,DOMAIN,oqssgackqcykauws.xyz,"win.metastealer, domain",n/a
2026-07-16,threatfox,DOMAIN,oquqeioasecousmu.xyz,"win.metastealer, domain",n/a
2026-07-16,threatfox,DOMAIN,oqwoomsiqsyiguqa.xyz,"win.metastealer, domain",n/a
2026-07-16,threatfox,DOMAIN,oqyagkqmocsauuay.xyz,"win.metastealer, domain",n/a
2026-07-16,threatfox,DOMAIN,owamoegqeyiaicqy.xyz,"win.metastealer, domain",n/a
2026-07-16,threatfox,DOMAIN,owaqucsgyciccagu.xyz,"win.metastealer, domain",n/a
2026-07-16,threatfox,DOMAIN,owcaeeciiceeiuiq.xyz,"win.metastealer, domain",n/a
2026-07-16,threatfox,DOMAIN,owccomauocwckocg.xyz,"win.metastealer, domain",n/a
2026-07-16,threatfox,DOMAIN,owckawysgqiyiewi.xyz,"win.metastealer, domain",n/a
2026-07-16,threatfox,DOMAIN,owcwkeeeyyqiqiao.xyz,"win.metastealer, domain",n/a
2026-07-16,threatfox,DOMAIN,owewkougwykuyiue.xyz,"win.metastealer, domain",n/a
2026-07-16,threatfox,DOMAIN,owgowwowacygqsqg.xyz,"win.metastealer, domain",n/a
2026-07-16,threatfox,DOMAIN,owgqcgcmyqyeykgg.xyz,"win.metastealer, domain",n/a
2026-07-16,threatfox,DOMAIN,owicscwaocmgyayq.xyz,"win.metastealer, domain",n/a
2026-07-16,threatfox,DOMAIN,owioaycqiaciwqse.xyz,"win.metastealer, domain",n/a
2026-07-16,threatfox,DOMAIN,oqaaoysgmcqecgmi.xyz,"win.metastealer, domain",n/a
2026-07-16,threatfox,DOMAIN,oqakicqmcasciwwe.xyz,"win.metastealer, domain",n/a
2026-07-16,threatfox,DOMAIN,oqasuckykemaikie.xyz,"win.metastealer, domain",n/a
2026-07-16,threatfox,DOMAIN,oqcaaywymskauykc.xyz,"win.metastealer, domain",n/a
2026-07-16,threatfox,DOMAIN,oqcaeqqgkkmiiqoe.xyz,"win.metastealer, domain",n/a
2026-07-16,threatfox,DOMAIN,oqccsqgmyiooycus.xyz,"win.metastealer, domain",n/a
2026-07-16,threatfox,DOMAIN,oqckgaowiqkakuwm.xyz,"win.metastealer, domain",n/a
2026-07-16,threatfox,DOMAIN,oqcucymemsoaqwck.xyz,"win.metastealer, domain",n/a
2026-07-16,threatfox,DOMAIN,oqcyogquyswssgsw.xyz,"win.metastealer, domain",n/a
2026-07-16,threatfox,DOMAIN,oqeksecqmowqkqqw.xyz,"win.metastealer, domain",n/a
2026-07-16,threatfox,DOMAIN,oqeowwyemqmgekks.xyz,"win.metastealer, domain",n/a
2026-07-16,threatfox,DOMAIN,oqgiisuyigsomomu.xyz,"win.metastealer, domain",n/a
2026-07-16,threatfox,DOMAIN,oqgwauymeauwwces.xyz,"win.metastealer, domain",n/a
2026-07-16,threatfox,DOMAIN,oqiqumqwwcemksii.xyz,"win.metastealer, domain",n/a
2026-07-16,threatfox,DOMAIN,oqiwyuokyumusuok.xyz,"win.metastealer, domain",n/a
2026-07-16,threatfox,DOMAIN,oqkeqoocyekakgio.xyz,"win.metastealer, domain",n/a
2026-07-16,threatfox,DOMAIN,oqkkcoysuqmsiocs.xyz,"win.metastealer, domain",n/a
2026-07-16,threatfox,DOMAIN,okcymcousyaiqooq.xyz,"win.metastealer, domain",n/a
2026-07-16,threatfox,DOMAIN,okeuwwwiogcioami.xyz,"win.metastealer, domain",n/a
2026-07-16,threatfox,DOMAIN,okgmmikekimyikmm.xyz,"win.metastealer, domain",n/a
2026-07-16,threatfox,DOMAIN,okigeyqwuwkgqawc.xyz,"win.metastealer, domain",n/a
2026-07-16,threatfox,DOMAIN,okioyycyoaekuicm.xyz,"win.metastealer, domain",n/a
2026-07-16,threatfox,DOMAIN,okiqmaumowmmiyeq.xyz,"win.metastealer, domain",n/a
2026-07-16,threatfox,DOMAIN,okkemkkmomiskyis.xyz,"win.metastealer, domain",n/a
2026-07-16,threatfox,DOMAIN,okkkyaucgwmeeumc.xyz,"win.metastealer, domain",n/a
2026-07-16,threatfox,DOMAIN,okmimckagsmcmmma.xyz,"win.metastealer, domain",n/a
2026-07-16,threatfox,DOMAIN,oksskousgiowcckc.xyz,"win.metastealer, domain",n/a
2026-07-16,threatfox,DOMAIN,oksssqqeksgcwecm.xyz,"win.metastealer, domain",n/a
2026-07-16,threatfox,DOMAIN,okugayaawqwaemqc.xyz,"win.metastealer, domain",n/a
2026-07-16,threatfox,DOMAIN,okugsieycoqickko.xyz,"win.metastealer, domain",n/a
2026-07-16,threatfox,DOMAIN,okwegimkkokcauue.xyz,"win.metastealer, domain",n/a
2026-07-16,threatfox,DOMAIN,okymuksseymsakew.xyz,"win.metastealer, domain",n/a
2026-07-16,threatfox,DOMAIN,oocoakymuqkykuoa.xyz,"win.metastealer, domain",n/a
2026-07-16,threatfox,DOMAIN,msumuagcswqwcuqu.xyz,"win.metastealer, domain",n/a
2026-07-16,threatfox,DOMAIN,msusyaacsegowuwy.xyz,"win.metastealer, domain",n/a
2026-07-16,threatfox,DOMAIN,msyaoeyoekgwyceq.xyz,"win.metastealer, domain",n/a
2026-07-16,threatfox,DOMAIN,msygeyawuuwmsuwo.xyz,"win.metastealer, domain",n/a
2026-07-16,threatfox,DOMAIN,myyoikamwqwuuaia.xyz,"win.metastealer, domain",n/a
2026-07-16,threatfox,DOMAIN,oeegigmywecuymea.xyz,"win.metastealer, domain",n/a
2026-07-16,threatfox,DOMAIN,oeiicuaskysesomk.xyz,"win.metastealer, domain",n/a
2026-07-16,threatfox,DOMAIN,oemqgaiqosmkaeco.xyz,"win.metastealer, domain",n/a
2026-07-16,threatfox,DOMAIN,oesewumkcucqyguo.xyz,"win.metastealer, domain",n/a
2026-07-16,threatfox,DOMAIN,oeuiceekkcqaqiiu.xyz,"win.metastealer, domain",n/a
2026-07-16,threatfox,DOMAIN,oewcgeokwwcmmcss.xyz,"win.metastealer, domain",n/a
2026-07-16,threatfox,DOMAIN,oewmycugkummiams.xyz,"win.metastealer, domain",n/a
2026-07-16,threatfox,DOMAIN,oeycoweesgqcimyy.xyz,"win.metastealer, domain",n/a
2026-07-16,threatfox,DOMAIN,okcskwiewsmgamec.xyz,"win.metastealer, domain",n/a
2026-07-16,threatfox,DOMAIN,okcwuygowiacuqoc.xyz,"win.metastealer, domain",n/a
2026-07-16,threatfox,DOMAIN,msasqokeqoeiaiaa.xyz,"win.metastealer, domain",n/a
2026-07-16,threatfox,DOMAIN,mscaqkqguqykukiy.xyz,"win.metastealer, domain",n/a
2026-07-16,threatfox,DOMAIN,msceyuikaqmyyaoo.xyz,"win.metastealer, domain",n/a
2026-07-16,threatfox,DOMAIN,msckiwammowiwyum.xyz,"win.metastealer, domain",n/a
2026-07-16,threatfox,DOMAIN,msequcmykikuuuyw.xyz,"win.metastealer, domain",n/a
2026-07-16,threatfox,DOMAIN,mseuygekeamookmu.xyz,"win.metastealer, domain",n/a
2026-07-16,threatfox,DOMAIN,msgkmmaoawwieycw.xyz,"win.metastealer, domain",n/a
2026-07-16,threatfox,DOMAIN,msgqaugcyymqageg.xyz,"win.metastealer, domain",n/a
2026-07-16,threatfox,DOMAIN,msguywyyiyswokwa.xyz,"win.metastealer, domain",n/a
2026-07-16,threatfox,DOMAIN,msgwcwqwowsqsgoa.xyz,"win.metastealer, domain",n/a
2026-07-16,threatfox,DOMAIN,msigecisoisaqeuu.xyz,"win.metastealer, domain",n/a
2026-07-16,threatfox,DOMAIN,msiueiiiioewikcg.xyz,"win.metastealer, domain",n/a
2026-07-16,threatfox,DOMAIN,msomsiowykugysgi.xyz,"win.metastealer, domain",n/a
2026-07-16,threatfox,DOMAIN,msuceageeigqscga.xyz,"win.metastealer, domain",n/a
2026-07-16,threatfox,DOMAIN,msuciiaucqsmiguc.xyz,"win.metastealer, domain",n/a
2026-07-16,threatfox,DOMAIN,mmkqeoamkwsaqssg.xyz,"win.metastealer, domain",n/a
2026-07-16,threatfox,DOMAIN,mmksuyaauoocyiwe.xyz,"win.metastealer, domain",n/a
2026-07-16,threatfox,DOMAIN,mmkymkkquemoieqs.xyz,"win.metastealer, domain",n/a
2026-07-16,threatfox,DOMAIN,mmmcwuuiwimmuuai.xyz,"win.metastealer, domain",n/a
2026-07-16,threatfox,DOMAIN,mmmqcsusmgqmgyeo.xyz,"win.metastealer, domain",n/a
2026-07-16,threatfox,DOMAIN,mmoicciugkwigygy.xyz,"win.metastealer, domain",n/a
2026-07-16,threatfox,DOMAIN,mmoiqocseeswqigi.xyz,"win.metastealer, domain",n/a
2026-07-16,threatfox,DOMAIN,mmqaeymekukcagkm.xyz,"win.metastealer, domain",n/a
2026-07-16,threatfox,DOMAIN,mmqkaesesmgmycuc.xyz,"win.metastealer, domain",n/a
2026-07-16,threatfox,DOMAIN,mmsagyqewcommeue.xyz,"win.metastealer, domain",n/a
2026-07-16,threatfox,DOMAIN,mmsieiqagccomqsg.xyz,"win.metastealer, domain",n/a
2026-07-16,threatfox,DOMAIN,mmswekcowawscekm.xyz,"win.metastealer, domain",n/a
2026-07-16,threatfox,DOMAIN,mmsyueageuumkqiq.xyz,"win.metastealer, domain",n/a
2026-07-16,threatfox,DOMAIN,mmuomgyakagmmcos.xyz,"win.metastealer, domain",n/a
2026-07-16,threatfox,DOMAIN,mmuqamceysqwkyge.xyz,"win.metastealer, domain",n/a
2026-07-16,threatfox,DOMAIN,mmyeukskiwwyumug.xyz,"win.metastealer, domain",n/a
2026-07-16,threatfox,DOMAIN,msaegckugeiokawk.xyz,"win.metastealer, domain",n/a
2026-07-16,threatfox,DOMAIN,mgmcekiymqsgwkkk.xyz,"win.metastealer, domain",n/a
2026-07-16,threatfox,DOMAIN,mgqyiuueaswucwci.xyz,"win.metastealer, domain",n/a
2026-07-16,threatfox,DOMAIN,mgsqqsaogkyigomc.xyz,"win.metastealer, domain",n/a
2026-07-16,threatfox,DOMAIN,mguqogkuacgmmwyk.xyz,"win.metastealer, domain",n/a
2026-07-16,threatfox,DOMAIN,mgwosowckigwkoig.xyz,"win.metastealer, domain",n/a
2026-07-16,threatfox,DOMAIN,mgyyasgoygsimmsa.xyz,"win.metastealer, domain",n/a
2026-07-16,threatfox,DOMAIN,mgyymmasyyiowmsu.xyz,"win.metastealer, domain",n/a
2026-07-16,threatfox,DOMAIN,mkqsacieswwiwako.xyz,"win.metastealer, domain",n/a
2026-07-16,threatfox,DOMAIN,mkyoyoywyisyaqsi.xyz,"win.metastealer, domain",n/a
2026-07-16,threatfox,DOMAIN,mmascokyuwikcgky.xyz,"win.metastealer, domain",n/a
2026-07-16,threatfox,DOMAIN,mmaweisgokeeeasm.xyz,"win.metastealer, domain",n/a
2026-07-16,threatfox,DOMAIN,mmayigkciiaikqgm.xyz,"win.metastealer, domain",n/a
2026-07-16,threatfox,DOMAIN,mmcewwqaygmmgwwm.xyz,"win.metastealer, domain",n/a
2026-07-16,threatfox,DOMAIN,mmeeggewqeuaaguk.xyz,"win.metastealer, domain",n/a
2026-07-16,threatfox,DOMAIN,mmeqcsyakwwyoeqm.xyz,"win.metastealer, domain",n/a
2026-07-16,threatfox,DOMAIN,mmguwickugmmkkcc.xyz,"win.metastealer, domain",n/a
2026-07-16,threatfox,DOMAIN,mmgwqwcecsgyaesk.xyz,"win.metastealer, domain",n/a
2026-07-16,threatfox,DOMAIN,maugeiciyokkmggq.xyz,"win.metastealer, domain",n/a
2026-07-16,threatfox,DOMAIN,maweyiaycwwoayoo.xyz,"win.metastealer, domain",n/a
2026-07-16,threatfox,DOMAIN,mawiouwakeoeeiqg.xyz,"win.metastealer, domain",n/a
2026-07-16,threatfox,DOMAIN,mayoaooyykakuegi.xyz,"win.metastealer, domain",n/a
2026-07-16,threatfox,DOMAIN,mgckoksqiiaoagaa.xyz,"win.metastealer, domain",n/a
2026-07-16,threatfox,DOMAIN,mgcuqyseqgcqgmie.xyz,"win.metastealer, domain",n/a
2026-07-16,threatfox,DOMAIN,mgeccekqwukweiyo.xyz,"win.metastealer, domain",n/a
2026-07-16,threatfox,DOMAIN,mgesygagamsikusm.xyz,"win.metastealer, domain",n/a
2026-07-16,threatfox,DOMAIN,mgiesiyoacesiisc.xyz,"win.metastealer, domain",n/a
2026-07-16,threatfox,DOMAIN,mgisigiqaoymqaiu.xyz,"win.metastealer, domain",n/a
2026-07-16,threatfox,DOMAIN,mgiywygmmeqkksqc.xyz,"win.metastealer, domain",n/a
2026-07-16,threatfox,DOMAIN,mgkgeogiyqciwuks.xyz,"win.metastealer, domain",n/a
2026-07-16,threatfox,DOMAIN,mgkmwukoguwayuog.xyz,"win.metastealer, domain",n/a
2026-07-16,threatfox,DOMAIN,mgkuyeecsuiguuuk.xyz,"win.metastealer, domain",n/a
2026-07-16,threatfox,DOMAIN,mgkweuqesymamgci.xyz,"win.metastealer, domain",n/a
2026-07-16,threatfox,DOMAIN,maaoiewasykauogs.xyz,"win.metastealer, domain",n/a
2026-07-16,threatfox,DOMAIN,maawaageeauayigi.xyz,"win.metastealer, domain",n/a
2026-07-16,threatfox,DOMAIN,macgqemssuascaee.xyz,"win.metastealer, domain",n/a
2026-07-16,threatfox,DOMAIN,macisueeuukowseo.xyz,"win.metastealer, domain",n/a
2026-07-16,threatfox,DOMAIN,maeoikkuiuwegcwo.xyz,"win.metastealer, domain",n/a
2026-07-16,threatfox,DOMAIN,magaukykcswsyamm.xyz,"win.metastealer, domain",n/a
2026-07-16,threatfox,DOMAIN,maiaoqeuekuosskg.xyz,"win.metastealer, domain",n/a
2026-07-16,threatfox,DOMAIN,maiokquauyoegsem.xyz,"win.metastealer, domain",n/a
2026-07-16,threatfox,DOMAIN,makoyqkeciyueoea.xyz,"win.metastealer, domain",n/a
2026-07-16,threatfox,DOMAIN,maksysiceoiiqssa.xyz,"win.metastealer, domain",n/a
2026-07-16,threatfox,DOMAIN,mamcwgmwoakuwems.xyz,"win.metastealer, domain",n/a
2026-07-16,threatfox,DOMAIN,maoucmymyickssmw.xyz,"win.metastealer, domain",n/a
2026-07-16,threatfox,DOMAIN,maqwuegsiayquqem.xyz,"win.metastealer, domain",n/a
2026-07-16,threatfox,DOMAIN,maqwuoogyqosquma.xyz,"win.metastealer, domain",n/a
2026-07-16,threatfox,DOMAIN,mascyeamiumawaiu.xyz,"win.metastealer, domain",n/a
2026-07-16,threatfox,DOMAIN,maswckeeycmksies.xyz,"win.metastealer, domain",n/a
2026-07-16,threatfox,DOMAIN,koweeswuiaggmaiy.xyz,"win.metastealer, domain",n/a
2026-07-16,threatfox,DOMAIN,kowysmaugcaqsciq.xyz,"win.metastealer, domain",n/a
2026-07-16,threatfox,DOMAIN,koyqaukqaoikmyms.xyz,"win.metastealer, domain",n/a
2026-07-16,threatfox,DOMAIN,koyswsmioemuqqem.xyz,"win.metastealer, domain",n/a
2026-07-16,threatfox,DOMAIN,kwakayoekscegaci.xyz,"win.metastealer, domain",n/a
2026-07-16,threatfox,DOMAIN,kwawoisswqscousm.xyz,"win.metastealer, domain",n/a
2026-07-16,threatfox,DOMAIN,kwawyeckemiwmuwq.xyz,"win.metastealer, domain",n/a
2026-07-16,threatfox,DOMAIN,kwcmyowqeccmewem.xyz,"win.metastealer, domain",n/a
2026-07-16,threatfox,DOMAIN,kweymkaugaewseow.xyz,"win.metastealer, domain",n/a
2026-07-16,threatfox,DOMAIN,kwgsweecasiiguiw.xyz,"win.metastealer, domain",n/a
2026-07-16,threatfox,DOMAIN,kwiakwoeguscqoao.xyz,"win.metastealer, domain",n/a
2026-07-16,threatfox,DOMAIN,kwickewsiqwcmuak.xyz,"win.metastealer, domain",n/a
2026-07-16,threatfox,DOMAIN,kwkcywosewayyeym.xyz,"win.metastealer, domain",n/a
2026-07-16,threatfox,DOMAIN,kwmgicksuuwiaosk.xyz,"win.metastealer, domain",n/a
2026-07-16,threatfox,DOMAIN,kwmukeusiykcaigq.xyz,"win.metastealer, domain",n/a
2026-07-16,threatfox,DOMAIN,kwsaycgagaceuoei.xyz,"win.metastealer, domain",n/a
2026-07-16,threatfox,DOMAIN,kwskwwkkucgcamyu.xyz,"win.metastealer, domain",n/a
2026-07-16,threatfox,DOMAIN,kocaskysguiuuwmu.xyz,"win.metastealer, domain",n/a
2026-07-16,threatfox,DOMAIN,kocmqukicmskqick.xyz,"win.metastealer, domain",n/a
2026-07-16,threatfox,DOMAIN,kocqqkyyyswiumuc.xyz,"win.metastealer, domain",n/a
2026-07-16,threatfox,DOMAIN,koeqcoommgkagouk.xyz,"win.metastealer, domain",n/a
2026-07-16,threatfox,DOMAIN,kogggwaqqekmqiao.xyz,"win.metastealer, domain",n/a
2026-07-16,threatfox,DOMAIN,koiwmmsceicqaweg.xyz,"win.metastealer, domain",n/a
2026-07-16,threatfox,DOMAIN,kokkegioigaeggyu.xyz,"win.metastealer, domain",n/a
2026-07-16,threatfox,DOMAIN,kooisusoiwgesyoq.xyz,"win.metastealer, domain",n/a
2026-07-16,threatfox,DOMAIN,koosaiusskgcmwwu.xyz,"win.metastealer, domain",n/a
2026-07-16,threatfox,DOMAIN,koqmsemqkiecuycu.xyz,"win.metastealer, domain",n/a
2026-07-16,threatfox,DOMAIN,kosewkiogowqaoeo.xyz,"win.metastealer, domain",n/a
2026-07-16,threatfox,DOMAIN,kosgukmymeuiwqua.xyz,"win.metastealer, domain",n/a
2026-07-16,threatfox,DOMAIN,kosigsqigeqquciq.xyz,"win.metastealer, domain",n/a
2026-07-16,threatfox,DOMAIN,kouigaggmiqugaku.xyz,"win.metastealer, domain",n/a
2026-07-16,threatfox,DOMAIN,kowaaokaecceoaks.xyz,"win.metastealer, domain",n/a
2026-07-16,threatfox,DOMAIN,kowcawiawagscwos.xyz,"win.metastealer, domain",n/a
2026-07-16,threatfox,DOMAIN,kiomccassamkccys.xyz,"win.metastealer, domain",n/a
2026-07-16,threatfox,DOMAIN,kioswaskwsqyscac.xyz,"win.metastealer, domain",n/a
2026-07-16,threatfox,DOMAIN,kiqaceaqecyiugkq.xyz,"win.metastealer, domain",n/a
2026-07-16,threatfox,DOMAIN,kiqaiymyeyycyaee.xyz,"win.metastealer, domain",n/a
2026-07-16,threatfox,DOMAIN,kiqcmqimwkoqmoyu.xyz,"win.metastealer, domain",n/a
2026-07-16,threatfox,DOMAIN,kiqqqgciqgwycses.xyz,"win.metastealer, domain",n/a
2026-07-16,threatfox,DOMAIN,kisgucygsqeowmcc.xyz,"win.metastealer, domain",n/a
2026-07-16,threatfox,DOMAIN,kiuaiqgiqwsyggea.xyz,"win.metastealer, domain",n/a
2026-07-16,threatfox,DOMAIN,kiueekmauckommao.xyz,"win.metastealer, domain",n/a
2026-07-16,threatfox,DOMAIN,kiyowywcgiqemqoo.xyz,"win.metastealer, domain",n/a
2026-07-16,threatfox,DOMAIN,kiyqoakucmyocauq.xyz,"win.metastealer, domain",n/a
2026-07-16,threatfox,DOMAIN,kmccemwaaikaggqs.xyz,"win.metastealer, domain",n/a
2026-07-16,threatfox,DOMAIN,koaaiygaakekayye.xyz,"win.metastealer, domain",n/a
2026-07-16,threatfox,DOMAIN,koasoikiwyskwggq.xyz,"win.metastealer, domain",n/a
2026-07-16,threatfox,DOMAIN,kcykgmiswgkceqse.xyz,"win.metastealer, domain",n/a
2026-07-16,threatfox,DOMAIN,kiagcguqaoyqgemc.xyz,"win.metastealer, domain",n/a
2026-07-16,threatfox,DOMAIN,kiaooawiqmkaouoa.xyz,"win.metastealer, domain",n/a
2026-07-16,threatfox,DOMAIN,kiauiocguoigcaey.xyz,"win.metastealer, domain",n/a
2026-07-16,threatfox,DOMAIN,kiaummkqaqgoiqaa.xyz,"win.metastealer, domain",n/a
2026-07-16,threatfox,DOMAIN,kiaywkmokaakqggm.xyz,"win.metastealer, domain",n/a
2026-07-16,threatfox,DOMAIN,kiciqckgmqykuksy.xyz,"win.metastealer, domain",n/a
2026-07-16,threatfox,DOMAIN,kicugioeomcsgkeg.xyz,"win.metastealer, domain",n/a
2026-07-16,threatfox,DOMAIN,kieaqsgmsssmicgw.xyz,"win.metastealer, domain",n/a
2026-07-16,threatfox,DOMAIN,kieyggokikwukmqc.xyz,"win.metastealer, domain",n/a
2026-07-16,threatfox,DOMAIN,kigiugukemiuaioy.xyz,"win.metastealer, domain",n/a
2026-07-16,threatfox,DOMAIN,kigkkuqaqcusyaes.xyz,"win.metastealer, domain",n/a
2026-07-16,threatfox,DOMAIN,kigqyyaouqikiuci.xyz,"win.metastealer, domain",n/a
2026-07-16,threatfox,DOMAIN,kiicsosecqmmkaam.xyz,"win.metastealer, domain",n/a
2026-07-16,threatfox,DOMAIN,kikckwoumqigemae.xyz,"win.metastealer, domain",n/a
2026-07-16,threatfox,DOMAIN,kimuquoemskggauo.xyz,"win.metastealer, domain",n/a
2026-07-16,threatfox,DOMAIN,kckeogemcikqweqk.xyz,"win.metastealer, domain",n/a
2026-07-16,threatfox,DOMAIN,kckeugooacgyugau.xyz,"win.metastealer, domain",n/a
2026-07-16,threatfox,DOMAIN,kckkmcmsmuiiewss.xyz,"win.metastealer, domain",n/a
2026-07-16,threatfox,DOMAIN,kckossiegaqwkyas.xyz,"win.metastealer, domain",n/a
2026-07-16,threatfox,DOMAIN,kckswcuwiiquuioi.xyz,"win.metastealer, domain",n/a
2026-07-16,threatfox,DOMAIN,kcosiayamoocqowy.xyz,"win.metastealer, domain",n/a
2026-07-16,threatfox,DOMAIN,kcqqucimqkuckoui.xyz,"win.metastealer, domain",n/a
2026-07-16,threatfox,DOMAIN,kcsksaecceiiamwo.xyz,"win.metastealer, domain",n/a
2026-07-16,threatfox,DOMAIN,kcsmiggoccmegcuy.xyz,"win.metastealer, domain",n/a
2026-07-16,threatfox,DOMAIN,kcsmukmosauaweia.xyz,"win.metastealer, domain",n/a
2026-07-16,threatfox,DOMAIN,kcsookaoswqkycoa.xyz,"win.metastealer, domain",n/a
2026-07-16,threatfox,DOMAIN,kcsuiggeoyuioqwa.xyz,"win.metastealer, domain",n/a
2026-07-16,threatfox,DOMAIN,kcueciemkgkosiuy.xyz,"win.metastealer, domain",n/a
2026-07-16,threatfox,DOMAIN,kcyacgesgciqkuok.xyz,"win.metastealer, domain",n/a
2026-07-16,threatfox,DOMAIN,iyogaikqwmwkimcc.xyz,"win.metastealer, domain",n/a
2026-07-16,threatfox,DOMAIN,iyokwqeqccqwayaa.xyz,"win.metastealer, domain",n/a
2026-07-16,threatfox,DOMAIN,iyomyoqyosqkswoy.xyz,"win.metastealer, domain",n/a
2026-07-16,threatfox,DOMAIN,iyquaoomomkykigo.xyz,"win.metastealer, domain",n/a
2026-07-16,threatfox,DOMAIN,iysckyosmsyqkyia.xyz,"win.metastealer, domain",n/a
2026-07-16,threatfox,DOMAIN,iysqeicgswwmsqys.xyz,"win.metastealer, domain",n/a
2026-07-16,threatfox,DOMAIN,iysqqsociokckgcm.xyz,"win.metastealer, domain",n/a
2026-07-16,threatfox,DOMAIN,iyswcgomswmuscii.xyz,"win.metastealer, domain",n/a
2026-07-16,threatfox,DOMAIN,iyukcwcecoaeksyw.xyz,"win.metastealer, domain",n/a
2026-07-16,threatfox,DOMAIN,iyumwqggeyuiugqy.xyz,"win.metastealer, domain",n/a
2026-07-16,threatfox,DOMAIN,iyuuqyekwwaocmui.xyz,"win.metastealer, domain",n/a
2026-07-16,threatfox,DOMAIN,iyuykywsycoiaeow.xyz,"win.metastealer, domain",n/a
2026-07-16,threatfox,DOMAIN,iywgueowcemyisig.xyz,"win.metastealer, domain",n/a
2026-07-16,threatfox,DOMAIN,iyyquyssuccogqsw.xyz,"win.metastealer, domain",n/a
2026-07-16,threatfox,DOMAIN,kcaasiiogywqgseu.xyz,"win.metastealer, domain",n/a
2026-07-16,threatfox,DOMAIN,kcaumkkyqkqsywse.xyz,"win.metastealer, domain",n/a
2026-07-16,threatfox,DOMAIN,ikyiaisaoqkwqomu.xyz,"win.metastealer, domain",n/a
2026-07-16,threatfox,DOMAIN,ikyyuomqiayscmkg.xyz,"win.metastealer, domain",n/a
2026-07-16,threatfox,DOMAIN,isaqmaawuoakeewc.xyz,"win.metastealer, domain",n/a
2026-07-16,threatfox,DOMAIN,iscaoamigosagiua.xyz,"win.metastealer, domain",n/a
2026-07-16,threatfox,DOMAIN,iscymmggocumiomc.xyz,"win.metastealer, domain",n/a
2026-07-16,threatfox,DOMAIN,iseugwcwemequeas.xyz,"win.metastealer, domain",n/a
2026-07-16,threatfox,DOMAIN,isqumsceusukeqoy.xyz,"win.metastealer, domain",n/a
2026-07-16,threatfox,DOMAIN,iyaoqyiumcwgqcca.xyz,"win.metastealer, domain",n/a
2026-07-16,threatfox,DOMAIN,iyckceeogmaoiicy.xyz,"win.metastealer, domain",n/a
2026-07-16,threatfox,DOMAIN,iyewmiamigsgieqe.xyz,"win.metastealer, domain",n/a
2026-07-16,threatfox,DOMAIN,iyiamukgwiwescoa.xyz,"win.metastealer, domain",n/a
2026-07-16,threatfox,DOMAIN,iykoqcsiaqqmimio.xyz,"win.metastealer, domain",n/a
2026-07-16,threatfox,DOMAIN,iymsomywwqeuswii.xyz,"win.metastealer, domain",n/a
2026-07-16,threatfox,DOMAIN,ikimquigykukwkgm.xyz,"win.metastealer, domain",n/a
2026-07-16,threatfox,DOMAIN,ikkeacqwooawweoc.xyz,"win.metastealer, domain",n/a
2026-07-16,threatfox,DOMAIN,ikmmuwecscmgssui.xyz,"win.metastealer, domain",n/a
2026-07-16,threatfox,DOMAIN,ikmuiykseasyksoi.xyz,"win.metastealer, domain",n/a
2026-07-16,threatfox,DOMAIN,ikoqicamegmugoyo.xyz,"win.metastealer, domain",n/a
2026-07-16,threatfox,DOMAIN,ikosygiikgkgoeco.xyz,"win.metastealer, domain",n/a
2026-07-16,threatfox,DOMAIN,ikqesosqmkakgyye.xyz,"win.metastealer, domain",n/a
2026-07-16,threatfox,DOMAIN,ikqmkwaucaquqcio.xyz,"win.metastealer, domain",n/a
2026-07-16,threatfox,DOMAIN,ikqyqeykigkgoqqy.xyz,"win.metastealer, domain",n/a
2026-07-16,threatfox,DOMAIN,ikqyyqoisawiccoe.xyz,"win.metastealer, domain",n/a
2026-07-16,threatfox,DOMAIN,iksywccsemaiysiu.xyz,"win.metastealer, domain",n/a
2026-07-16,threatfox,DOMAIN,ikucmwsqqgogoiwc.xyz,"win.metastealer, domain",n/a
2026-07-16,threatfox,DOMAIN,ikuoykswecyquwcw.xyz,"win.metastealer, domain",n/a
2026-07-16,threatfox,DOMAIN,ikuuuyiyamaysgoo.xyz,"win.metastealer, domain",n/a
2026-07-16,threatfox,DOMAIN,ikygkoquikmsuwck.xyz,"win.metastealer, domain",n/a
2026-07-16,threatfox,DOMAIN,iesyyacakggqgkyo.xyz,"win.metastealer, domain",n/a
2026-07-16,threatfox,DOMAIN,iewaiaeicgsyqscm.xyz,"win.metastealer, domain",n/a
2026-07-16,threatfox,DOMAIN,iewikaokkgeccica.xyz,"win.metastealer, domain",n/a
2026-07-16,threatfox,DOMAIN,iewmaqqyqsayeawc.xyz,"win.metastealer, domain",n/a
2026-07-16,threatfox,DOMAIN,iewqamwsycqoeeam.xyz,"win.metastealer, domain",n/a
2026-07-16,threatfox,DOMAIN,iewswkywegsswqwu.xyz,"win.metastealer, domain",n/a
2026-07-16,threatfox,DOMAIN,ieyeuaoimksiisga.xyz,"win.metastealer, domain",n/a
2026-07-16,threatfox,DOMAIN,ieygeccocgswyumc.xyz,"win.metastealer, domain",n/a
2026-07-16,threatfox,DOMAIN,ieyqkmmawewoaoao.xyz,"win.metastealer, domain",n/a
2026-07-16,threatfox,DOMAIN,ikacuamiaoikukmg.xyz,"win.metastealer, domain",n/a
2026-07-16,threatfox,DOMAIN,ikamsmqcmesqewec.xyz,"win.metastealer, domain",n/a
2026-07-16,threatfox,DOMAIN,ikeiuosaaamkouuu.xyz,"win.metastealer, domain",n/a
2026-07-16,threatfox,DOMAIN,ikesmyimaskqkiaq.xyz,"win.metastealer, domain",n/a
2026-07-16,threatfox,DOMAIN,ikgiikscecyugswi.xyz,"win.metastealer, domain",n/a
2026-07-16,threatfox,DOMAIN,ikguakuwyumugium.xyz,"win.metastealer, domain",n/a
2026-07-16,threatfox,DOMAIN,guuckmgogwiceiyq.xyz,"win.metastealer, domain",n/a
2026-07-16,threatfox,DOMAIN,guwyueikoyikgmaw.xyz,"win.metastealer, domain",n/a
2026-07-16,threatfox,DOMAIN,guyekosmoakcaqiw.xyz,"win.metastealer, domain",n/a
2026-07-16,threatfox,DOMAIN,guyiyaeemsykycuc.xyz,"win.metastealer, domain",n/a
2026-07-16,threatfox,DOMAIN,ieaqiayismkgakoq.xyz,"win.metastealer, domain",n/a
2026-07-16,threatfox,DOMAIN,iecggkwkukscsekw.xyz,"win.metastealer, domain",n/a
2026-07-16,threatfox,DOMAIN,ieeasswmaoiwygsw.xyz,"win.metastealer, domain",n/a
2026-07-16,threatfox,DOMAIN,iegswyuwqiuiyguu.xyz,"win.metastealer, domain",n/a
2026-07-16,threatfox,DOMAIN,iekcmgmoewumgcaq.xyz,"win.metastealer, domain",n/a
2026-07-16,threatfox,DOMAIN,iemeeycwsgesuouw.xyz,"win.metastealer, domain",n/a
2026-07-16,threatfox,DOMAIN,iemscwiwqmuecqci.xyz,"win.metastealer, domain",n/a
2026-07-16,threatfox,DOMAIN,ieoekamqmseuwgoa.xyz,"win.metastealer, domain",n/a
2026-07-16,threatfox,DOMAIN,ieoscasoaisoqasa.xyz,"win.metastealer, domain",n/a
2026-07-16,threatfox,DOMAIN,ieoysymkweoqmaci.xyz,"win.metastealer, domain",n/a
2026-07-16,threatfox,DOMAIN,ieqgmgywewecmaco.xyz,"win.metastealer, domain",n/a
2026-07-16,threatfox,DOMAIN,ieqqusaugaoygmui.xyz,"win.metastealer, domain",n/a
2026-07-16,threatfox,DOMAIN,iesicoieqkwwkyas.xyz,"win.metastealer, domain",n/a
2026-07-16,threatfox,DOMAIN,iesuegoaiwmwuccs.xyz,"win.metastealer, domain",n/a
2026-07-16,threatfox,DOMAIN,gomucsqgmoassouo.xyz,"win.metastealer, domain",n/a
2026-07-16,threatfox,DOMAIN,gucqmqymoaaqammq.xyz,"win.metastealer, domain",n/a
2026-07-16,threatfox,DOMAIN,gueymguoqysusuwi.xyz,"win.metastealer, domain",n/a
2026-07-16,threatfox,DOMAIN,guiwqqukagiywike.xyz,"win.metastealer, domain",n/a
2026-07-16,threatfox,DOMAIN,gukccqauswacuaaa.xyz,"win.metastealer, domain",n/a
2026-07-16,threatfox,DOMAIN,gukeasiiqcwuiiqw.xyz,"win.metastealer, domain",n/a
2026-07-16,threatfox,DOMAIN,gukikuwwwwycqgqo.xyz,"win.metastealer, domain",n/a
2026-07-16,threatfox,DOMAIN,gumiymwigooywusk.xyz,"win.metastealer, domain",n/a
2026-07-16,threatfox,DOMAIN,guoaywqggoswoqmq.xyz,"win.metastealer, domain",n/a
2026-07-16,threatfox,DOMAIN,guoeokcauqwmsgsm.xyz,"win.metastealer, domain",n/a
2026-07-16,threatfox,DOMAIN,guomcyaaigigseeq.xyz,"win.metastealer, domain",n/a
2026-07-16,threatfox,DOMAIN,guqimquoyqueqquk.xyz,"win.metastealer, domain",n/a
2026-07-16,threatfox,DOMAIN,gusakccgyqogeass.xyz,"win.metastealer, domain",n/a
2026-07-16,threatfox,DOMAIN,gusgiaagmgoamioq.xyz,"win.metastealer, domain",n/a
2026-07-16,threatfox,DOMAIN,gusgkwuwsgqkeeoq.xyz,"win.metastealer, domain",n/a
2026-07-16,threatfox,DOMAIN,ggqmoicywymiucgo.xyz,"win.metastealer, domain",n/a
2026-07-16,threatfox,DOMAIN,ggqmuksckqowmcog.xyz,"win.metastealer, domain",n/a
2026-07-16,threatfox,DOMAIN,ggquyiaqciasiokc.xyz,"win.metastealer, domain",n/a
2026-07-16,threatfox,DOMAIN,ggumeqygucsgqiss.xyz,"win.metastealer, domain",n/a
2026-07-16,threatfox,DOMAIN,ggweckyuqeygakyw.xyz,"win.metastealer, domain",n/a
2026-07-16,threatfox,DOMAIN,ggwuesucikscgsay.xyz,"win.metastealer, domain",n/a
2026-07-16,threatfox,DOMAIN,ggymiagewkimcaqu.xyz,"win.metastealer, domain",n/a
2026-07-16,threatfox,DOMAIN,gocogmqsgyqqmeis.xyz,"win.metastealer, domain",n/a
2026-07-16,threatfox,DOMAIN,goeemwsgkegoycwq.xyz,"win.metastealer, domain",n/a
2026-07-16,threatfox,DOMAIN,goeuaigkucuigaou.xyz,"win.metastealer, domain",n/a
2026-07-16,threatfox,DOMAIN,gogyweowscmmeumo.xyz,"win.metastealer, domain",n/a
2026-07-16,threatfox,DOMAIN,goigeqiawsogwgke.xyz,"win.metastealer, domain",n/a
2026-07-16,threatfox,DOMAIN,gokksosyecuwukcw.xyz,"win.metastealer, domain",n/a
2026-07-16,threatfox,DOMAIN,gokooiuegwiiiiys.xyz,"win.metastealer, domain",n/a
2026-07-16,threatfox,DOMAIN,gawiaggegqkowqms.xyz,"win.metastealer, domain",n/a
2026-07-16,threatfox,DOMAIN,gawwykasiaowgkcu.xyz,"win.metastealer, domain",n/a
2026-07-16,threatfox,DOMAIN,gayioegcywyyusga.xyz,"win.metastealer, domain",n/a
2026-07-16,threatfox,DOMAIN,gayoouakiiesssse.xyz,"win.metastealer, domain",n/a
2026-07-16,threatfox,DOMAIN,gayqkcausycqmcuq.xyz,"win.metastealer, domain",n/a
2026-07-16,threatfox,DOMAIN,gayssoawioymwyuk.xyz,"win.metastealer, domain",n/a
2026-07-16,threatfox,DOMAIN,ggaicciaoygoagio.xyz,"win.metastealer, domain",n/a
2026-07-16,threatfox,DOMAIN,ggasoaommseoqmqc.xyz,"win.metastealer, domain",n/a
2026-07-16,threatfox,DOMAIN,ggasusyoqoqukmme.xyz,"win.metastealer, domain",n/a
2026-07-16,threatfox,DOMAIN,ggaymgcuqqoggesc.xyz,"win.metastealer, domain",n/a
2026-07-16,threatfox,DOMAIN,ggicieaoowskgosa.xyz,"win.metastealer, domain",n/a
2026-07-16,threatfox,DOMAIN,ggmwswweqysccskq.xyz,"win.metastealer, domain",n/a
2026-07-16,threatfox,DOMAIN,ggogmaoyoguaycie.xyz,"win.metastealer, domain",n/a
2026-07-16,threatfox,DOMAIN,ggoigaeocaywuecw.xyz,"win.metastealer, domain",n/a
2026-07-16,threatfox,DOMAIN,ggqcsymsiueiygci.xyz,"win.metastealer, domain",n/a
2026-07-16,threatfox,DOMAIN,ggqcwaaigwceaoia.xyz,"win.metastealer, domain",n/a
2026-07-16,threatfox,DOMAIN,ggqkmqwcwemsyyaa.xyz,"win.metastealer, domain",n/a
2026-07-16,threatfox,DOMAIN,gaiyqqkisasaaeyi.xyz,"win.metastealer, domain",n/a
2026-07-16,threatfox,DOMAIN,gakaoscogwowcqom.xyz,"win.metastealer, domain",n/a
2026-07-16,threatfox,DOMAIN,gakceoyoeocomioe.xyz,"win.metastealer, domain",n/a
2026-07-16,threatfox,DOMAIN,gakkuawkwciycyeg.xyz,"win.metastealer, domain",n/a
2026-07-16,threatfox,DOMAIN,gakwiockeoeqgsqw.xyz,"win.metastealer, domain",n/a
2026-07-16,threatfox,DOMAIN,gamksygwmsaayqmm.xyz,"win.metastealer, domain",n/a
2026-07-16,threatfox,DOMAIN,gaoaigioyocckkey.xyz,"win.metastealer, domain",n/a
2026-07-16,threatfox,DOMAIN,gaqcskwuoowsmomo.xyz,"win.metastealer, domain",n/a
2026-07-16,threatfox,DOMAIN,gaqkweawewiyuimg.xyz,"win.metastealer, domain",n/a
2026-07-16,threatfox,DOMAIN,gaqqqccykioaegss.xyz,"win.metastealer, domain",n/a
2026-07-16,threatfox,DOMAIN,gascwmskqoggmyki.xyz,"win.metastealer, domain",n/a
2026-07-16,threatfox,DOMAIN,gasmoceikmoswaqg.xyz,"win.metastealer, domain",n/a
2026-07-16,threatfox,DOMAIN,gaukooiqcwkmwkua.xyz,"win.metastealer, domain",n/a
2026-07-16,threatfox,DOMAIN,gauoqigcuaqsmmou.xyz,"win.metastealer, domain",n/a
2026-07-16,threatfox,DOMAIN,gaweueagukggakmg.xyz,"win.metastealer, domain",n/a
2026-07-16,threatfox,DOMAIN,gaaeacuogsywmiue.xyz,"win.metastealer, domain",n/a
2026-07-16,threatfox,DOMAIN,gaagkgwmciyykqeu.xyz,"win.metastealer, domain",n/a
2026-07-16,threatfox,DOMAIN,gaaiumckmyummmyu.xyz,"win.metastealer, domain",n/a
2026-07-16,threatfox,DOMAIN,gaauqaeqcyaygees.xyz,"win.metastealer, domain",n/a
2026-07-16,threatfox,DOMAIN,gacgmicogiqymeaq.xyz,"win.metastealer, domain",n/a
2026-07-16,threatfox,DOMAIN,gaciaaqgsmuswugg.xyz,"win.metastealer, domain",n/a
2026-07-16,threatfox,DOMAIN,gacoygyuqysscoyw.xyz,"win.metastealer, domain",n/a
2026-07-16,threatfox,DOMAIN,gacwkuoemkiyccss.xyz,"win.metastealer, domain",n/a
2026-07-16,threatfox,DOMAIN,gacyqsgoawsgkyuq.xyz,"win.metastealer, domain",n/a
2026-07-16,threatfox,DOMAIN,gaeaoqkamaucasuk.xyz,"win.metastealer, domain",n/a
2026-07-16,threatfox,DOMAIN,gaeowickausikmew.xyz,"win.metastealer, domain",n/a
2026-07-16,threatfox,DOMAIN,gaeucikkcqiyecyc.xyz,"win.metastealer, domain",n/a
2026-07-16,threatfox,DOMAIN,gaewwmsaeqckmoio.xyz,"win.metastealer, domain",n/a
2026-07-16,threatfox,DOMAIN,gagayksccyoaegsy.xyz,"win.metastealer, domain",n/a
2026-07-16,threatfox,DOMAIN,gaiawkqymeqmqwci.xyz,"win.metastealer, domain",n/a
2026-07-16,threatfox,DOMAIN,gaiqcmwiuiaiwwcq.xyz,"win.metastealer, domain",n/a
2026-07-16,threatfox,DOMAIN,gaiwmqgquwgikyum.xyz,"win.metastealer, domain",n/a
2026-07-16,threatfox,DOMAIN,ewgcykacmokegoee.xyz,"win.metastealer, domain",n/a
2026-07-16,threatfox,DOMAIN,ewgwucwuaiqswyeo.xyz,"win.metastealer, domain",n/a
2026-07-16,threatfox,DOMAIN,ewgymogckysisaaw.xyz,"win.metastealer, domain",n/a
2026-07-16,threatfox,DOMAIN,ewiskeagmkgyskyc.xyz,"win.metastealer, domain",n/a
2026-07-16,threatfox,DOMAIN,ewiyswswmqwsccog.xyz,"win.metastealer, domain",n/a
2026-07-16,threatfox,DOMAIN,ewkeqaccuqoqwyyu.xyz,"win.metastealer, domain",n/a
2026-07-16,threatfox,DOMAIN,ewkggaewcaagmkus.xyz,"win.metastealer, domain",n/a
2026-07-16,threatfox,DOMAIN,ewoasiiiaggammko.xyz,"win.metastealer, domain",n/a
2026-07-16,threatfox,DOMAIN,ewocyiqaioawskoq.xyz,"win.metastealer, domain",n/a
2026-07-16,threatfox,DOMAIN,ewomkgwgaksogouu.xyz,"win.metastealer, domain",n/a
2026-07-16,threatfox,DOMAIN,ewommamkwuaekyss.xyz,"win.metastealer, domain",n/a
2026-07-16,threatfox,DOMAIN,ewoswwmkeauescuk.xyz,"win.metastealer, domain",n/a
2026-07-16,threatfox,DOMAIN,ewqyiwwswagykcyg.xyz,"win.metastealer, domain",n/a
2026-07-16,threatfox,DOMAIN,ewsiocqguamqsoac.xyz,"win.metastealer, domain",n/a
2026-07-16,threatfox,DOMAIN,ewwuwikyomgeqmww.xyz,"win.metastealer, domain",n/a
2026-07-16,threatfox,DOMAIN,ewwyeywqaqwqiusw.xyz,"win.metastealer, domain",n/a
2026-07-16,threatfox,DOMAIN,ewygquiagosmykcu.xyz,"win.metastealer, domain",n/a
2026-07-16,threatfox,DOMAIN,eqgiuyokqwcokkmm.xyz,"win.metastealer, domain",n/a
2026-07-16,threatfox,DOMAIN,eqgmkcwwgeyuwcsw.xyz,"win.metastealer, domain",n/a
2026-07-16,threatfox,DOMAIN,eqiieaooiyyswome.xyz,"win.metastealer, domain",n/a
2026-07-16,threatfox,DOMAIN,eqikomeaswogskau.xyz,"win.metastealer, domain",n/a
2026-07-16,threatfox,DOMAIN,eqkeggmoowumqaec.xyz,"win.metastealer, domain",n/a
2026-07-16,threatfox,DOMAIN,eqqeymgsiyuyegaq.xyz,"win.metastealer, domain",n/a
2026-07-16,threatfox,DOMAIN,eqsewksioowmmmgw.xyz,"win.metastealer, domain",n/a
2026-07-16,threatfox,DOMAIN,eqsuuiqsogqiqyws.xyz,"win.metastealer, domain",n/a
2026-07-16,threatfox,DOMAIN,equecgemyikeqqga.xyz,"win.metastealer, domain",n/a
2026-07-16,threatfox,DOMAIN,eqyoosykksekcqyy.xyz,"win.metastealer, domain",n/a
2026-07-16,threatfox,DOMAIN,ewaouoqocowsycco.xyz,"win.metastealer, domain",n/a
2026-07-16,threatfox,DOMAIN,ewawggussgamswao.xyz,"win.metastealer, domain",n/a
2026-07-16,threatfox,DOMAIN,ewaysyoicmgmmcio.xyz,"win.metastealer, domain",n/a
2026-07-16,threatfox,DOMAIN,ewckieomgesgkwsg.xyz,"win.metastealer, domain",n/a
2026-07-16,threatfox,DOMAIN,ewcswekywiwaoqii.xyz,"win.metastealer, domain",n/a
2026-07-16,threatfox,DOMAIN,eweeaygkiuwgwymy.xyz,"win.metastealer, domain",n/a
2026-07-16,threatfox,DOMAIN,ewewgyoqeqaysouo.xyz,"win.metastealer, domain",n/a
2026-07-16,threatfox,DOMAIN,eksmgoeeaoceagca.xyz,"win.metastealer, domain",n/a
2026-07-16,threatfox,DOMAIN,ekucqgmaymemggow.xyz,"win.metastealer, domain",n/a
2026-07-16,threatfox,DOMAIN,ekussowwgiccymoq.xyz,"win.metastealer, domain",n/a
2026-07-16,threatfox,DOMAIN,ekygqaeiiyaieege.xyz,"win.metastealer, domain",n/a
2026-07-16,threatfox,DOMAIN,ekymawegcmqskcam.xyz,"win.metastealer, domain",n/a
2026-07-16,threatfox,DOMAIN,eoguwycuwkyqkawk.xyz,"win.metastealer, domain",n/a
2026-07-16,threatfox,DOMAIN,eqaksoicusiasqim.xyz,"win.metastealer, domain",n/a
2026-07-16,threatfox,DOMAIN,eqauckeqymiqcsqa.xyz,"win.metastealer, domain",n/a
2026-07-16,threatfox,DOMAIN,eqaucwwiqikuowei.xyz,"win.metastealer, domain",n/a
2026-07-16,threatfox,DOMAIN,eqcgwywgecqesisu.xyz,"win.metastealer, domain",n/a
2026-07-16,threatfox,DOMAIN,eqckkyugsgsisasm.xyz,"win.metastealer, domain",n/a
2026-07-16,threatfox,DOMAIN,eqcwuiekcyiesmya.xyz,"win.metastealer, domain",n/a
2026-07-16,threatfox,DOMAIN,eqcyywsmyqyucsaa.xyz,"win.metastealer, domain",n/a
2026-07-16,threatfox,DOMAIN,eqegqmggumoumsyo.xyz,"win.metastealer, domain",n/a
2026-07-16,threatfox,DOMAIN,eqeomamgecusygam.xyz,"win.metastealer, domain",n/a
2026-07-16,threatfox,DOMAIN,eqgegaccaemgyaum.xyz,"win.metastealer, domain",n/a
2026-07-16,threatfox,DOMAIN,ecqwemwwuguosoym.xyz,"win.metastealer, domain",n/a
2026-07-16,threatfox,DOMAIN,ecseoiioowgsiuci.xyz,"win.metastealer, domain",n/a
2026-07-16,threatfox,DOMAIN,ecsgkcgqsqyasmuo.xyz,"win.metastealer, domain",n/a
2026-07-16,threatfox,DOMAIN,ecskkoosuuyocwqe.xyz,"win.metastealer, domain",n/a
2026-07-16,threatfox,DOMAIN,ecsmeuskqaqoikwo.xyz,"win.metastealer, domain",n/a
2026-07-16,threatfox,DOMAIN,ecsqkeisymysegkm.xyz,"win.metastealer, domain",n/a
2026-07-16,threatfox,DOMAIN,ecswamaaywukkmik.xyz,"win.metastealer, domain",n/a
2026-07-16,threatfox,DOMAIN,ecusmmqceswusswo.xyz,"win.metastealer, domain",n/a
2026-07-16,threatfox,DOMAIN,ecwoawoekuewcuke.xyz,"win.metastealer, domain",n/a
2026-07-16,threatfox,DOMAIN,ekcyiyekyccsikgw.xyz,"win.metastealer, domain",n/a
2026-07-16,threatfox,DOMAIN,ekeeoscmywcmukye.xyz,"win.metastealer, domain",n/a
2026-07-16,threatfox,DOMAIN,ekegosywcuwakwgs.xyz,"win.metastealer, domain",n/a
2026-07-16,threatfox,DOMAIN,ekgyykkawsoaoqme.xyz,"win.metastealer, domain",n/a
2026-07-16,threatfox,DOMAIN,ekmuwuwowakimqys.xyz,"win.metastealer, domain",n/a
2026-07-16,threatfox,DOMAIN,ekquegyucicocywa.xyz,"win.metastealer, domain",n/a
2026-07-16,threatfox,DOMAIN,ekquemucssoqqgca.xyz,"win.metastealer, domain",n/a
2026-07-16,threatfox,DOMAIN,ecekwyoogmoyywgq.xyz,"win.metastealer, domain",n/a
2026-07-16,threatfox,DOMAIN,ecewgycgsseiqyao.xyz,"win.metastealer, domain",n/a
2026-07-16,threatfox,DOMAIN,ecgkwwikwumookeu.xyz,"win.metastealer, domain",n/a
2026-07-16,threatfox,DOMAIN,ecieeswggsawkusu.xyz,"win.metastealer, domain",n/a
2026-07-16,threatfox,DOMAIN,ecigsmyykauwcqce.xyz,"win.metastealer, domain",n/a
2026-07-16,threatfox,DOMAIN,eckiqaakqecymmak.xyz,"win.metastealer, domain",n/a
2026-07-16,threatfox,DOMAIN,eckmkceeucegawow.xyz,"win.metastealer, domain",n/a
2026-07-16,threatfox,DOMAIN,ecmgugcskqeiiaok.xyz,"win.metastealer, domain",n/a
2026-07-16,threatfox,DOMAIN,ecmsykmiceaqwcmw.xyz,"win.metastealer, domain",n/a
2026-07-16,threatfox,DOMAIN,ecoeoeoakwswwsaq.xyz,"win.metastealer, domain",n/a
2026-07-16,threatfox,DOMAIN,ecokgyweeqwgosoy.xyz,"win.metastealer, domain",n/a
2026-07-16,threatfox,DOMAIN,ecomcqgiaguuqwmk.xyz,"win.metastealer, domain",n/a
2026-07-16,threatfox,DOMAIN,ecoocoqeowaygquq.xyz,"win.metastealer, domain",n/a
2026-07-16,threatfox,DOMAIN,ecqioykyqcamsicq.xyz,"win.metastealer, domain",n/a
2026-07-16,threatfox,DOMAIN,ecqqwwywgeoogaiu.xyz,"win.metastealer, domain",n/a
2026-07-16,threatfox,DOMAIN,cymmomiwkiqeskiw.xyz,"win.metastealer, domain",n/a
2026-07-16,threatfox,DOMAIN,cyqcukcgowcuogga.xyz,"win.metastealer, domain",n/a
2026-07-16,threatfox,DOMAIN,cyqmesgeucuesuae.xyz,"win.metastealer, domain",n/a
2026-07-16,threatfox,DOMAIN,cyqomoscemsacmig.xyz,"win.metastealer, domain",n/a
2026-07-16,threatfox,DOMAIN,cyqqcwceqaqqmsuq.xyz,"win.metastealer, domain",n/a
2026-07-16,threatfox,DOMAIN,cysmomswcqwuwwas.xyz,"win.metastealer, domain",n/a
2026-07-16,threatfox,DOMAIN,cyswywukoyyeciuy.xyz,"win.metastealer, domain",n/a
2026-07-16,threatfox,DOMAIN,cywkcgcckgyiaoai.xyz,"win.metastealer, domain",n/a
2026-07-16,threatfox,DOMAIN,cyygiqguqusuqcuo.xyz,"win.metastealer, domain",n/a
2026-07-16,threatfox,DOMAIN,cyysmscysqmwkqmo.xyz,"win.metastealer, domain",n/a
2026-07-16,threatfox,DOMAIN,eaeqoumsiggwqwqc.xyz,"win.metastealer, domain",n/a
2026-07-16,threatfox,DOMAIN,ecaakmuwiwwesugo.xyz,"win.metastealer, domain",n/a
2026-07-16,threatfox,DOMAIN,ecccaqcooiqsacuo.xyz,"win.metastealer, domain",n/a
2026-07-16,threatfox,DOMAIN,ecegswwqsqeuoyow.xyz,"win.metastealer, domain",n/a
2026-07-16,threatfox,DOMAIN,cssaaiukomkasyuo.xyz,"win.metastealer, domain",n/a
2026-07-16,threatfox,DOMAIN,cssekgkqiayacmwc.xyz,"win.metastealer, domain",n/a
2026-07-16,threatfox,DOMAIN,cssemisoskiawsiy.xyz,"win.metastealer, domain",n/a
2026-07-16,threatfox,DOMAIN,cssqyeguascqyqae.xyz,"win.metastealer, domain",n/a
2026-07-16,threatfox,DOMAIN,cssuagiamskkscmg.xyz,"win.metastealer, domain",n/a
2026-07-16,threatfox,DOMAIN,cswmuuocsqymkiim.xyz,"win.metastealer, domain",n/a
2026-07-16,threatfox,DOMAIN,cswsyscciioiguci.xyz,"win.metastealer, domain",n/a
2026-07-16,threatfox,DOMAIN,cswysawsmkoqcwga.xyz,"win.metastealer, domain",n/a
2026-07-16,threatfox,DOMAIN,csysuceoqmmgemea.xyz,"win.metastealer, domain",n/a
2026-07-16,threatfox,DOMAIN,cyceykkyisyoccuk.xyz,"win.metastealer, domain",n/a
2026-07-16,threatfox,DOMAIN,cygssyoikeiaeaye.xyz,"win.metastealer, domain",n/a
2026-07-16,threatfox,DOMAIN,cyguauuqseuccaew.xyz,"win.metastealer, domain",n/a
2026-07-16,threatfox,DOMAIN,cyiiwwigcsgyyicw.xyz,"win.metastealer, domain",n/a
2026-07-16,threatfox,DOMAIN,cyikiigogaigomci.xyz,"win.metastealer, domain",n/a
2026-07-16,threatfox,DOMAIN,cyisgkgmomimayiq.xyz,"win.metastealer, domain",n/a
2026-07-16,threatfox,DOMAIN,cykmgcciguiacecy.xyz,"win.metastealer, domain",n/a
2026-07-16,threatfox,DOMAIN,cscysekqmcyygiek.xyz,"win.metastealer, domain",n/a
2026-07-16,threatfox,DOMAIN,cseamukoaooikoam.xyz,"win.metastealer, domain",n/a
2026-07-16,threatfox,DOMAIN,csguqkmiaeuqmica.xyz,"win.metastealer, domain",n/a
2026-07-16,threatfox,DOMAIN,csgwiiquessimkgw.xyz,"win.metastealer, domain",n/a
2026-07-16,threatfox,DOMAIN,csikiciuauquyeis.xyz,"win.metastealer, domain",n/a
2026-07-16,threatfox,DOMAIN,csiuguksgomquyei.xyz,"win.metastealer, domain",n/a
2026-07-16,threatfox,DOMAIN,csiwqocgciykmscc.xyz,"win.metastealer, domain",n/a
2026-07-16,threatfox,DOMAIN,csiwsekmsgogooiw.xyz,"win.metastealer, domain",n/a
2026-07-16,threatfox,DOMAIN,cskewwkgggceyayy.xyz,"win.metastealer, domain",n/a
2026-07-16,threatfox,DOMAIN,cskmgyysogmgsigg.xyz,"win.metastealer, domain",n/a
2026-07-16,threatfox,DOMAIN,csmiemokwuusmysq.xyz,"win.metastealer, domain",n/a
2026-07-16,threatfox,DOMAIN,csoeugwmissoyiuw.xyz,"win.metastealer, domain",n/a
2026-07-16,threatfox,DOMAIN,csqccqkiwogqiime.xyz,"win.metastealer, domain",n/a
2026-07-16,threatfox,DOMAIN,csqcocscsuwwioco.xyz,"win.metastealer, domain",n/a
2026-07-16,threatfox,DOMAIN,csqoececackykgag.xyz,"win.metastealer, domain",n/a
2026-07-16,threatfox,DOMAIN,cmgcqegciwikayuw.xyz,"win.metastealer, domain",n/a
2026-07-16,threatfox,DOMAIN,cmgkcoaoqkaegsoe.xyz,"win.metastealer, domain",n/a
2026-07-16,threatfox,DOMAIN,cmgkgqwgugmkswom.xyz,"win.metastealer, domain",n/a
2026-07-16,threatfox,DOMAIN,cmiaqsosywyqygqg.xyz,"win.metastealer, domain",n/a
2026-07-16,threatfox,DOMAIN,cmigckmkigsoguiu.xyz,"win.metastealer, domain",n/a
2026-07-16,threatfox,DOMAIN,cmkwgaoikmiomcay.xyz,"win.metastealer, domain",n/a
2026-07-16,threatfox,DOMAIN,cmouauugyssmciks.xyz,"win.metastealer, domain",n/a
2026-07-16,threatfox,DOMAIN,cmuekysqcogeyciu.xyz,"win.metastealer, domain",n/a
2026-07-16,threatfox,DOMAIN,cmueqqqggcyqecie.xyz,"win.metastealer, domain",n/a
2026-07-16,threatfox,DOMAIN,cmugkyqygiequkuu.xyz,"win.metastealer, domain",n/a
2026-07-16,threatfox,DOMAIN,cmukogeeuiwyaeyy.xyz,"win.metastealer, domain",n/a
2026-07-16,threatfox,DOMAIN,cmuyoyuqcyeaccco.xyz,"win.metastealer, domain",n/a
2026-07-16,threatfox,DOMAIN,cmymgykayckguwou.xyz,"win.metastealer, domain",n/a
2026-07-16,threatfox,DOMAIN,csaagqcouseqiika.xyz,"win.metastealer, domain",n/a
2026-07-16,threatfox,DOMAIN,csawaogwyakyqyuo.xyz,"win.metastealer, domain",n/a
2026-07-16,threatfox,DOMAIN,csayeccyigcqgcay.xyz,"win.metastealer, domain",n/a
2026-07-16,threatfox,DOMAIN,cscsuwiagiusosoi.xyz,"win.metastealer, domain",n/a
2026-07-16,threatfox,DOMAIN,cscwgceyowwcccii.xyz,"win.metastealer, domain",n/a
2026-07-16,threatfox,DOMAIN,auykkgimyugaugye.xyz,"win.metastealer, domain",n/a
2026-07-16,threatfox,DOMAIN,auyyqkmswyesycqw.xyz,"win.metastealer, domain",n/a
2026-07-16,threatfox,DOMAIN,ceoasyigymmigmgi.xyz,"win.metastealer, domain",n/a
2026-07-16,threatfox,DOMAIN,cgmoeigcwomskamc.xyz,"win.metastealer, domain",n/a
2026-07-16,threatfox,DOMAIN,cgmwawugukquwswa.xyz,"win.metastealer, domain",n/a
2026-07-16,threatfox,DOMAIN,cgsweaggegiayyeq.xyz,"win.metastealer, domain",n/a
2026-07-16,threatfox,DOMAIN,cguaymoewggocess.xyz,"win.metastealer, domain",n/a
2026-07-16,threatfox,DOMAIN,cguigsayiosckesq.xyz,"win.metastealer, domain",n/a
2026-07-16,threatfox,DOMAIN,cguwweusuyqcemww.xyz,"win.metastealer, domain",n/a
2026-07-16,threatfox,DOMAIN,cgwiokykqwuemuwk.xyz,"win.metastealer, domain",n/a
2026-07-16,threatfox,DOMAIN,cmaogogisysiceya.xyz,"win.metastealer, domain",n/a
2026-07-16,threatfox,DOMAIN,cmaugmucqookyacg.xyz,"win.metastealer, domain",n/a
2026-07-16,threatfox,DOMAIN,cmayecgeeaaygiae.xyz,"win.metastealer, domain",n/a
2026-07-16,threatfox,DOMAIN,cmcawouuyeiqyyim.xyz,"win.metastealer, domain",n/a
2026-07-16,threatfox,DOMAIN,cmcsuqkyokmimmow.xyz,"win.metastealer, domain",n/a
2026-07-16,threatfox,DOMAIN,cmcwkuyeemgoigii.xyz,"win.metastealer, domain",n/a
2026-07-16,threatfox,DOMAIN,cmecwwocgagqccwi.xyz,"win.metastealer, domain",n/a
2026-07-16,threatfox,DOMAIN,cmessseusksmsiam.xyz,"win.metastealer, domain",n/a
2026-07-16,threatfox,DOMAIN,auakuqmwimksosqw.xyz,"win.metastealer, domain",n/a
2026-07-16,threatfox,DOMAIN,aucceqaqcqqkcsyc.xyz,"win.metastealer, domain",n/a
2026-07-16,threatfox,DOMAIN,augcigegkwegqwqk.xyz,"win.metastealer, domain",n/a
2026-07-16,threatfox,DOMAIN,augqaayuywkucywy.xyz,"win.metastealer, domain",n/a
2026-07-16,threatfox,DOMAIN,auikgecaauwqaqyy.xyz,"win.metastealer, domain",n/a
2026-07-16,threatfox,DOMAIN,aumiamciyyywkeai.xyz,"win.metastealer, domain",n/a
2026-07-16,threatfox,DOMAIN,auokkscosqimmowa.xyz,"win.metastealer, domain",n/a
2026-07-16,threatfox,DOMAIN,auqyuyekqcegwuem.xyz,"win.metastealer, domain",n/a
2026-07-16,threatfox,DOMAIN,ausicsckckkoaiaq.xyz,"win.metastealer, domain",n/a
2026-07-16,threatfox,DOMAIN,auugqmmuscykqygy.xyz,"win.metastealer, domain",n/a
2026-07-16,threatfox,DOMAIN,auumeyoceeqkomqc.xyz,"win.metastealer, domain",n/a
2026-07-16,threatfox,DOMAIN,auuuesswgauuwkow.xyz,"win.metastealer, domain",n/a
2026-07-16,threatfox,DOMAIN,auwomcuycgsamskq.xyz,"win.metastealer, domain",n/a
2026-07-16,threatfox,DOMAIN,auwqeoswoesauqgm.xyz,"win.metastealer, domain",n/a
2026-07-16,threatfox,DOMAIN,auwqymmgeokeuugy.xyz,"win.metastealer, domain",n/a
2026-07-16,threatfox,DOMAIN,aoqasikiwwoqqcem.xyz,"win.metastealer, domain",n/a
2026-07-16,threatfox,DOMAIN,aoqkeakmsgmmyaum.xyz,"win.metastealer, domain",n/a
2026-07-16,threatfox,DOMAIN,aoqwgycaesckcsay.xyz,"win.metastealer, domain",n/a
2026-07-16,threatfox,DOMAIN,aosccegsmweggymu.xyz,"win.metastealer, domain",n/a
2026-07-16,threatfox,DOMAIN,aosiuwiwgmougoga.xyz,"win.metastealer, domain",n/a
2026-07-16,threatfox,DOMAIN,aosiuwsmqwieyuqm.xyz,"win.metastealer, domain",n/a
2026-07-16,threatfox,DOMAIN,aosiweuosuqkkwqy.xyz,"win.metastealer, domain",n/a
2026-07-16,threatfox,DOMAIN,aosuemyyymciamoq.xyz,"win.metastealer, domain",n/a
2026-07-16,threatfox,DOMAIN,aouokogwwygwiiso.xyz,"win.metastealer, domain",n/a
2026-07-16,threatfox,DOMAIN,aowickcyqoksieim.xyz,"win.metastealer, domain",n/a
2026-07-16,threatfox,DOMAIN,aoyccseqyoiqqema.xyz,"win.metastealer, domain",n/a
2026-07-16,threatfox,DOMAIN,aoygegmukgsguiqg.xyz,"win.metastealer, domain",n/a
2026-07-16,threatfox,DOMAIN,aoykecyskumssicc.xyz,"win.metastealer, domain",n/a
2026-07-16,threatfox,DOMAIN,aoyokswosmsmoeae.xyz,"win.metastealer, domain",n/a
2026-07-16,threatfox,DOMAIN,aoaqamyyeyaiysee.xyz,"win.metastealer, domain",n/a
2026-07-16,threatfox,DOMAIN,aociemqseuocooaw.xyz,"win.metastealer, domain",n/a
2026-07-16,threatfox,DOMAIN,aoeqaaykywimaasi.xyz,"win.metastealer, domain",n/a
2026-07-16,threatfox,DOMAIN,aogimmwoaimsawaa.xyz,"win.metastealer, domain",n/a
2026-07-16,threatfox,DOMAIN,aogooyauimkssqmo.xyz,"win.metastealer, domain",n/a
2026-07-16,threatfox,DOMAIN,aogsaecmsgsykwoi.xyz,"win.metastealer, domain",n/a
2026-07-16,threatfox,DOMAIN,aogyaqcaokiukgoc.xyz,"win.metastealer, domain",n/a
2026-07-16,threatfox,DOMAIN,aoigqgagamiukigg.xyz,"win.metastealer, domain",n/a
2026-07-16,threatfox,DOMAIN,aoiqwmskmkawwsyy.xyz,"win.metastealer, domain",n/a
2026-07-16,threatfox,DOMAIN,aokcasmuguuokeqq.xyz,"win.metastealer, domain",n/a
2026-07-16,threatfox,DOMAIN,aokkescwusgagyoq.xyz,"win.metastealer, domain",n/a
2026-07-16,threatfox,DOMAIN,aokmsiksywgmyuwu.xyz,"win.metastealer, domain",n/a
2026-07-16,threatfox,DOMAIN,aomaecoycyoyqekk.xyz,"win.metastealer, domain",n/a
2026-07-16,threatfox,DOMAIN,aomgiycykcyqgqec.xyz,"win.metastealer, domain",n/a
2026-07-16,threatfox,DOMAIN,aomskgiiekaakimk.xyz,"win.metastealer, domain",n/a
2026-07-16,threatfox,DOMAIN,aooaeaeqweauykua.xyz,"win.metastealer, domain",n/a
2026-07-16,threatfox,DOMAIN,aoogkekciwaykqeg.xyz,"win.metastealer, domain",n/a
2026-07-16,threatfox,DOMAIN,aooqcicaokcwyuac.xyz,"win.metastealer, domain",n/a
2026-07-16,threatfox,DOMAIN,aoosqoeckeswiuic.xyz,"win.metastealer, domain",n/a
2026-07-16,threatfox,DOMAIN,aigyuukouqaiuwms.xyz,"win.metastealer, domain",n/a
2026-07-16,threatfox,DOMAIN,aiiwsqemgcoagoem.xyz,"win.metastealer, domain",n/a
2026-07-16,threatfox,DOMAIN,aikuqommeauisccy.xyz,"win.metastealer, domain",n/a
2026-07-16,threatfox,DOMAIN,aikyoyiamaeiiqsq.xyz,"win.metastealer, domain",n/a
2026-07-16,threatfox,DOMAIN,aimgyuksyaqwgmck.xyz,"win.metastealer, domain",n/a
2026-07-16,threatfox,DOMAIN,aimiseaukkgkskaw.xyz,"win.metastealer, domain",n/a
2026-07-16,threatfox,DOMAIN,aimoyswgwskqwgcc.xyz,"win.metastealer, domain",n/a
2026-07-16,threatfox,DOMAIN,aioqwiqcmsgcuwmg.xyz,"win.metastealer, domain",n/a
2026-07-16,threatfox,DOMAIN,aiqikqayagwuswgg.xyz,"win.metastealer, domain",n/a
2026-07-16,threatfox,DOMAIN,aisckkoygksoeiwk.xyz,"win.metastealer, domain",n/a
2026-07-16,threatfox,DOMAIN,aisowckweggqyuoo.xyz,"win.metastealer, domain",n/a
2026-07-16,threatfox,DOMAIN,aisowuqoigwmyswa.xyz,"win.metastealer, domain",n/a
2026-07-16,threatfox,DOMAIN,aiusqiayuyasssmc.xyz,"win.metastealer, domain",n/a
2026-07-16,threatfox,DOMAIN,aiwicaguewkmuwae.xyz,"win.metastealer, domain",n/a
2026-07-16,threatfox,DOMAIN,aiwkkmcgiaqgmwyg.xyz,"win.metastealer, domain",n/a
2026-07-16,threatfox,DOMAIN,aiwkokmmoweqwusa.xyz,"win.metastealer, domain",n/a
2026-07-16,threatfox,DOMAIN,aiyweowgoymswqos.xyz,"win.metastealer, domain",n/a
2026-07-16,threatfox,DOMAIN,amyguomycmsqwiqe.xyz,"win.metastealer, domain",n/a
2026-07-16,threatfox,DOMAIN,aoaeqqyiscysyqwy.xyz,"win.metastealer, domain",n/a
2026-07-16,threatfox,DOMAIN,acomuowuwwisieic.xyz,"win.metastealer, domain",n/a
2026-07-16,threatfox,DOMAIN,acseuuqmmmswmmuu.xyz,"win.metastealer, domain",n/a
2026-07-16,threatfox,DOMAIN,acuksqoyyqacyqya.xyz,"win.metastealer, domain",n/a
2026-07-16,threatfox,DOMAIN,acusoiwwwqcaaqwk.xyz,"win.metastealer, domain",n/a
2026-07-16,threatfox,DOMAIN,acuwicecgicucucu.xyz,"win.metastealer, domain",n/a
2026-07-16,threatfox,DOMAIN,acwkwkeigqemkgqi.xyz,"win.metastealer, domain",n/a
2026-07-16,threatfox,DOMAIN,aiacwsyguwmiquie.xyz,"win.metastealer, domain",n/a
2026-07-16,threatfox,DOMAIN,aiaikqkmoyomaigw.xyz,"win.metastealer, domain",n/a
2026-07-16,threatfox,DOMAIN,aiaugaiggciaoekg.xyz,"win.metastealer, domain",n/a
2026-07-16,threatfox,DOMAIN,aicawckmgkkccuou.xyz,"win.metastealer, domain",n/a
2026-07-16,threatfox,DOMAIN,aicgmoaaeycswaoi.xyz,"win.metastealer, domain",n/a
2026-07-16,threatfox,DOMAIN,aicsusamamcmyeeg.xyz,"win.metastealer, domain",n/a
2026-07-16,threatfox,DOMAIN,aieesukoociwagak.xyz,"win.metastealer, domain",n/a
2026-07-16,threatfox,DOMAIN,aigekqusymaeaqaa.xyz,"win.metastealer, domain",n/a
2026-07-16,threatfox,DOMAIN,aigmwmiksuwmoama.xyz,"win.metastealer, domain",n/a
2026-07-16,threatfox,DOMAIN,acakygeemesqkkyu.xyz,"win.metastealer, domain",n/a
2026-07-16,threatfox,DOMAIN,accgkogmeuimwuci.xyz,"win.metastealer, domain",n/a
2026-07-16,threatfox,DOMAIN,acigoquksycmyucs.xyz,"win.metastealer, domain",n/a
2026-07-16,threatfox,DOMAIN,aupzcajq.biabet90.com,"js.clearfake, domain",n/a
2026-07-16,threatfox,DOMAIN,slot-send.pro,"win.metastealer, domain",n/a
2026-07-16,threatfox,DOMAIN,mail.iaa-airferight.com,"win.agent_tesla, domain",n/a
2026-07-16,threatfox,DOMAIN,zwydarcig.adsbln1.xyz,"js.clearfake, domain",n/a
2026-07-16,threatfox,DOMAIN,cdmke7zf.sky7bet.casino,"js.clearfake, domain",n/a
2026-07-16,threatfox,DOMAIN,x78boe03.lion1bet.com,"js.clearfake, domain",n/a
2026-07-16,threatfox,DOMAIN,cfplyjmq.efcasino.bet,"js.clearfake, domain",n/a
2026-07-16,threatfox,DOMAIN,jii17zh7.yekbetyek.com,"js.clearfake, domain",n/a
2026-07-16,threatfox,DOMAIN,isbbetvcj.adsbln1.xyz,"js.clearfake, domain",n/a
2026-07-16,threatfox,DOMAIN,mzzetrvqf.jadoou.space,"js.clearfake, domain",n/a
2026-07-16,threatfox,DOMAIN,f4m.kijangturbo88.top,"win.vidar, domain",n/a
2026-07-16,threatfox,DOMAIN,f4m.ambiltogel.net,"win.vidar, domain",n/a
2026-07-16,threatfox,DOMAIN,xhbmcyyao.adsbln1.xyz,"js.clearfake, domain",n/a
2026-07-16,threatfox,DOMAIN,adsbln1.xyz,"js.clearfake, domain",n/a
2026-07-16,threatfox,DOMAIN,tufxszft.efcasino.bet,"js.clearfake, domain",n/a
2026-07-16,threatfox,DOMAIN,adsbln2.xyz,"js.clearfake, domain",n/a
2026-07-16,threatfox,DOMAIN,rzecbgjw.enfejartime.com,"js.clearfake, domain",n/a
2026-07-16,threatfox,DOMAIN,iygfxiad.efcasino.bet,"js.clearfake, domain",n/a
2026-07-16,threatfox,DOMAIN,j112srgz.bahigo90bet.com,"js.clearfake, domain",n/a
2026-07-16,threatfox,DOMAIN,ftcfotjnd.adsbln2.xyz,"js.clearfake, domain",n/a
2026-07-16,threatfox,DOMAIN,hxi.kijangturbo88.top,"win.vidar, domain",n/a
2026-07-16,threatfox,DOMAIN,hxi.ambiltogel.net,"win.vidar, domain",n/a
2026-07-16,threatfox,DOMAIN,adsbln4.xyz,"js.clearfake, domain",n/a
2026-07-16,threatfox,DOMAIN,adsbln5.xyz,"js.clearfake, domain",n/a
2026-07-16,threatfox,DOMAIN,buaoqtgen.adsbln3.xyz,"js.clearfake, domain",n/a
2026-07-16,threatfox,DOMAIN,adsbln3.xyz,"js.clearfake, domain",n/a
2026-07-16,threatfox,DOMAIN,eastbwxa.funxbet.casino,"js.clearfake, domain",n/a
2026-07-16,threatfox,DOMAIN,y4d9qpyb.bazisangkaqazgeychidancepoli.com,"js.clearfake, domain",n/a
2026-07-16,threatfox,DOMAIN,emberlattice.top,"js.smartapesg, domain",n/a
2026-07-16,threatfox,DOMAIN,tturfmcfk.adsbln4.xyz,"js.clearfake, domain",n/a
2026-07-16,threatfox,DOMAIN,bjoqbxxh.hazzarat.com,"js.clearfake, domain",n/a
2026-07-16,threatfox,DOMAIN,74ock8ke.mahbetiran.com,"js.clearfake, domain",n/a
2026-07-16,threatfox,DOMAIN,x35w4q0s.varzeshlife.ir,"js.clearfake, domain",n/a
2026-07-16,threatfox,DOMAIN,fashionblush.com,"win.vidar, domain",n/a
2026-07-16,threatfox,DOMAIN,charlesriverrecovery.com,"js.iclickfix, domain",n/a
2026-07-16,threatfox,DOMAIN,vwrgeckmh.adsbln5.xyz,"js.clearfake, domain",n/a
2026-07-16,threatfox,DOMAIN,dqgfzcgm.hazzarat.world,"js.clearfake, domain",n/a
2026-07-16,threatfox,DOMAIN,betyek.live,"js.clearfake, domain",n/a
2026-07-16,threatfox,DOMAIN,bhcivpxh.derbi.football,"js.clearfake, domain",n/a
2026-07-16,threatfox,DOMAIN,mseikoean.allboroughrealestate.com,"js.clearfake, domain",n/a
2026-07-16,threatfox,DOMAIN,allboroughrealestate.com,"js.clearfake, domain",n/a
2026-07-16,threatfox,DOMAIN,ir1xbet.bet,"js.clearfake, domain",n/a
2026-07-16,threatfox,DOMAIN,uvzbxwuc.gamehazarat.com,"js.clearfake, domain",n/a
2026-07-16,threatfox,DOMAIN,694j5tdy.behtarin-site-shartbandi-football.com,"js.clearfake, domain",n/a
2026-07-16,threatfox,DOMAIN,tommy-or.lol,"js.kongtuke, domain",n/a
2026-07-16,threatfox,DOMAIN,img-eu.veranofund.com,"js.fakeupdates, domain",n/a
2026-07-16,threatfox,DOMAIN,babelo.pro,"win.vidar, domain",n/a
2026-07-16,threatfox,DOMAIN,vwwbeohrh.apolloconeyisland.com,"js.clearfake, domain",n/a
2026-07-16,threatfox,DOMAIN,apolloconeyisland.com,"js.clearfake, domain",n/a
2026-07-16,threatfox,DOMAIN,lvppjubyy.barkerautoms.com,"js.clearfake, domain",n/a
2026-07-16,threatfox,DOMAIN,qkvgzbcv.nextbahis.promo,"js.clearfake, domain",n/a
2026-07-16,threatfox,DOMAIN,sa7.kijangturbo88.top,"win.vidar, domain",n/a
2026-07-16,threatfox,DOMAIN,zkgeaxbs.nextbahis.promo,"js.clearfake, domain",n/a
2026-07-16,threatfox,DOMAIN,sa7.ambiltogel.net,"win.vidar, domain",n/a
2026-07-16,threatfox,DOMAIN,rmlgnuvje.barkerautoms.com,"js.clearfake, domain",n/a
2026-07-16,threatfox,DOMAIN,maxwhywtk.betbuf90.com,"js.clearfake, domain",n/a
2026-07-16,threatfox,DOMAIN,hdjdchgb.onjabet1.com,"js.clearfake, domain",n/a
2026-07-16,threatfox,DOMAIN,2rhdb98z.comfortinnlaytonutah.com,"js.clearfake, domain",n/a
2026-07-16,threatfox,DOMAIN,comfortinnlaytonutah.com,"js.clearfake, domain",n/a
2026-07-16,threatfox,DOMAIN,qfphjme9.irani-music.com,"js.clearfake, domain",n/a
2026-07-16,threatfox,DOMAIN,ic7s8w54.jetboro.fun,"js.clearfake, domain",n/a
2026-07-16,threatfox,DOMAIN,ojwvrerrm.derbi.promo,"js.clearfake, domain",n/a
2026-07-16,threatfox,DOMAIN,auucqutq.pdfbama.com,"js.clearfake, domain",n/a
2026-07-16,threatfox,DOMAIN,cra.kliksm188.top,"win.vidar, domain",n/a
2026-07-16,threatfox,DOMAIN,cra.ambiltogel.net,"win.vidar, domain",n/a
2026-07-16,threatfox,DOMAIN,xyoyfdeyf.efbetfarsi.com,"js.clearfake, domain",n/a
2026-07-16,threatfox,DOMAIN,pzsbygor.radioshartbandi.bet,"js.clearfake, domain",n/a
2026-07-16,threatfox,DOMAIN,r4iuquzx.cookeatrun.com,"js.clearfake, domain",n/a
2026-07-16,threatfox,DOMAIN,cookeatrun.com,"js.clearfake, domain",n/a
2026-07-16,threatfox,DOMAIN,orthodontie-ge.ch,"win.asyncrat, domain",n/a
2026-07-16,threatfox,DOMAIN,tjcmwnljp.fileboroo.com,"js.clearfake, domain",n/a
2026-07-16,threatfox,DOMAIN,arpumupr.site-shartbandi-pasor.online,"js.clearfake, domain",n/a
2026-07-16,threatfox,DOMAIN,drkynxdcu.gem90bet.com,"js.clearfake, domain",n/a
2026-07-16,threatfox,DOMAIN,gardoone-shans-pool.com,"js.clearfake, domain",n/a
2026-07-16,threatfox,DOMAIN,9zzh7dnw.coop-fresh.com,"js.clearfake, domain",n/a
2026-07-16,threatfox,DOMAIN,coop-fresh.com,"js.clearfake, domain",n/a
2026-07-16,threatfox,DOMAIN,edhabqne.taktikkbet.com,"js.clearfake, domain",n/a
2026-07-16,threatfox,DOMAIN,eprqnfyeb.hazzarat.com,"js.clearfake, domain",n/a
2026-07-16,threatfox,DOMAIN,ffz.ambiltogel.net,"win.vidar, domain",n/a
2026-07-16,threatfox,DOMAIN,zetkskre.funxbet.casino,"js.clearfake, domain",n/a
2026-07-16,threatfox,DOMAIN,eqodjhwk.enfejartime.com,"js.clearfake, domain",n/a
2026-07-17,threatfox,DOMAIN,g3b4hjbg.calculadoracomisiones.com,"js.clearfake, domain",n/a
2026-07-17,threatfox,DOMAIN,wig5l9be.calirayalake.com,"js.clearfake, domain",n/a
2026-07-17,threatfox,DOMAIN,zdgfs8pf.cacharreriamilenio.com,"js.clearfake, domain",n/a
2026-07-17,threatfox,DOMAIN,ahxpqhqnc.nextbahis.coupons,"js.clearfake, domain",n/a
2026-07-17,threatfox,DOMAIN,ffz.kliksm188.top,"win.vidar, domain",n/a
2026-07-17,threatfox,DOMAIN,bkgtqeai.derbi.football,"js.clearfake, domain",n/a
2026-07-17,threatfox,DOMAIN,bfg.kliksm188.top,"win.vidar, domain",n/a
2026-07-17,threatfox,DOMAIN,bfg.ambiltogel.net,"win.vidar, domain",n/a
2026-07-17,threatfox,DOMAIN,dvzzqxef.gamehazarat.com,"js.clearfake, domain",n/a
2026-07-17,threatfox,DOMAIN,rdusnlyzh.sky7bet.casino,"js.clearfake, domain",n/a
2026-07-17,threatfox,DOMAIN,iqgxtjfc.hazzarat.world,"js.clearfake, domain",n/a
2026-07-17,threatfox,DOMAIN,a1h9t4pt.venus90bet.com,"js.clearfake, domain",n/a
2026-07-17,threatfox,DOMAIN,chsxhscsh.tampabayspin.com,"js.clearfake, domain",n/a
2026-07-17,threatfox,DOMAIN,vkvmygpg.betbuf90.com,"js.clearfake, domain",n/a
2026-07-17,threatfox,DOMAIN,ovbeoktk.coop-fresh.com,"js.clearfake, domain",n/a
2026-07-17,threatfox,DOMAIN,jorjsrfgd.lion1bet.com,"js.clearfake, domain",n/a
2026-07-17,threatfox,DOMAIN,u5dn1e6x.bazisangkaqazgeychidancepoli.com,"js.clearfake, domain",n/a
2026-07-17,threatfox,DOMAIN,los16zn2.celebritiesadda.com,"js.clearfake, domain",n/a
2026-07-17,threatfox,DOMAIN,dy6t0cul.hazarat.now,"js.clearfake, domain",n/a
2026-07-17,threatfox,DOMAIN,ggitkzzn.derbi.promo,"js.clearfake, domain",n/a
2026-07-17,threatfox,DOMAIN,nruyvebwd.taktikkbet.com,"js.clearfake, domain",n/a
2026-07-17,threatfox,DOMAIN,suwqmlyd.efbetfarsi.com,"js.clearfake, domain",n/a
2026-07-17,threatfox,DOMAIN,6j7gyyz9.barkerautoms.com,"js.clearfake, domain",n/a
2026-07-17,threatfox,DOMAIN,wexltdqtf.hazzarat.com,"js.clearfake, domain",n/a
2026-07-17,threatfox,DOMAIN,itwynsuh.enfejartime.com,"js.clearfake, domain",n/a
2026-07-17,threatfox,DOMAIN,drive-search-id84192.info,"unknown_loader, domain",n/a
2026-07-17,threatfox,DOMAIN,photo-check93123.pro,"unknown_loader, domain",n/a
2026-07-17,threatfox,DOMAIN,mytrfnuif.com,"unknown_stealer, domain",n/a
2026-07-17,threatfox,DOMAIN,copperlandmark.top,"js.smartapesg, domain",n/a
2026-07-17,threatfox,DOMAIN,solucionesfiscales.store,"win.vjw0rm, domain",n/a
2026-07-17,threatfox,DOMAIN,colombiajudiciales.store,"win.vjw0rm, domain",n/a
2026-07-17,threatfox,DOMAIN,solicitudesinternas.store,"win.vjw0rm, domain",n/a
2026-07-17,threatfox,DOMAIN,comunicacioones.store,"win.vjw0rm, domain",n/a
2026-07-17,threatfox,DOMAIN,ccleanerupdate.mysynology.net,"win.vjw0rm, domain",n/a
2026-07-17,threatfox,DOMAIN,rebel-pause.xyz,"unknown_stealer, domain",n/a
2026-07-17,threatfox,DOMAIN,scjzlqeyk.hazzarat.world,"js.clearfake, domain",n/a
2026-07-17,threatfox,DOMAIN,bgtnaqoc.fileboroo.com,"js.clearfake, domain",n/a
2026-07-17,threatfox,DOMAIN,football-attraction.pro,"unknown_stealer, domain",n/a
2026-07-17,threatfox,DOMAIN,aefauhqwk.irani-music.com,"js.clearfake, domain",n/a
2026-07-17,threatfox,DOMAIN,iodz0i3f.behtarin-site-shartbandi-football.com,"js.clearfake, domain",n/a
2026-07-17,threatfox,DOMAIN,arvujwijm.irani-music.com,"js.clearfake, domain",n/a
2026-07-17,threatfox,DOMAIN,pygnidup.gem90bet.com,"js.clearfake, domain",n/a
2026-07-17,threatfox,DOMAIN,dsdvsvqgy.jetbet.download,"js.clearfake, domain",n/a
2026-07-17,threatfox,DOMAIN,dlylkjaji.jetboro.fun,"js.clearfake, domain",n/a
2026-07-17,threatfox,DOMAIN,d11.kliksm188.top,"win.vidar, domain",n/a
2026-07-17,threatfox,DOMAIN,d11.ambiltogel.net,"win.vidar, domain",n/a
2026-07-17,threatfox,DOMAIN,vzsagfrw.derbi.football,"js.clearfake, domain",n/a
2026-07-17,threatfox,DOMAIN,dvc734k1.hazaratbet.game,"js.clearfake, domain",n/a
2026-07-17,threatfox,DOMAIN,3x6v81kc.varzeshlife.ir,"js.clearfake, domain",n/a
2026-07-17,threatfox,DOMAIN,lhozmsokb.nextbahis.coupons,"js.clearfake, domain",n/a
2026-07-17,threatfox,DOMAIN,eogwp3fe.site-shartbandi-pasor.online,"js.clearfake, domain",n/a
2026-07-17,threatfox,DOMAIN,amberobservatory.top,"js.smartapesg, domain",n/a
2026-07-17,threatfox,DOMAIN,wtkxprzu.funxbet.casino,"js.clearfake, domain",n/a
2026-07-17,threatfox,DOMAIN,earthweight.xyz,"unknown_loader, domain",n/a
2026-07-17,threatfox,DOMAIN,hzdmfcatc.sky7bet.casino,"js.clearfake, domain",n/a
2026-07-17,threatfox,DOMAIN,api.startservicefounds.com,"unknown, domain",n/a
2026-07-17,threatfox,DOMAIN,gdtuyoor.gamehazarat.com,"js.clearfake, domain",n/a
2026-07-17,threatfox,DOMAIN,xfakmoduw.lion1bet.com,"js.clearfake, domain",n/a
2026-07-17,threatfox,DOMAIN,8kq7qw7a.site-takhtenard-sharti-betland.com,"js.clearfake, domain",n/a
2026-07-17,threatfox,DOMAIN,records.perfectlinestarter.com,"unknown_stealer, domain",n/a
2026-07-17,threatfox,DOMAIN,cedaristhmus.top,"js.smartapesg, domain",n/a
2026-07-17,threatfox,DOMAIN,okx.kliksm188.top,"win.vidar, domain",n/a
2026-07-17,threatfox,DOMAIN,okx.ambiltogel.net,"win.vidar, domain",n/a
2026-07-17,threatfox,DOMAIN,infociganka.cc,"unknown, domain",n/a
2026-07-17,threatfox,DOMAIN,bacon-rumors.xyz,"unknown_stealer, domain",n/a
2026-07-17,threatfox,DOMAIN,mv2group.com,"js.smartapesg, domain",n/a
2026-07-17,threatfox,DOMAIN,djqiyxyx.calirayalake.com,"js.clearfake, domain",n/a
2026-07-17,threatfox,DOMAIN,gkpaspaky.taktikkbet.com,"js.clearfake, domain",n/a
2026-07-17,threatfox,DOMAIN,dtsmmaphe.tampabayspin.com,"js.clearfake, domain",n/a
2026-07-17,threatfox,DOMAIN,caudzzwo.coop-fresh.com,"js.clearfake, domain",n/a
2026-07-17,threatfox,DOMAIN,mlmaatvd.behtarin-site-shartbandi.com,"js.clearfake, domain",n/a
2026-07-17,"threatfox,tweetfeed",DOMAIN,monteiro.click,"js.kongtuke, domain",n/a
2026-07-17,threatfox,DOMAIN,tommy-aa.lol,"js.kongtuke, domain",n/a
2026-07-17,threatfox,DOMAIN,3u06kg6l.onjabet1.com,"js.clearfake, domain",n/a
2026-07-17,threatfox,DOMAIN,cgavi.derbi.promo,"js.clearfake, domain",n/a
2026-07-17,threatfox,DOMAIN,prl0ivfr.hazaratbet.games,"js.clearfake, domain",n/a
2026-07-17,threatfox,DOMAIN,cachmkcqj.venus90bet.com,"js.clearfake, domain",n/a
2026-07-17,threatfox,DOMAIN,tiwdt.hazzarat.com,"js.clearfake, domain",n/a
2026-07-17,threatfox,DOMAIN,qzfhwillb.crazyhotchicken.net,"js.clearfake, domain",n/a
2026-07-17,threatfox,DOMAIN,crazyhotchicken.net,"js.clearfake, domain",n/a
2026-07-17,threatfox,DOMAIN,sebw9xod.site-asli-bedon-filter-1xbet.com,"js.clearfake, domain",n/a
2026-07-17,threatfox,DOMAIN,lmkxs.imagederm.com,"js.clearfake, domain",n/a
2026-07-17,threatfox,DOMAIN,imagederm.com,"js.clearfake, domain",n/a
2026-07-17,threatfox,DOMAIN,beqbfjhnf.deepspaceparker.com,"js.clearfake, domain",n/a
2026-07-17,threatfox,DOMAIN,deepspaceparker.com,"js.clearfake, domain",n/a
2026-07-17,threatfox,DOMAIN,vddrs.inkbossstudios.com,"js.clearfake, domain",n/a
2026-07-17,threatfox,DOMAIN,eabcewlhe.diloro.dev,"js.clearfake, domain",n/a
2026-07-17,threatfox,DOMAIN,inkbossstudios.com,"js.clearfake, domain",n/a
2026-07-17,threatfox,DOMAIN,diloro.dev,"js.clearfake, domain",n/a
2026-07-17,threatfox,DOMAIN,2lob5o1r.betbuf90.com,"js.clearfake, domain",n/a
2026-07-17,threatfox,DOMAIN,kmtdw.jayswraps.com,"js.clearfake, domain",n/a
2026-07-17,threatfox,DOMAIN,jayswraps.com,"js.clearfake, domain",n/a
2026-07-17,threatfox,DOMAIN,rxaveihpg.drdavidzweiback.com,"js.clearfake, domain",n/a
2026-07-17,threatfox,DOMAIN,acslkqpil.easternartmuseum.com,"js.clearfake, domain",n/a
2026-07-17,threatfox,DOMAIN,easternartmuseum.com,"js.clearfake, domain",n/a
2026-07-17,threatfox,DOMAIN,nuqx7vo8.jadoobet.pro,"js.clearfake, domain",n/a
2026-07-17,threatfox,DOMAIN,5uat7o6m.pdfbama.com,"js.clearfake, domain",n/a
2026-07-17,threatfox,DOMAIN,eqxun.jayswraps.com,"js.clearfake, domain",n/a
2026-07-17,threatfox,DOMAIN,boodystat.click,"unknown, domain",n/a
2026-07-17,threatfox,DOMAIN,basebaistat.my,"unknown, domain",n/a
2026-07-17,threatfox,DOMAIN,pgfiv.jbgroup21.com,"js.clearfake, domain",n/a
2026-07-17,threatfox,DOMAIN,maytwilcz.easternartmuseum.com,"js.clearfake, domain",n/a
2026-07-17,threatfox,DOMAIN,6mhijma6.tampabayspin.com,"js.clearfake, domain",n/a
2026-07-17,threatfox,DOMAIN,Charge0x.at,"unknown_stealer, domain",n/a
2026-07-17,threatfox,DOMAIN,milkglobalstat.click,"unknown, domain",n/a
2026-07-17,threatfox,DOMAIN,milkcoolbalstat.help,"unknown, domain",n/a
2026-07-17,threatfox,DOMAIN,merkureenv.net,"unknown, domain",n/a
2026-07-17,threatfox,DOMAIN,maxstatesus.org,"unknown, domain",n/a
2026-07-17,threatfox,DOMAIN,massstat.co,"unknown, domain",n/a
2026-07-17,threatfox,DOMAIN,mariposa-wedding.com,"unknown, domain",n/a
2026-07-17,threatfox,DOMAIN,9t8bbts2.winston.bet,"js.clearfake, domain",n/a
2026-07-17,threatfox,DOMAIN,massstat.biz,"unknown, domain",n/a
2026-07-17,threatfox,DOMAIN,winston.bet,"js.clearfake, domain",n/a
2026-07-17,threatfox,DOMAIN,malenko.net,"unknown, domain",n/a
2026-07-17,threatfox,DOMAIN,kamyanetski.com,"unknown, domain",n/a
2026-07-17,threatfox,DOMAIN,jobworkny.com,"unknown, domain",n/a
2026-07-17,threatfox,DOMAIN,intellerium.com,"unknown, domain",n/a
2026-07-17,threatfox,DOMAIN,infoworkerone.com,"unknown, domain",n/a
2026-07-17,threatfox,DOMAIN,implantcentr.com,"unknown, domain",n/a
2026-07-17,threatfox,DOMAIN,ilovetobe.com,"unknown, domain",n/a
2026-07-17,threatfox,DOMAIN,lvdit.jenderalkito.xyz,"js.clearfake, domain",n/a
2026-07-17,threatfox,DOMAIN,humo-liber.com,"unknown, domain",n/a
2026-07-17,threatfox,DOMAIN,jenderalkito.xyz,"js.clearfake, domain",n/a
2026-07-17,threatfox,DOMAIN,hi-tech-news.com,"unknown, domain",n/a
2026-07-17,threatfox,DOMAIN,harrenshipping.com,"unknown, domain",n/a
2026-07-17,threatfox,DOMAIN,grand-tandyr.com,"unknown, domain",n/a
2026-07-17,threatfox,DOMAIN,zafnuzmgt.emergingtalentllc.com,"js.clearfake, domain",n/a
2026-07-17,threatfox,DOMAIN,globalfiats.click,"unknown, domain",n/a
2026-07-17,threatfox,DOMAIN,emergingtalentllc.com,"js.clearfake, domain",n/a
2026-07-17,threatfox,DOMAIN,esotericpro.com,"unknown, domain",n/a
2026-07-17,threatfox,DOMAIN,destinkol.lol,"unknown, domain",n/a
2026-07-17,threatfox,DOMAIN,cookischase.us,"unknown, domain",n/a
2026-07-17,threatfox,DOMAIN,cookcoolbaistat.lol,"unknown, domain",n/a
2026-07-17,threatfox,DOMAIN,sosstat.beer,"unknown, domain",n/a
2026-07-17,threatfox,DOMAIN,sei.ambiltogel.net,"win.vidar, domain",n/a
2026-07-17,threatfox,DOMAIN,snowwhitefox.com,"unknown, domain",n/a
2026-07-17,threatfox,DOMAIN,smarthouseapp.com,"unknown, domain",n/a
2026-07-17,threatfox,DOMAIN,siteaimecool.org,"unknown, domain",n/a
2026-07-17,threatfox,DOMAIN,ryazan.net,"unknown, domain",n/a
2026-07-17,threatfox,DOMAIN,rhumbshop.com,"unknown, domain",n/a
2026-07-17,threatfox,DOMAIN,profidiam.com,"unknown, domain",n/a
2026-07-17,threatfox,DOMAIN,ostekstatmen.net,"unknown, domain",n/a
2026-07-17,threatfox,DOMAIN,optimum-online.net,"unknown, domain",n/a
2026-07-17,threatfox,DOMAIN,ololo-ufo.net,"unknown, domain",n/a
2026-07-17,threatfox,DOMAIN,gxcgc.jobsindeep.com,"js.clearfake, domain",n/a
2026-07-17,threatfox,DOMAIN,oac-okliimnwq.co,"unknown, domain",n/a
2026-07-17,threatfox,DOMAIN,jobsindeep.com,"js.clearfake, domain",n/a
2026-07-17,threatfox,DOMAIN,oac-live.com,"unknown, domain",n/a
2026-07-17,threatfox,DOMAIN,morsenstat.beer,"unknown, domain",n/a
2026-07-17,threatfox,DOMAIN,morganstat.sbs,"unknown, domain",n/a
2026-07-17,threatfox,DOMAIN,moonstatemecool.biz,"unknown, domain",n/a
2026-07-17,threatfox,DOMAIN,wblfdanab.ethanhartyblacksmith.com,"js.clearfake, domain",n/a
2026-07-17,threatfox,DOMAIN,moonglobaliteemecool.mom,"unknown, domain",n/a
2026-07-17,threatfox,DOMAIN,ethanhartyblacksmith.com,"js.clearfake, domain",n/a
2026-07-17,threatfox,DOMAIN,monsterimac.lat,"unknown, domain",n/a
2026-07-17,threatfox,DOMAIN,molterstat.xyz,"unknown, domain",n/a
2026-07-17,threatfox,DOMAIN,mogilevskaya.com,"unknown, domain",n/a
2026-07-18,threatfox,DOMAIN,fiwvrsju.yekbetyek.com,"js.clearfake, domain",n/a
2026-07-18,threatfox,DOMAIN,xwuuj.juragansolar.info,"js.clearfake, domain",n/a
2026-07-18,threatfox,DOMAIN,juragansolar.info,"js.clearfake, domain",n/a
2026-07-18,threatfox,DOMAIN,xwjoalrqt.evohempstore.com,"js.clearfake, domain",n/a
2026-07-18,threatfox,DOMAIN,evohempstore.com,"js.clearfake, domain",n/a
2026-07-18,threatfox,DOMAIN,yqlmrtdrf.event-scatter.net,"js.clearfake, domain",n/a
2026-07-18,threatfox,DOMAIN,event-scatter.net,"js.clearfake, domain",n/a
2026-07-18,threatfox,DOMAIN,xverikstat.us,"unknown, domain",n/a
2026-07-18,threatfox,DOMAIN,usalaborforhire.net,"unknown, domain",n/a
2026-07-18,threatfox,DOMAIN,stroinnetsata.biz,"unknown, domain",n/a
2026-07-18,threatfox,DOMAIN,stek-moldova.com,"unknown, domain",n/a
2026-07-18,threatfox,DOMAIN,y4h1lqu6.jadoou.lat,"js.clearfake, domain",n/a
2026-07-18,threatfox,DOMAIN,uoxqk.kampongflowers.com,"js.clearfake, domain",n/a
2026-07-18,threatfox,DOMAIN,kampongflowers.com,"js.clearfake, domain",n/a
2026-07-18,threatfox,DOMAIN,mcdejwixr.fg777depo5k.com,"js.clearfake, domain",n/a
2026-07-18,threatfox,DOMAIN,fg777depo5k.com,"js.clearfake, domain",n/a
2026-07-18,threatfox,DOMAIN,nle3gi30.makingreview.com,"js.clearfake, domain",n/a
2026-07-18,threatfox,DOMAIN,makingreview.com,"js.clearfake, domain",n/a
2026-07-18,threatfox,DOMAIN,nyenf.kmmits.com,"js.clearfake, domain",n/a
2026-07-18,threatfox,DOMAIN,cqjeqfltg.fg777jbg.net,"js.clearfake, domain",n/a
2026-07-18,threatfox,DOMAIN,fg777jbg.net,"js.clearfake, domain",n/a
2026-07-18,threatfox,DOMAIN,no3htbxq.varzeshlife.ir,"js.clearfake, domain",n/a
2026-07-18,threatfox,DOMAIN,cvyfg.kopicoffeeco.com,"js.clearfake, domain",n/a
2026-07-18,threatfox,DOMAIN,kopicoffeeco.com,"js.clearfake, domain",n/a
2026-07-18,threatfox,DOMAIN,isrjnxfeb.fg777kito.com,"js.clearfake, domain",n/a
2026-07-18,threatfox,DOMAIN,fg777kito.com,"js.clearfake, domain",n/a
2026-07-18,threatfox,DOMAIN,4j6m037n.mcbelize.com,"js.clearfake, domain",n/a
2026-07-18,threatfox,DOMAIN,mcbelize.com,"js.clearfake, domain",n/a
2026-07-18,threatfox,DOMAIN,tygnu.lokercorp.com,"js.clearfake, domain",n/a
2026-07-18,threatfox,DOMAIN,lokercorp.com,"js.clearfake, domain",n/a
2026-07-18,threatfox,DOMAIN,cgocpkfgd.fg777tasya.net,"js.clearfake, domain",n/a
2026-07-18,threatfox,DOMAIN,fg777tasya.net,"js.clearfake, domain",n/a
2026-07-18,threatfox,DOMAIN,acvwd.lunapizzaco.com,"js.clearfake, domain",n/a
2026-07-18,threatfox,DOMAIN,lunapizzaco.com,"js.clearfake, domain",n/a
2026-07-18,threatfox,DOMAIN,ubwzdjejr.fun777game.org,"js.clearfake, domain",n/a
2026-07-18,threatfox,DOMAIN,fun777game.org,"js.clearfake, domain",n/a
2026-07-18,threatfox,DOMAIN,hdz7omr1.nextbahis.blog,"js.clearfake, domain",n/a
2026-07-18,threatfox,DOMAIN,i0bep9cj.medallionfoodsinctempura.com,"js.clearfake, domain",n/a
2026-07-18,threatfox,DOMAIN,medallionfoodsinctempura.com,"js.clearfake, domain",n/a
2026-07-18,threatfox,DOMAIN,olyqj.luxurygoodscaree.com,"js.clearfake, domain",n/a
2026-07-18,threatfox,DOMAIN,luxurygoodscaree.com,"js.clearfake, domain",n/a
2026-07-18,threatfox,DOMAIN,dogfrpygx.hazzarat.com,"js.clearfake, domain",n/a
2026-07-18,threatfox,DOMAIN,mpuwd.deepspaceparker.com,"js.clearfake, domain",n/a
2026-07-18,threatfox,DOMAIN,uvxzsajar.lion1bet.com,"js.clearfake, domain",n/a
2026-07-18,threatfox,DOMAIN,atqfb.calirayalake.com,"js.clearfake, domain",n/a
2026-07-18,threatfox,DOMAIN,jppxuuhae.imagederm.com,"js.clearfake, domain",n/a
2026-07-18,threatfox,DOMAIN,5ipju606.venus90bet.com,"js.clearfake, domain",n/a
2026-07-18,threatfox,DOMAIN,heork.derbi.promo,"js.clearfake, domain",n/a
2026-07-18,threatfox,DOMAIN,8862moud.mikespizzafairfield.com,"js.clearfake, domain",n/a
2026-07-18,threatfox,DOMAIN,mikespizzafairfield.com,"js.clearfake, domain",n/a
2026-07-18,threatfox,DOMAIN,lbtzq.funxbet.casino,"js.clearfake, domain",n/a
2026-07-18,threatfox,DOMAIN,kgptwmgqf.taktikkbet.com,"js.clearfake, domain",n/a
2026-07-18,threatfox,DOMAIN,voidravenstorm.top,"js.magecart, domain",n/a
2026-07-18,threatfox,DOMAIN,yblfhadfu.mango90bet.com,"js.clearfake, domain",n/a
2026-07-18,threatfox,DOMAIN,mango90bet.com,"js.clearfake, domain",n/a
2026-07-18,threatfox,DOMAIN,rmxohycah.sky7bet.casino,"js.clearfake, domain",n/a
2026-07-18,threatfox,DOMAIN,yvzqh.hazaratbet.game,"js.clearfake, domain",n/a
2026-07-18,threatfox,DOMAIN,vwpanxmoc.orlandosmuncy.com,"js.clearfake, domain",n/a
2026-07-18,threatfox,DOMAIN,jifyi.gamehazarat.com,"js.clearfake, domain",n/a
2026-07-18,threatfox,DOMAIN,orlandosmuncy.com,"js.clearfake, domain",n/a
2026-07-18,threatfox,DOMAIN,7uaho90m.myluxurykitchenandbath.com,"js.clearfake, domain",n/a
2026-07-18,threatfox,DOMAIN,myluxurykitchenandbath.com,"js.clearfake, domain",n/a
2026-07-18,threatfox,DOMAIN,errjothcxmklspp.cc,"unknown, domain",n/a
2026-07-18,threatfox,DOMAIN,errakgrwenmjibedi.cc,"unknown, domain",n/a
2026-07-18,threatfox,DOMAIN,clouderrtufjcb.cc,"unknown, domain",n/a
2026-07-18,threatfox,DOMAIN,vxoso66.com,"win.asyncrat, domain",n/a
2026-07-18,"threatfox,tweetfeed",DOMAIN,auth-id-browser.info,"unknown, domain",n/a
2026-07-18,threatfox,DOMAIN,baboke.pro,"unknown, domain",n/a
2026-07-18,threatfox,DOMAIN,senorgyros.com,"js.clearfake, domain",n/a
2026-07-18,threatfox,DOMAIN,pathfindersafrica.com,"js.clearfake, domain",n/a
2026-07-18,threatfox,DOMAIN,xoso66edu.com,"win.asyncrat, domain",n/a
2026-07-18,threatfox,DOMAIN,8hrhd061.noodlesbymomi.com,"js.clearfake, domain",n/a
2026-07-18,threatfox,DOMAIN,noodlesbymomi.com,"js.clearfake, domain",n/a
2026-07-18,threatfox,DOMAIN,vtneuluzf.pathfindersafrica.com,"js.clearfake, domain",n/a
2026-07-18,threatfox,DOMAIN,ddj8f1ro.ruralrouterust.com,"js.clearfake, domain",n/a
2026-07-18,threatfox,DOMAIN,zaflv.senorgyros.com,"js.clearfake, domain",n/a
2026-07-18,threatfox,DOMAIN,ruralrouterust.com,"js.clearfake, domain",n/a
2026-07-18,threatfox,DOMAIN,p43qsij4.nextbahis.one,"js.clearfake, domain",n/a
2026-07-18,threatfox,DOMAIN,nsbnqzdnv.pathfindersafrica.com,"js.clearfake, domain",n/a
2026-07-18,threatfox,DOMAIN,jeekd.senorgyros.com,"js.clearfake, domain",n/a
2026-07-18,threatfox,DOMAIN,pouulacmu.phogoldencow.com,"js.clearfake, domain",n/a
2026-07-18,threatfox,DOMAIN,phogoldencow.com,"js.clearfake, domain",n/a
2026-07-18,threatfox,DOMAIN,ktkxw.shimiaodaoflushing.com,"js.clearfake, domain",n/a
2026-07-18,threatfox,DOMAIN,shimiaodaoflushing.com,"js.clearfake, domain",n/a
2026-07-18,threatfox,DOMAIN,iqr1pfqd.okegass.net,"js.clearfake, domain",n/a
2026-07-18,threatfox,DOMAIN,okegass.net,"js.clearfake, domain",n/a
2026-07-18,threatfox,DOMAIN,cloud-scn.info,"unknown_loader, domain",n/a
2026-07-18,threatfox,DOMAIN,imagestore-vault.info,"unknown_loader, domain",n/a
2026-07-18,threatfox,DOMAIN,protectvids.info,"unknown_loader, domain",n/a
2026-07-18,threatfox,DOMAIN,skrin-archiv.info,"unknown_loader, domain",n/a
2026-07-18,threatfox,DOMAIN,vault-imagehub.info,"unknown_loader, domain",n/a
2026-07-18,threatfox,DOMAIN,vid-secure.info,"unknown_loader, domain",n/a
2026-07-18,threatfox,DOMAIN,aabqjhcdf.quickandcleanfetish.com,"js.clearfake, domain",n/a
2026-07-18,threatfox,DOMAIN,quickandcleanfetish.com,"js.clearfake, domain",n/a
2026-07-18,threatfox,DOMAIN,mtvhf.socialclub112.com,"js.clearfake, domain",n/a
2026-07-18,threatfox,DOMAIN,socialclub112.com,"js.clearfake, domain",n/a
2026-07-18,threatfox,DOMAIN,sjhofpgpz.rahmagrill.com,"js.clearfake, domain",n/a
2026-07-18,threatfox,DOMAIN,rahmagrill.com,"js.clearfake, domain",n/a
2026-07-18,threatfox,DOMAIN,gygor.sultankito.com,"js.clearfake, domain",n/a
2026-07-18,threatfox,DOMAIN,sultankito.com,"js.clearfake, domain",n/a
2026-07-18,threatfox,DOMAIN,47sat9ax.corpuschristiairporthotel.com,"js.clearfake, domain",n/a
2026-07-18,threatfox,DOMAIN,corpuschristiairporthotel.com,"js.clearfake, domain",n/a
2026-07-18,threatfox,DOMAIN,yefu.rftmacncheese.com,"js.clearfake, domain",n/a
2026-07-18,threatfox,DOMAIN,rftmacncheese.com,"js.clearfake, domain",n/a
2026-07-18,threatfox,DOMAIN,qlzqh.sultankito.net,"js.clearfake, domain",n/a
2026-07-18,threatfox,DOMAIN,sultankito.net,"js.clearfake, domain",n/a
2026-07-18,threatfox,DOMAIN,bkmu.ronarcher.org,"js.clearfake, domain",n/a
2026-07-18,threatfox,DOMAIN,ronarcher.org,"js.clearfake, domain",n/a
2026-07-18,threatfox,DOMAIN,rzaxl.switch-vodka.com,"js.clearfake, domain",n/a
2026-07-18,threatfox,DOMAIN,switch-vodka.com,"js.clearfake, domain",n/a
2026-07-18,threatfox,DOMAIN,es2utu9l.samsann.com,"js.clearfake, domain",n/a
2026-07-18,threatfox,DOMAIN,samsann.com,"js.clearfake, domain",n/a
2026-07-18,threatfox,DOMAIN,ajp3btj8.nextbahis.poker,"js.clearfake, domain",n/a
2026-07-18,threatfox,DOMAIN,quorashift.cc,"unknown, domain",n/a
2026-07-18,threatfox,DOMAIN,static.quorashift.cc,"unknown, domain",n/a
2026-07-18,threatfox,DOMAIN,6leriop4.littleitalypizzafortwashington.com,"js.clearfake, domain",n/a
2026-07-18,threatfox,DOMAIN,littleitalypizzafortwashington.com,"js.clearfake, domain",n/a
2026-07-18,threatfox,DOMAIN,login.metricsdashboard.cc,"unknown, domain",n/a
2026-07-18,threatfox,DOMAIN,kqgn.fg777jbg.net,"js.clearfake, domain",n/a
2026-07-18,threatfox,DOMAIN,fiscalnotificacionmunicipal.store,"win.vjw0rm, domain",n/a
2026-07-18,threatfox,DOMAIN,fundacionolipica.store,"win.vjw0rm, domain",n/a
2026-07-18,threatfox,DOMAIN,notificadorlocalsolionesfis.store,"win.vjw0rm, domain",n/a
2026-07-18,threatfox,DOMAIN,www.remicionesexternas.store,"win.vjw0rm, domain",n/a
2026-07-18,threatfox,DOMAIN,www.firmaprincipal.store,"win.vjw0rm, domain",n/a
2026-07-18,threatfox,DOMAIN,comidarapidas.store,"win.vjw0rm, domain",n/a
2026-07-18,threatfox,DOMAIN,solicitudelarchivo.store,"win.vjw0rm, domain",n/a
2026-07-18,threatfox,DOMAIN,calzadoswer.store,"win.vjw0rm, domain",n/a
2026-07-18,threatfox,DOMAIN,cominiucadosinternos.store,"win.vjw0rm, domain",n/a
2026-07-18,threatfox,DOMAIN,notificacionesnacionales.store,"win.vjw0rm, domain",n/a
2026-07-18,threatfox,DOMAIN,cpantalonesnegro.store,"win.vjw0rm, domain",n/a
2026-07-18,threatfox,DOMAIN,etiendasb.store,"win.vjw0rm, domain",n/a
2026-07-18,threatfox,DOMAIN,bpadellcali.store,"win.vjw0rm, domain",n/a
2026-07-18,threatfox,DOMAIN,detalleselparaiso.store,"win.vjw0rm, domain",n/a
2026-07-18,threatfox,DOMAIN,nuevocomienzp333.duckdns.org,"win.dcrat, domain",n/a
2026-07-18,threatfox,DOMAIN,gfhdsjkasd.duckdns.org,"win.dcrat, domain",n/a
2026-07-18,threatfox,DOMAIN,up-to-date.paquetesparaorlando.com,"js.fakeupdates, domain",n/a
2026-07-18,"threatfox,tweetfeed",DOMAIN,oosterhout.click,"js.kongtuke, domain",n/a
2026-07-18,threatfox,DOMAIN,loveloveinfo.xyz,"unknown_stealer, domain",n/a
2026-07-18,threatfox,DOMAIN,battagliadipavia1525.it,"unknown, domain",n/a
2026-07-18,threatfox,DOMAIN,strastergy.com,"unknown, domain",n/a
2026-07-18,threatfox,DOMAIN,chorg.xyz,"unknown, domain",n/a
2026-07-18,threatfox,DOMAIN,nykaa.cloud,"unknown, domain",n/a
2026-07-18,threatfox,DOMAIN,catholicsma.com,"unknown, domain",n/a
2026-07-18,threatfox,DOMAIN,burutrading.com,"unknown, domain",n/a
2026-07-18,threatfox,DOMAIN,lmstamper.com,"unknown, domain",n/a
2026-07-18,threatfox,DOMAIN,1trusted.live,"unknown, domain",n/a
2026-07-18,threatfox,DOMAIN,searchranktraffic.live,"unknown_stealer, domain",n/a
2026-07-18,threatfox,DOMAIN,robbylinkpi.icu,"unknown_stealer, domain",n/a
2026-07-18,threatfox,DOMAIN,nfghq.kmmits.com,"js.clearfake, domain",n/a
2026-07-18,threatfox,DOMAIN,ncia.hazaratbet.games,"js.clearfake, domain",n/a
2026-07-18,threatfox,DOMAIN,jxrml.luxurygoodscaree.com,"js.clearfake, domain",n/a
2026-07-18,threatfox,DOMAIN,u6ggk611.elizabethspizzadenton.com,"js.clearfake, domain",n/a
2026-07-18,threatfox,DOMAIN,elizabethspizzadenton.com,"js.clearfake, domain",n/a
2026-07-18,threatfox,DOMAIN,jfwh.hazzarat.com,"js.clearfake, domain",n/a
2026-07-18,threatfox,DOMAIN,ijt1.com,"win.valley_rat, domain",n/a
2026-07-18,threatfox,DOMAIN,xhozx.onjabet1.com,"js.clearfake, domain",n/a
2026-07-18,threatfox,DOMAIN,fazv.jadoobet.pro,"js.clearfake, domain",n/a
2026-07-18,threatfox,DOMAIN,inasa.pdfbama.com,"js.clearfake, domain",n/a
2026-07-18,threatfox,DOMAIN,4dc5hwj8.nextbahis.poker,"js.clearfake, domain",n/a
2026-07-18,threatfox,DOMAIN,g9epkl53.site-asli-bedon-filter-1xbet.com,"js.clearfake, domain",n/a
2026-07-18,threatfox,DOMAIN,flyi.jadoou.lat,"js.clearfake, domain",n/a
2026-07-18,threatfox,DOMAIN,kkslot777.de.com,"js.clearfake, domain",n/a
2026-07-18,threatfox,DOMAIN,caycn.tampabayspin.com,"js.clearfake, domain",n/a
2026-07-18,threatfox,DOMAIN,jamaledmonds.com,"js.clearfake, domain",n/a
2026-07-18,threatfox,DOMAIN,o59dzghe.calculadoracomisiones.com,"js.clearfake, domain",n/a
2026-07-18,threatfox,DOMAIN,jtab.jbgroup21.com,"js.clearfake, domain",n/a
2026-07-18,threatfox,DOMAIN,ynzpk.varzeshlife.ir,"js.clearfake, domain",n/a
2026-07-19,threatfox,DOMAIN,n5yqon6r.site-takhtenard-sharti-betland.com,"js.clearfake, domain",n/a
2026-07-19,threatfox,DOMAIN,bzki.jetbet.download,"js.clearfake, domain",n/a
2026-07-19,threatfox,DOMAIN,lfumk.winston.bet,"js.clearfake, domain",n/a
2026-07-19,threatfox,DOMAIN,twincitytattoos.com,"js.clearfake, domain",n/a
2026-07-19,threatfox,DOMAIN,a2wk5fd0.purity-pharmaceuticals.net,"js.clearfake, domain",n/a
2026-07-19,threatfox,DOMAIN,purity-pharmaceuticals.net,"js.clearfake, domain",n/a
2026-07-19,threatfox,DOMAIN,sultanoffc.com,"js.clearfake, domain",n/a
2026-07-19,threatfox,DOMAIN,sultan88.xyz,"js.clearfake, domain",n/a
2026-07-19,threatfox,DOMAIN,hszy.nextbahis.blog,"js.clearfake, domain",n/a
2026-07-19,threatfox,DOMAIN,sultan88.de.com,"js.clearfake, domain",n/a
2026-07-19,threatfox,DOMAIN,sboku88.de.com,"js.clearfake, domain",n/a
2026-07-19,threatfox,DOMAIN,ru4xmcs2.onjabet1.com,"js.clearfake, domain",n/a
2026-07-19,threatfox,DOMAIN,uina.noodlesbymomi.com,"js.clearfake, domain",n/a
2026-07-19,threatfox,DOMAIN,yxzsj.derbi.promo,"js.clearfake, domain",n/a
2026-07-19,threatfox,DOMAIN,zugaztieta.com,"js.clearfake, domain",n/a
2026-07-19,threatfox,DOMAIN,vftudd2r.gamehazarat.bet,"js.clearfake, domain",n/a
2026-07-19,threatfox,DOMAIN,amse.senorgyros.com,"js.clearfake, domain",n/a
2026-07-19,threatfox,DOMAIN,hcrty.funxbet.casino,"js.clearfake, domain",n/a
2026-07-19,threatfox,DOMAIN,buildableconcepts.com,"js.clearfake, domain",n/a
2026-07-19,threatfox,DOMAIN,tomi.socialclub112.com,"js.clearfake, domain",n/a
2026-07-19,threatfox,DOMAIN,vcjh.shimiaodaoflushing.com,"js.clearfake, domain",n/a
2026-07-19,threatfox,DOMAIN,wsfls.hazaratbet.game,"js.clearfake, domain",n/a
2026-07-19,threatfox,DOMAIN,6ytetbzh.quickandcleanfetish.com,"js.clearfake, domain",n/a
2026-07-19,threatfox,DOMAIN,xexop.burritodelight.com,"js.clearfake, domain",n/a
2026-07-19,threatfox,DOMAIN,qjhi.taktikkbet.com,"js.clearfake, domain",n/a
2026-07-19,threatfox,DOMAIN,ybntipf1.ramenizakaya-himeji.com,"js.clearfake, domain",n/a
2026-07-19,threatfox,DOMAIN,burritodelight.com,"js.clearfake, domain",n/a
2026-07-19,threatfox,DOMAIN,bvxbg.buildableconcepts.com,"js.clearfake, domain",n/a
2026-07-19,threatfox,DOMAIN,lqcah.cheaperthan-dirt.com,"js.clearfake, domain",n/a
2026-07-19,threatfox,DOMAIN,cheaperthan-dirt.com,"js.clearfake, domain",n/a
2026-07-19,threatfox,DOMAIN,olotu.cardanaircraft.org,"js.clearfake, domain",n/a
2026-07-19,threatfox,DOMAIN,cardanaircraft.org,"js.clearfake, domain",n/a
2026-07-19,threatfox,DOMAIN,bikertlane.com,"js.clearfake, domain",n/a
2026-07-19,threatfox,DOMAIN,royaldoorsspringdale.com,"js.clearfake, domain",n/a
2026-07-19,threatfox,DOMAIN,4yl6u62i.pdfbama.com,"js.clearfake, domain",n/a
2026-07-19,threatfox,DOMAIN,otcgf.christorem.com,"js.clearfake, domain",n/a
2026-07-19,threatfox,DOMAIN,christorem.com,"js.clearfake, domain",n/a
2026-07-19,threatfox,DOMAIN,res.explicittweak.cc,"win.acr_stealer, domain",n/a
2026-07-19,threatfox,DOMAIN,dlvk.nextbahis.one,"js.clearfake, domain",n/a
2026-07-19,threatfox,DOMAIN,ht326ul6.hazaratbet.bet,"js.clearfake, domain",n/a
2026-07-19,threatfox,DOMAIN,photo-hotel8413.info,"unknown_loader, domain",n/a
2026-07-19,threatfox,DOMAIN,imagephotosafe.info,"unknown_loader, domain",n/a
2026-07-19,threatfox,DOMAIN,bittersweetkennel.com,"js.clearfake, domain",n/a
2026-07-19,threatfox,DOMAIN,jackpot168.de.com,"js.clearfake, domain",n/a
2026-07-19,threatfox,DOMAIN,zuibs.jetbet.download,"js.clearfake, domain",n/a
2026-07-19,threatfox,DOMAIN,coolriverpizzaca.com,"js.clearfake, domain",n/a
2026-07-19,threatfox,DOMAIN,nextbahis.app,"js.clearfake, domain",n/a
2026-07-19,threatfox,DOMAIN,trivaleal9.eightyen1arge.garden,"js.clearfake, domain",n/a
2026-07-19,threatfox,DOMAIN,markol.pro,"js.clearfake, domain",n/a
2026-07-19,threatfox,DOMAIN,bzeg.bikertlane.com,"js.clearfake, domain",n/a
2026-07-19,threatfox,DOMAIN,m4jpiubh.royaldoorsspringdale.com,"js.clearfake, domain",n/a
2026-07-19,threatfox,DOMAIN,g5sy0m2g.calirayalake.com,"js.clearfake, domain",n/a
2026-07-19,threatfox,DOMAIN,bolesfarms.com,"js.clearfake, domain",n/a
2026-07-19,threatfox,DOMAIN,ystr.bittersweetkennel.com,"js.clearfake, domain",n/a
2026-07-19,threatfox,DOMAIN,txwd.borrender.com,"js.clearfake, domain",n/a
2026-07-19,threatfox,DOMAIN,6bj30.eightyen1arge.garden,"js.clearfake, domain",n/a
2026-07-19,threatfox,DOMAIN,borrender.com,"js.clearfake, domain",n/a
2026-07-19,threatfox,DOMAIN,ark-crestos.eightyen1arge.garden,"js.clearfake, domain",n/a
2026-07-19,threatfox,DOMAIN,znnop.frisbeeburgerllc.com,"js.clearfake, domain",n/a
2026-07-19,threatfox,DOMAIN,frisbeeburgerllc.com,"js.clearfake, domain",n/a
2026-07-19,threatfox,DOMAIN,gwcs.bolesfarms.com,"js.clearfake, domain",n/a
2026-07-19,threatfox,DOMAIN,jasf.braverybeans.com,"js.clearfake, domain",n/a
2026-07-19,threatfox,DOMAIN,zawzq25p.grupoelede.com,"js.clearfake, domain",n/a
2026-07-19,threatfox,DOMAIN,p5ymbof6.drdavidzweiback.com,"js.clearfake, domain",n/a
2026-07-19,threatfox,DOMAIN,braverybeans.com,"js.clearfake, domain",n/a
2026-07-19,threatfox,DOMAIN,grupoelede.com,"js.clearfake, domain",n/a
2026-07-19,threatfox,DOMAIN,sparr5-vault.old-ground.garden,"js.clearfake, domain",n/a
2026-07-19,threatfox,DOMAIN,ember-sdk.old-ground.garden,"js.clearfake, domain",n/a
2026-07-19,threatfox,DOMAIN,ifmpb.frizzhairforecast.com,"js.clearfake, domain",n/a
2026-07-19,threatfox,DOMAIN,frizzhairforecast.com,"js.clearfake, domain",n/a
2026-07-19,threatfox,DOMAIN,mjca.fontanayoga.com,"js.clearfake, domain",n/a
2026-07-19,threatfox,DOMAIN,fontanayoga.com,"js.clearfake, domain",n/a
2026-07-19,threatfox,DOMAIN,brdxo.old-ground.garden,"js.clearfake, domain",n/a
2026-07-19,threatfox,DOMAIN,dyzjs.gepco-energy.com,"js.clearfake, domain",n/a
2026-07-19,threatfox,DOMAIN,gepco-energy.com,"js.clearfake, domain",n/a
2026-07-19,threatfox,DOMAIN,formonstore.com,"js.clearfake, domain",n/a
2026-07-19,threatfox,DOMAIN,uaycwz4b.nextbahis.blog,"js.clearfake, domain",n/a
2026-07-19,threatfox,DOMAIN,fsc.arizonafamilylawfirm.com,"win.vidar, domain",n/a
2026-07-19,threatfox,DOMAIN,wgp8mmcl.nextbahis.app,"js.clearfake, domain",n/a
2026-07-19,threatfox,DOMAIN,hzzgoxjvb.pdfbama.com,"js.clearfake, domain",n/a
2026-07-19,threatfox,DOMAIN,ekjcg.gettalloway.com,"js.clearfake, domain",n/a
2026-07-19,threatfox,DOMAIN,gettalloway.com,"js.clearfake, domain",n/a
2026-07-19,threatfox,DOMAIN,fadedfractal.com,"js.clearfake, domain",n/a
2026-07-19,threatfox,DOMAIN,c4rr1-switch.fashina5pread.garden,"js.clearfake, domain",n/a
2026-07-19,threatfox,DOMAIN,hollowash.fashina5pread.garden,"js.clearfake, domain",n/a
2026-07-19,threatfox,DOMAIN,htk.arizonafamilylawfirm.com,"win.vidar, domain",n/a
2026-07-19,threatfox,DOMAIN,uxddr.goatedcollection.com,"js.clearfake, domain",n/a
2026-07-19,threatfox,DOMAIN,goatedcollection.com,"js.clearfake, domain",n/a
2026-07-19,threatfox,DOMAIN,khob.formonstore.com,"js.clearfake, domain",n/a
2026-07-19,threatfox,DOMAIN,famscargo.com,"js.clearfake, domain",n/a
2026-07-19,threatfox,DOMAIN,z15e6bey.nextbahis.poker,"js.clearfake, domain",n/a
2026-07-19,threatfox,DOMAIN,traile4-branch.immer-weeping.garden,"js.clearfake, domain",n/a
2026-07-19,threatfox,DOMAIN,qrt.arizonafamilylawfirm.com,"win.vidar, domain",n/a
2026-07-19,threatfox,DOMAIN,imccj.gobgem.com,"js.clearfake, domain",n/a
2026-07-19,threatfox,DOMAIN,lumcrestor5.fashina5pread.garden,"js.clearfake, domain",n/a
2026-07-19,threatfox,DOMAIN,gobgem.com,"js.clearfake, domain",n/a
2026-07-19,threatfox,DOMAIN,uafu.fadedfractal.com,"js.clearfake, domain",n/a
2026-07-19,threatfox,DOMAIN,faux-paws.com,"js.clearfake, domain",n/a
2026-07-19,threatfox,DOMAIN,h9fw1u0e.hanasushiorlando.com,"js.clearfake, domain",n/a
2026-07-19,threatfox,DOMAIN,hanasushiorlando.com,"js.clearfake, domain",n/a
2026-07-19,threatfox,DOMAIN,web-captcha.co,"unknown, domain",n/a
2026-07-19,threatfox,DOMAIN,stqdx.gominhabjj.com,"js.clearfake, domain",n/a
2026-07-19,threatfox,DOMAIN,gominhabjj.com,"js.clearfake, domain",n/a
2026-07-19,threatfox,DOMAIN,wlgv.famscargo.com,"js.clearfake, domain",n/a
2026-07-19,threatfox,DOMAIN,umq3dj7m.tampabayspin.com,"js.clearfake, domain",n/a
2026-07-19,threatfox,DOMAIN,cleastora.immer-weeping.garden,"js.clearfake, domain",n/a
2026-07-19,threatfox,DOMAIN,qar.arizonafamilylawfirm.com,"win.vidar, domain",n/a
2026-07-19,threatfox,DOMAIN,cort-cargo.immer-weeping.garden,"js.clearfake, domain",n/a
2026-07-19,threatfox,DOMAIN,dautw.playantwatch.com,"js.clearfake, domain",n/a
2026-07-19,threatfox,DOMAIN,playantwatch.com,"js.clearfake, domain",n/a
2026-07-19,threatfox,DOMAIN,hxqt.faux-paws.com,"js.clearfake, domain",n/a
2026-07-19,threatfox,DOMAIN,zenithlogicbase.glenmora.garden,"js.clearfake, domain",n/a
2026-07-19,threatfox,DOMAIN,fsjkul62.onjabet1.com,"js.clearfake, domain",n/a
2026-07-19,threatfox,DOMAIN,bwwxd.polarstartire.com,"js.clearfake, domain",n/a
2026-07-19,threatfox,DOMAIN,polarstartire.com,"js.clearfake, domain",n/a
2026-07-19,threatfox,DOMAIN,wnbl.divanailsachse.com,"js.clearfake, domain",n/a
2026-07-19,threatfox,DOMAIN,kelforge6ix.immer-weeping.garden,"js.clearfake, domain",n/a
2026-07-19,threatfox,DOMAIN,divanailsachse.com,"js.clearfake, domain",n/a
2026-07-19,threatfox,DOMAIN,w8sxay63.varzeshlife.ir,"js.clearfake, domain",n/a
2026-07-19,threatfox,DOMAIN,ivclr.mango-sushi.com,"js.clearfake, domain",n/a
2026-07-19,threatfox,DOMAIN,ikyu.domirunway.com,"js.clearfake, domain",n/a
2026-07-19,threatfox,DOMAIN,fbbzh.mango-sushi.com,"js.clearfake, domain",n/a
2026-07-19,threatfox,DOMAIN,mango-sushi.com,"js.clearfake, domain",n/a
2026-07-19,threatfox,DOMAIN,litsotravels.com,"js.clearfake, domain",n/a
2026-07-19,threatfox,DOMAIN,koin99.link,"js.clearfake, domain",n/a
2026-07-19,threatfox,DOMAIN,istudiosgl.com,"js.clearfake, domain",n/a
2026-07-19,threatfox,DOMAIN,cydm.domirunway.com,"js.clearfake, domain",n/a
2026-07-19,threatfox,DOMAIN,domirunway.com,"js.clearfake, domain",n/a
2026-07-19,threatfox,DOMAIN,divoraworld.com,"js.clearfake, domain",n/a
2026-07-19,threatfox,DOMAIN,yvryz.gepco-energy.com,"js.clearfake, domain",n/a
2026-07-19,threatfox,DOMAIN,yferx.gepco-energy.com,"js.clearfake, domain",n/a
2026-07-19,threatfox,DOMAIN,xxklt.gamehazarat.bet,"js.clearfake, domain",n/a
2026-07-19,threatfox,DOMAIN,cucumber-oslo.cc,"unknown_stealer, domain",n/a
2026-07-19,threatfox,DOMAIN,cyberflux9unit.glenmora.garden,"js.clearfake, domain",n/a
2026-07-19,threatfox,DOMAIN,atibr.gamehazarat.bet,"js.clearfake, domain",n/a
2026-07-19,threatfox,DOMAIN,konr.domirunway.com,"js.clearfake, domain",n/a
2026-07-19,threatfox,DOMAIN,oqjvp.gamehazarat.bet,"js.clearfake, domain",n/a
2026-07-19,threatfox,DOMAIN,etaru.oasis-active.com,"js.clearfake, domain",n/a
2026-07-19,threatfox,DOMAIN,oasis-active.com,"js.clearfake, domain",n/a
2026-07-19,threatfox,DOMAIN,canss.mountoliveccc.com,"js.clearfake, domain",n/a
2026-07-19,threatfox,DOMAIN,mountoliveccc.com,"js.clearfake, domain",n/a
2026-07-19,threatfox,DOMAIN,uwaho.midiowagrowth.com,"js.clearfake, domain",n/a
2026-07-19,threatfox,DOMAIN,midiowagrowth.com,"js.clearfake, domain",n/a
2026-07-19,threatfox,DOMAIN,unixcheats.shop,"unknown, domain",n/a
2026-07-19,threatfox,DOMAIN,frolen.life,"unknown, domain",n/a
2026-07-19,threatfox,DOMAIN,rgb.arizonafamilylawfirm.com,"win.vidar, domain",n/a
2026-07-19,threatfox,DOMAIN,babydiapersinturkey.com,"win.vidar, domain",n/a
2026-07-19,threatfox,DOMAIN,bappytechlab.com,"win.vidar, domain",n/a
2026-07-19,threatfox,DOMAIN,blocuriizolatetermic.primariapetrosani.ro,"win.vidar, domain",n/a
2026-07-19,threatfox,DOMAIN,casadesignsrl.it,"win.vidar, domain",n/a
2026-07-19,threatfox,DOMAIN,cc-roofingco.com,"win.vidar, domain",n/a
2026-07-19,threatfox,DOMAIN,corambiente.com,"win.vidar, domain",n/a
2026-07-19,threatfox,DOMAIN,dailyinterior.co.uk,"win.vidar, domain",n/a
2026-07-19,threatfox,DOMAIN,daoyiyuan.cn,"win.vidar, domain",n/a
2026-07-19,threatfox,DOMAIN,datakepri.com,"win.vidar, domain",n/a
2026-07-19,threatfox,DOMAIN,euregio-camper.de,"win.vidar, domain",n/a
2026-07-19,threatfox,DOMAIN,guiasantosdumont.com.br,"win.vidar, domain",n/a
2026-07-19,threatfox,DOMAIN,instantfixservices.com,"win.vidar, domain",n/a
2026-07-19,threatfox,DOMAIN,lagrandefm.com,"win.vidar, domain",n/a
2026-07-19,threatfox,DOMAIN,lucianasalomao.com.br,"win.vidar, domain",n/a
2026-07-19,threatfox,DOMAIN,mazradioaurora.com,"win.vidar, domain",n/a
2026-07-19,threatfox,DOMAIN,mobilitate.primariapetrosani.ro,"win.vidar, domain",n/a
2026-07-19,threatfox,DOMAIN,moroneyaccountants.ie,"win.vidar, domain",n/a
2026-07-19,threatfox,DOMAIN,mrinterior.co.uk,"win.vidar, domain",n/a
2026-07-19,threatfox,DOMAIN,nr-7releases.com,"win.vidar, domain",n/a
2026-07-19,threatfox,DOMAIN,radiozona94fm.com,"win.vidar, domain",n/a
2026-07-19,threatfox,DOMAIN,reelwalestudio.com,"win.vidar, domain",n/a
2026-07-19,threatfox,DOMAIN,rolems.com,"win.vidar, domain",n/a
2026-07-19,threatfox,DOMAIN,rumahlift.com,"win.vidar, domain",n/a
2026-07-19,threatfox,DOMAIN,roofing-clearwater.com,"win.vidar, domain",n/a
2026-07-19,threatfox,DOMAIN,salariadvogados.com.br,"win.vidar, domain",n/a
2026-07-19,threatfox,DOMAIN,soccerpunter.org,"win.vidar, domain",n/a
2026-07-19,threatfox,DOMAIN,toufafashion.com,"win.vidar, domain",n/a
2026-07-19,threatfox,DOMAIN,yourhomeguide.co.uk,"win.vidar, domain",n/a
2026-07-19,threatfox,DOMAIN,wz43qign.houseofhakka.com,"js.clearfake, domain",n/a
2026-07-19,threatfox,DOMAIN,houseofhakka.com,"js.clearfake, domain",n/a
2026-07-19,threatfox,DOMAIN,qpduk.hazaratbet.bet,"js.clearfake, domain",n/a
2026-07-19,threatfox,DOMAIN,vectorpointbit.veloria.garden,"js.clearfake, domain",n/a
2026-07-19,threatfox,DOMAIN,silicon8host.veloria.garden,"js.clearfake, domain",n/a
2026-07-19,threatfox,DOMAIN,alpha4gateweb.glenmora.garden,"js.clearfake, domain",n/a
2026-07-19,threatfox,DOMAIN,moszp.jetbet.download,"js.clearfake, domain",n/a
2026-07-19,threatfox,DOMAIN,edtbi.jetbet.download,"js.clearfake, domain",n/a
2026-07-19,threatfox,DOMAIN,zwhun.hazaratbet.bet,"js.clearfake, domain",n/a
2026-07-19,threatfox,DOMAIN,wxfwe0h3.chrisbrowndetroit.com,"js.clearfake, domain",n/a
2026-07-19,threatfox,DOMAIN,chrisbrowndetroit.com,"js.clearfake, domain",n/a
2026-07-20,threatfox,DOMAIN,dtzu.patxisdublin.com,"js.clearfake, domain",n/a
2026-07-20,threatfox,DOMAIN,patxisdublin.com,"js.clearfake, domain",n/a
2026-07-20,threatfox,DOMAIN,8g7kgrp5.frisbeeburgerllc.com,"js.clearfake, domain",n/a
2026-07-20,threatfox,DOMAIN,imrmd.drdavidzweiback.com,"js.clearfake, domain",n/a
2026-07-20,threatfox,DOMAIN,vqwj.phimmoichilla.org,"js.clearfake, domain",n/a
2026-07-20,threatfox,DOMAIN,basalt9logic.thorniva.garden,"js.clearfake, domain",n/a
2026-07-20,threatfox,DOMAIN,quartz5prism.veloria.garden,"js.clearfake, domain",n/a
2026-07-20,threatfox,DOMAIN,dbomd.famscargo.com,"js.clearfake, domain",n/a
2026-07-20,threatfox,DOMAIN,ijm1e9p4.chrisbrownstlouis.com,"js.clearfake, domain",n/a
2026-07-20,threatfox,DOMAIN,chrisbrownstlouis.com,"js.clearfake, domain",n/a
2026-07-20,threatfox,DOMAIN,sonicpathhub.veloria.garden,"js.clearfake, domain",n/a
2026-07-20,threatfox,DOMAIN,phtaxiservices.com,"js.clearfake, domain",n/a
2026-07-20,threatfox,DOMAIN,uxlcj.fontanayoga.com,"js.clearfake, domain",n/a
2026-07-20,threatfox,DOMAIN,ftvfx.faux-paws.com,"js.clearfake, domain",n/a
2026-07-20,threatfox,DOMAIN,canyonsyncbox.thorniva.garden,"js.clearfake, domain",n/a
2026-07-20,threatfox,DOMAIN,vertex2urban.thorniva.garden,"js.clearfake, domain",n/a
2026-07-20,threatfox,DOMAIN,pikachuplush.com,"js.clearfake, domain",n/a
2026-07-20,threatfox,DOMAIN,fby6y3nd.illuigiitaliancuisine.com,"js.clearfake, domain",n/a
2026-07-20,threatfox,DOMAIN,oceanicmesh7.thorniva.garden,"js.clearfake, domain",n/a
2026-07-20,threatfox,DOMAIN,illuigiitaliancuisine.com,"js.clearfake, domain",n/a
2026-07-20,threatfox,DOMAIN,g1wgxqj5.nextbahis.one,"js.clearfake, domain",n/a
2026-07-20,threatfox,DOMAIN,hnhdl.hazaratbet.bet,"js.clearfake, domain",n/a
2026-07-20,threatfox,DOMAIN,clinkscalesdrugssc.com,"js.clearfake, domain",n/a
2026-07-20,threatfox,DOMAIN,gofq.phtaxiservices.com,"js.clearfake, domain",n/a
2026-07-20,threatfox,DOMAIN,marblewavegate.thorniva.garden,"js.clearfake, domain",n/a
2026-07-20,threatfox,DOMAIN,silica4path.lunavera.garden,"js.clearfake, domain",n/a
2026-07-20,threatfox,DOMAIN,hrykp.varzeshlife.ir,"js.clearfake, domain",n/a
2026-07-20,threatfox,DOMAIN,pylonstaticbase.thorniva.garden,"js.clearfake, domain",n/a
2026-07-20,threatfox,DOMAIN,auyc.pikachuplush.com,"js.clearfake, domain",n/a
2026-07-20,threatfox,DOMAIN,ldgcg.closedfistllc.com,"js.clearfake, domain",n/a
2026-07-20,threatfox,DOMAIN,closedfistllc.com,"js.clearfake, domain",n/a
2026-07-20,threatfox,DOMAIN,xbwtz.cleantruckchecksac.com,"js.clearfake, domain",n/a
2026-07-20,threatfox,DOMAIN,cleantruckchecksac.com,"js.clearfake, domain",n/a
2026-07-20,threatfox,DOMAIN,dnrlgtwo.frizzhairforecast.com,"js.clearfake, domain",n/a
2026-07-20,threatfox,DOMAIN,alkh.jbgroup21.com,"js.clearfake, domain",n/a
2026-07-20,threatfox,DOMAIN,brightnode9sys.lunavera.garden,"js.clearfake, domain",n/a
2026-07-20,threatfox,DOMAIN,llttu.hurtigegevinster.com,"js.clearfake, domain",n/a
2026-07-20,threatfox,DOMAIN,rbnz.hairbyniki.com,"js.clearfake, domain",n/a
2026-07-20,threatfox,DOMAIN,hairbyniki.com,"js.clearfake, domain",n/a
2026-07-20,threatfox,DOMAIN,hurtigegevinster.com,"js.clearfake, domain",n/a
2026-07-20,threatfox,DOMAIN,trendscanview.lunavera.garden,"js.clearfake, domain",n/a
2026-07-20,threatfox,DOMAIN,ksuqx.cnbgladespring.com,"js.clearfake, domain",n/a
2026-07-20,threatfox,DOMAIN,cnbgladespring.com,"js.clearfake, domain",n/a
2026-07-20,threatfox,DOMAIN,dduf.bolesfarms.com,"js.clearfake, domain",n/a
2026-07-20,threatfox,DOMAIN,oqtr.haleywoodportfolio.com,"js.clearfake, domain",n/a
2026-07-20,threatfox,DOMAIN,tztgw.impactpromotionsclt.com,"js.clearfake, domain",n/a
2026-07-20,threatfox,DOMAIN,haleywoodportfolio.com,"js.clearfake, domain",n/a
2026-07-20,threatfox,DOMAIN,impactpromotionsclt.com,"js.clearfake, domain",n/a
2026-07-20,threatfox,DOMAIN,primeglow2unit.mistbriar.garden,"js.clearfake, domain",n/a
2026-07-20,threatfox,DOMAIN,bognervopi.icu,"unknown, domain",n/a
2026-07-20,threatfox,DOMAIN,nvms9000.online,"elf.mirai, domain",n/a
2026-07-20,threatfox,DOMAIN,signalwestport.mistbriar.garden,"js.clearfake, domain",n/a
2026-07-20,threatfox,DOMAIN,t13ecldw.calculadoracomisiones.com,"js.clearfake, domain",n/a
2026-07-20,threatfox,DOMAIN,proxyfastzone.lunavera.garden,"js.clearfake, domain",n/a
2026-07-20,threatfox,DOMAIN,sei.loloxsm188.top,"win.vidar, domain",n/a
2026-07-20,threatfox,DOMAIN,okx.loloxsm188.top,"win.vidar, domain",n/a
2026-07-20,threatfox,DOMAIN,ylp.brslot.net,"win.vidar, domain",n/a
2026-07-20,threatfox,DOMAIN,mgg.brslot.net,"win.vidar, domain",n/a
2026-07-20,threatfox,DOMAIN,wvg.brslot.net,"win.vidar, domain",n/a
2026-07-20,threatfox,DOMAIN,fwb.brslot.net,"win.vidar, domain",n/a
2026-07-20,threatfox,DOMAIN,h1r.brslot.net,"win.vidar, domain",n/a
2026-07-20,threatfox,DOMAIN,sei.brslot.net,"win.vidar, domain",n/a
2026-07-20,threatfox,DOMAIN,okx.brslot.net,"win.vidar, domain",n/a
2026-07-20,threatfox,DOMAIN,ylp.loloxsm188.top,"win.vidar, domain",n/a
2026-07-20,threatfox,DOMAIN,mgg.loloxsm188.top,"win.vidar, domain",n/a
2026-07-20,threatfox,DOMAIN,wvg.loloxsm188.top,"win.vidar, domain",n/a
2026-07-20,threatfox,DOMAIN,fwb.loloxsm188.top,"win.vidar, domain",n/a
2026-07-20,threatfox,DOMAIN,h1r.loloxsm188.top,"win.vidar, domain",n/a
2026-07-20,threatfox,DOMAIN,pkspm.informatik-ai.com,"js.clearfake, domain",n/a
2026-07-20,threatfox,DOMAIN,todn.hansikaenterprises.com,"js.clearfake, domain",n/a
2026-07-20,threatfox,DOMAIN,hansikaenterprises.com,"js.clearfake, domain",n/a
2026-07-20,threatfox,DOMAIN,informatik-ai.com,"js.clearfake, domain",n/a
2026-07-20,threatfox,DOMAIN,kmd.loloxsm188.top,"win.vidar, domain",n/a
2026-07-20,threatfox,DOMAIN,kmd.brslot.net,"win.vidar, domain",n/a
2026-07-20,threatfox,DOMAIN,boldlogicgate4.mistbriar.garden,"js.clearfake, domain",n/a
2026-07-20,threatfox,DOMAIN,cyki.hayleymarienorman.com,"js.clearfake, domain",n/a
2026-07-20,threatfox,DOMAIN,jsthk.jademckenzieco.com,"js.clearfake, domain",n/a
2026-07-20,threatfox,DOMAIN,swift7tasknet.mistbriar.garden,"js.clearfake, domain",n/a
2026-07-20,threatfox,DOMAIN,hayleymarienorman.com,"js.clearfake, domain",n/a
2026-07-20,threatfox,DOMAIN,jademckenzieco.com,"js.clearfake, domain",n/a
2026-07-20,threatfox,DOMAIN,twyd6y14.elizabethspizzadenton.com,"js.clearfake, domain",n/a
2026-07-20,threatfox,DOMAIN,01ejjpa2.behtarin-site-shartbandi.com,"js.clearfake, domain",n/a
2026-07-20,threatfox,DOMAIN,ddsr.hieliao-app.com,"js.clearfake, domain",n/a
2026-07-20,threatfox,DOMAIN,lightsiteview1.solavern.garden,"js.clearfake, domain",n/a
2026-07-20,threatfox,DOMAIN,cnxst.jardins-do-mar.com,"js.clearfake, domain",n/a
2026-07-20,threatfox,DOMAIN,hieliao-app.com,"js.clearfake, domain",n/a
2026-07-20,threatfox,DOMAIN,jardins-do-mar.com,"js.clearfake, domain",n/a
2026-07-20,threatfox,DOMAIN,ryr4q9kj.playantwatch.com,"js.clearfake, domain",n/a
2026-07-20,threatfox,DOMAIN,vividmeshflow.solavern.garden,"js.clearfake, domain",n/a
2026-07-20,threatfox,DOMAIN,broadwaylotterytickets.com,"js.clearfake, domain",n/a
2026-07-20,threatfox,DOMAIN,okv4iaii.contempoconstructiontx.com,"js.clearfake, domain",n/a
2026-07-20,threatfox,DOMAIN,fgsnlppf.jadoou.lat,"js.clearfake, domain",n/a
2026-07-20,threatfox,DOMAIN,contempoconstructiontx.com,"js.clearfake, domain",n/a
2026-07-20,threatfox,DOMAIN,tgbft.countertops-dfw.com,"js.clearfake, domain",n/a
2026-07-20,threatfox,DOMAIN,giwl.highkickstkd.com,"js.clearfake, domain",n/a
2026-07-20,threatfox,DOMAIN,highkickstkd.com,"js.clearfake, domain",n/a
2026-07-20,threatfox,DOMAIN,countertops-dfw.com,"js.clearfake, domain",n/a
2026-07-20,threatfox,DOMAIN,3efofny3.cielohillsevents.com,"js.clearfake, domain",n/a
2026-07-20,threatfox,DOMAIN,cielohillsevents.com,"js.clearfake, domain",n/a
2026-07-20,threatfox,DOMAIN,hpnohznb.site-takhtenard-sharti-betland.com,"js.clearfake, domain",n/a
2026-07-20,threatfox,DOMAIN,u9p8kb56.crvbl.com,"js.clearfake, domain",n/a
2026-07-20,threatfox,DOMAIN,wnq8bmsb.derbi.promo,"js.clearfake, domain",n/a
2026-07-20,threatfox,DOMAIN,crvbl.com,"js.clearfake, domain",n/a
2026-07-20,threatfox,DOMAIN,f9e2ff2h.site-asli-bedon-filter-1xbet.com,"js.clearfake, domain",n/a
2026-07-20,threatfox,DOMAIN,apexstorm6link.solavern.garden,"js.clearfake, domain",n/a
2026-07-20,threatfox,DOMAIN,neogateway9hub.solavern.garden,"js.clearfake, domain",n/a
2026-07-20,threatfox,DOMAIN,8iuwoa4l.of-tencent.com,"js.clearfake, domain",n/a
2026-07-20,threatfox,DOMAIN,viv.loloxsm188.top,"win.vidar, domain",n/a
2026-07-20,threatfox,DOMAIN,viv.brslot.net,"win.vidar, domain",n/a
2026-07-20,threatfox,DOMAIN,kkid.hightidesuffolk.com,"js.clearfake, domain",n/a
2026-07-20,threatfox,DOMAIN,xcavl.crossonerecords.com,"js.clearfake, domain",n/a
2026-07-20,threatfox,DOMAIN,hightidesuffolk.com,"js.clearfake, domain",n/a
2026-07-20,threatfox,DOMAIN,crossonerecords.com,"js.clearfake, domain",n/a
2026-07-20,threatfox,DOMAIN,54e20j57.mrslopezsings.org,"js.clearfake, domain",n/a
2026-07-20,threatfox,DOMAIN,y0fui15e.corgiwarehouse.com,"js.clearfake, domain",n/a
2026-07-20,threatfox,DOMAIN,mrslopezsings.org,"js.clearfake, domain",n/a
2026-07-20,threatfox,DOMAIN,corgiwarehouse.com,"js.clearfake, domain",n/a
2026-07-20,threatfox,DOMAIN,20ntquqt.varzeshlife.ir,"js.clearfake, domain",n/a
2026-07-20,threatfox,DOMAIN,1eriimge.consultingsolutionsjp.com,"js.clearfake, domain",n/a
2026-07-20,threatfox,DOMAIN,consultingsolutionsjp.com,"js.clearfake, domain",n/a
2026-07-20,threatfox,DOMAIN,uz1hqtn3.phtaxiservices.com,"js.clearfake, domain",n/a
2026-07-20,threatfox,DOMAIN,bjastqph.chrisbrownallegiantstadium.com,"js.clearfake, domain",n/a
2026-07-20,threatfox,DOMAIN,chrisbrownallegiantstadium.com,"js.clearfake, domain",n/a
2026-07-20,threatfox,DOMAIN,g2o19aql.charmedanddangerousplush.com,"js.clearfake, domain",n/a
2026-07-20,threatfox,DOMAIN,mevd0fjv.phimmoichilla.org,"js.clearfake, domain",n/a
2026-07-20,threatfox,DOMAIN,charmedanddangerousplush.com,"js.clearfake, domain",n/a
2026-07-20,threatfox,DOMAIN,biirwl32.patxisdublin.com,"js.clearfake, domain",n/a
2026-07-20,threatfox,DOMAIN,tq6ay9c3.broadwaylotterytickets.com,"js.clearfake, domain",n/a
2026-07-20,threatfox,DOMAIN,grandnode3unit.solavern.garden,"js.clearfake, domain",n/a
2026-07-20,threatfox,DOMAIN,freetasksite8.petalune.garden,"js.clearfake, domain",n/a
2026-07-20,threatfox,DOMAIN,a6du2gsx.fit2leadconference.com,"js.clearfake, domain",n/a
2026-07-20,threatfox,DOMAIN,hag0wqv7.estrelamardedetizadora.com,"js.clearfake, domain",n/a
2026-07-20,threatfox,DOMAIN,fit2leadconference.com,"js.clearfake, domain",n/a
2026-07-20,threatfox,DOMAIN,estrelamardedetizadora.com,"js.clearfake, domain",n/a
2026-07-20,threatfox,DOMAIN,qaqatrf8.dermatologycongress.org,"js.clearfake, domain",n/a
2026-07-20,threatfox,DOMAIN,bcmej6hr.goodlifelakerentals.com,"js.clearfake, domain",n/a
2026-07-20,threatfox,DOMAIN,2gfxwchj.emeraldualzone.com,"js.clearfake, domain",n/a
2026-07-20,threatfox,DOMAIN,dermatologycongress.org,"js.clearfake, domain",n/a
2026-07-20,threatfox,DOMAIN,goodlifelakerentals.com,"js.clearfake, domain",n/a
2026-07-20,threatfox,DOMAIN,emeraldualzone.com,"js.clearfake, domain",n/a
2026-07-20,threatfox,DOMAIN,bhrbc90m.fredcoplumbingpros.com,"js.clearfake, domain",n/a
2026-07-20,threatfox,DOMAIN,xgu7k53h.economywindowsparts.com,"js.clearfake, domain",n/a
2026-07-20,threatfox,DOMAIN,fredcoplumbingpros.com,"js.clearfake, domain",n/a
2026-07-20,threatfox,DOMAIN,ea168jci.customhomebuildersplainfield.com,"js.clearfake, domain",n/a
2026-07-20,threatfox,DOMAIN,economywindowsparts.com,"js.clearfake, domain",n/a
2026-07-20,threatfox,DOMAIN,customhomebuildersplainfield.com,"js.clearfake, domain",n/a
2026-07-20,threatfox,DOMAIN,kwgn9wkj.cupprimosouth.com,"js.clearfake, domain",n/a
2026-07-20,threatfox,DOMAIN,cupprimosouth.com,"js.clearfake, domain",n/a
2026-07-20,threatfox,DOMAIN,vrdh.calirayalake.com,"js.clearfake, domain",n/a
2026-07-20,threatfox,DOMAIN,yywem.drdavidzweiback.com,"js.clearfake, domain",n/a
2026-07-20,threatfox,DOMAIN,vastlogicweb.petalune.garden,"js.clearfake, domain",n/a
2026-07-20,threatfox,DOMAIN,stellar5bit.petalune.garden,"js.clearfake, domain",n/a
2026-07-20,threatfox,DOMAIN,clouderfaster.cc,"unknown, domain",n/a
2026-07-20,threatfox,DOMAIN,wbpypinui.generososbakerycafe.com,"js.clearfake, domain",n/a
2026-07-20,threatfox,DOMAIN,generososbakerycafe.com,"js.clearfake, domain",n/a
2026-07-20,threatfox,DOMAIN,cglp.cleantruckchecksac.com,"js.clearfake, domain",n/a
2026-07-20,threatfox,DOMAIN,embvx.hazaratbet.bet,"js.clearfake, domain",n/a
2026-07-20,darkweb_forums,URL,https://t.me/Alphvforum,"darkweb, forum",commit 0bcb6578 / forum.md
2026-07-20,darkweb_forums,URL,https://t.me/crackedstatusupdate,"darkweb, forum",commit 0bcb6578 / forum.md
2026-07-20,darkweb_forums,URL,https://t.me/DarkForumsss,"darkweb, forum",commit 0bcb6578 / forum.md
2026-07-20,darkweb_forums,URL,https://t.me/getrektio,"darkweb, forum",commit 0bcb6578 / forum.md
2026-07-20,darkweb_forums,URL,https://t.me/leakforumio,"darkweb, forum",commit 0bcb6578 / forum.md
2026-07-20,darkweb_forums,URL,https://t.me/patchedstatus,"darkweb, forum",commit 0bcb6578 / forum.md
2026-07-20,darkweb_forums,URL,https://t.me/PwnForums,"darkweb, forum",commit 0bcb6578 / forum.md
2026-07-20,darkweb_forums,URL,https://t.me/RaidForumsHub,"darkweb, forum",commit 0bcb6578 / forum.md
2026-07-20,darkweb_forums,URL,https://t.me/SpearAnnouncements,"darkweb, forum",commit 0bcb6578 / forum.md
2026-07-20,darkweb_forums,URL,https://t.me/+LV-lyCog6r42OWM0,"darkweb, forum",commit 0bcb6578 / forum.md
2026-07-20,threatfox,DOMAIN,e0rvdbmq.jetbet.download,"js.clearfake, domain",n/a
2026-07-20,threatfox,DOMAIN,xhbgt.nextbahis.blog,"js.clearfake, domain",n/a
2026-07-20,threatfox,DOMAIN,aeiyi.jetbet.download,"js.clearfake, domain",n/a
2026-07-20,threatfox,DOMAIN,pjjuosk1.fredcoplumbingpros.com,"js.clearfake, domain",n/a
2026-07-20,threatfox,DOMAIN,energy4665.duckdns.org,"win.remcos, domain",n/a
2026-07-20,threatfox,DOMAIN,dif.loloxsm188.top,"win.vidar, domain",n/a
2026-07-20,threatfox,DOMAIN,aurorapavilion.top,"js.smartapesg, domain",n/a
2026-07-20,"threatfox,tweetfeed",DOMAIN,meduurst.space,"js.kongtuke, domain",n/a
2026-07-20,threatfox,DOMAIN,dif.brslot.net,"win.vidar, domain",n/a
2026-07-20,threatfox,DOMAIN,igsx.closedfistllc.com,"js.clearfake, domain",n/a
2026-07-20,threatfox,DOMAIN,aruhq.jbgroup21.com,"js.clearfake, domain",n/a
2026-07-20,threatfox,DOMAIN,zpbn.comptonanimalrescue.com,"js.clearfake, domain",n/a
2026-07-20,threatfox,DOMAIN,lxlwn.nextbahis.one,"js.clearfake, domain",n/a
2026-07-20,threatfox,DOMAIN,comptonanimalrescue.com,"js.clearfake, domain",n/a
2026-07-20,threatfox,DOMAIN,glmm.colg1.org,"js.clearfake, domain",n/a
2026-07-20,threatfox,DOMAIN,lcare.mrslopezsings.org,"js.clearfake, domain",n/a
2026-07-20,threatfox,DOMAIN,nodemetrics9095.com,"js.kongtuke, domain",n/a
2026-07-20,threatfox,DOMAIN,wctvn.mrslopezsings.org,"js.clearfake, domain",n/a
2026-07-20,threatfox,DOMAIN,lvcrn.monicarobles.org,"js.clearfake, domain",n/a
2026-07-20,threatfox,DOMAIN,monicarobles.org,"js.clearfake, domain",n/a
2026-07-20,threatfox,DOMAIN,drsvt.nextbahis.poker,"js.clearfake, domain",n/a
2026-07-20,threatfox,DOMAIN,axoo.colg1.org,"js.clearfake, domain",n/a
2026-07-20,threatfox,DOMAIN,colg1.org,"js.clearfake, domain",n/a
2026-07-20,threatfox,DOMAIN,kzsf.concretewestgj.com,"js.clearfake, domain",n/a
2026-07-20,threatfox,DOMAIN,tjhsq.onjabet1.com,"js.clearfake, domain",n/a
2026-07-20,threatfox,DOMAIN,concretewestgj.com,"js.clearfake, domain",n/a
2026-07-20,threatfox,DOMAIN,urbanhostgate.grovessa.garden,"js.clearfake, domain",n/a
2026-07-20,threatfox,DOMAIN,smartmeshsys2.petalune.garden,"js.clearfake, domain",n/a
2026-07-20,threatfox,DOMAIN,2zm9lhlg.groeschelcompany.com,"js.clearfake, domain",n/a
2026-07-20,threatfox,DOMAIN,groeschelcompany.com,"js.clearfake, domain",n/a
2026-07-20,threatfox,DOMAIN,syqmn.calirayalake.com,"js.clearfake, domain",n/a
2026-07-20,threatfox,DOMAIN,z52rumys.customhomebuildersplainfield.com,"js.clearfake, domain",n/a
2026-07-20,threatfox,DOMAIN,47ytdzjs.economywindowsparts.com,"js.clearfake, domain",n/a
2026-07-20,threatfox,DOMAIN,gravitfluxbox.grovessa.garden,"js.clearfake, domain",n/a
2026-07-20,threatfox,DOMAIN,cunts.colg1.org,"js.clearfake, domain",n/a
2026-07-20,threatfox,DOMAIN,jnhygwu4.gulfbreezervrentals.com,"js.clearfake, domain",n/a
2026-07-20,threatfox,DOMAIN,gulfbreezervrentals.com,"js.clearfake, domain",n/a
2026-07-20,threatfox,DOMAIN,zvni.frizzhairforecast.com,"js.clearfake, domain",n/a
2026-07-20,threatfox,DOMAIN,texashydrowork.com,"unknown, domain",n/a
2026-07-20,threatfox,DOMAIN,lunarwaveunit.grovessa.garden,"js.clearfake, domain",n/a
2026-07-20,threatfox,DOMAIN,vuwvp.drdavidzweiback.com,"js.clearfake, domain",n/a
2026-07-20,threatfox,DOMAIN,klca.hieliao-app.com,"js.clearfake, domain",n/a
2026-07-20,threatfox,DOMAIN,iemb.hansikaenterprises.com,"js.clearfake, domain",n/a
2026-07-20,threatfox,DOMAIN,img2.mekebibsolomonlaw.com,"js.fakeupdates, domain",n/a
2026-07-20,threatfox,DOMAIN,hajar-tricks.com,"win.5t_downloader, domain",n/a
2026-07-20,threatfox,DOMAIN,txvii.hazaratbet.bet,"js.clearfake, domain",n/a
2026-07-20,threatfox,DOMAIN,ttvsj7o9.jdexteriorcleaning.com,"js.clearfake, domain",n/a
2026-07-20,threatfox,DOMAIN,atlasgridflow.florenth.garden,"js.clearfake, domain",n/a
2026-07-20,threatfox,DOMAIN,xkzh.highkickstkd.com,"js.clearfake, domain",n/a
2026-07-20,threatfox,DOMAIN,foh.luckyturbo88.top,"win.vidar, domain",n/a
2026-07-20,threatfox,DOMAIN,foh.aww88.net,"win.vidar, domain",n/a
2026-07-20,threatfox,DOMAIN,jdexteriorcleaning.com,"js.clearfake, domain",n/a
2026-07-20,threatfox,DOMAIN,macro3siteview.florenth.garden,"js.clearfake, domain",n/a
2026-07-20,threatfox,DOMAIN,wakgo.jbgroup21.com,"js.clearfake, domain",n/a
2026-07-20,threatfox,DOMAIN,zztz.jetourmexico.com,"js.clearfake, domain",n/a
2026-07-20,threatfox,DOMAIN,mlmgp.jenslittlerugrats.org,"js.clearfake, domain",n/a
2026-07-20,threatfox,DOMAIN,dwvygj31.dermatologycongress.org,"js.clearfake, domain",n/a
2026-07-20,threatfox,DOMAIN,jenslittlerugrats.org,"js.clearfake, domain",n/a
2026-07-20,threatfox,DOMAIN,h51ee0ex.emeraldualzone.com,"js.clearfake, domain",n/a
2026-07-20,threatfox,DOMAIN,designfarmarchitects.com,"js.clearfake, domain",n/a
2026-07-20,threatfox,DOMAIN,4gfsvs7l.jennyrussianbluepalace.com,"js.clearfake, domain",n/a
2026-07-20,threatfox,DOMAIN,sutf.kafekarachi.com,"js.clearfake, domain",n/a
2026-07-20,threatfox,DOMAIN,jennyrussianbluepalace.com,"js.clearfake, domain",n/a
2026-07-21,threatfox,DOMAIN,ovzdi.jetbet.download,"js.clearfake, domain",n/a
2026-07-21,threatfox,DOMAIN,gjwc.kalientestore.com,"js.clearfake, domain",n/a
2026-07-21,threatfox,DOMAIN,kalientestore.com,"js.clearfake, domain",n/a
2026-07-21,threatfox,DOMAIN,xdox.groeschelcompany.com,"js.clearfake, domain",n/a
2026-07-21,threatfox,DOMAIN,dgctf.concretewestgj.com,"js.clearfake, domain",n/a
2026-07-21,threatfox,DOMAIN,yeo0jmkq.kimsnailsalonmadison.com,"js.clearfake, domain",n/a
2026-07-21,threatfox,DOMAIN,kimsnailsalonmadison.com,"js.clearfake, domain",n/a
2026-07-21,threatfox,DOMAIN,ikkqh.dermexcel.net,"js.clearfake, domain",n/a
2026-07-21,threatfox,DOMAIN,dermexcel.net,"js.clearfake, domain",n/a
2026-07-21,threatfox,DOMAIN,jilc.kaltourusa.com,"js.clearfake, domain",n/a
2026-07-21,threatfox,DOMAIN,kaltourusa.com,"js.clearfake, domain",n/a
2026-07-21,threatfox,DOMAIN,cstee.diamonddumpsterrental.net,"js.clearfake, domain",n/a
2026-07-21,threatfox,DOMAIN,diamonddumpsterrental.net,"js.clearfake, domain",n/a
2026-07-21,threatfox,DOMAIN,foivs.highkickstkd.com,"js.clearfake, domain",n/a
2026-07-21,threatfox,DOMAIN,xhtn.nextbahis.one,"js.clearfake, domain",n/a
2026-07-21,threatfox,DOMAIN,luy6lvmh.site-takhtenard-sharti-betland.com,"js.clearfake, domain",n/a
2026-07-21,threatfox,DOMAIN,mechanic-on-site.com,"js.clearfake, domain",n/a
2026-07-21,threatfox,DOMAIN,avfzq.maia-bentley.com,"js.clearfake, domain",n/a
2026-07-21,threatfox,DOMAIN,ewyjl357.flashhomebuyerskc.com,"js.clearfake, domain",n/a
2026-07-21,threatfox,DOMAIN,maia-bentley.com,"js.clearfake, domain",n/a
2026-07-21,threatfox,DOMAIN,iahg2idr.evansunitedspringcarnivalsherman.com,"js.clearfake, domain",n/a
2026-07-21,threatfox,DOMAIN,flashhomebuyerskc.com,"js.clearfake, domain",n/a
2026-07-21,threatfox,DOMAIN,drburgymicrobiome.com,"js.clearfake, domain",n/a
2026-07-21,threatfox,DOMAIN,evansunitedspringcarnivalsherman.com,"js.clearfake, domain",n/a
2026-07-21,threatfox,DOMAIN,gytm.onjabet1.com,"js.clearfake, domain",n/a
2026-07-21,threatfox,DOMAIN,bopyq.myhillcountrygrass.com,"js.clearfake, domain",n/a
2026-07-21,threatfox,DOMAIN,myhillcountrygrass.com,"js.clearfake, domain",n/a
2026-07-21,threatfox,DOMAIN,hvao.jbgroup21.com,"js.clearfake, domain",n/a
2026-07-21,threatfox,DOMAIN,1s3hqwvr.varzeshlife.ir,"js.clearfake, domain",n/a
2026-07-21,threatfox,DOMAIN,byrio.muscle-up-yavne.com,"js.clearfake, domain",n/a
2026-07-21,threatfox,DOMAIN,muscle-up-yavne.com,"js.clearfake, domain",n/a
2026-07-21,threatfox,DOMAIN,ndpyt.mechanic-on-site.com,"js.clearfake, domain",n/a
2026-07-21,threatfox,DOMAIN,lifeisabouthavingfun448.duckdns.org,"elf.bashlite, domain",n/a
2026-07-21,threatfox,DOMAIN,wormfear.xyz,"unknown_loader, domain",n/a
2026-07-21,threatfox,DOMAIN,monitorondomainwintgt.store,"unknown, domain",n/a
2026-07-21,threatfox,DOMAIN,ewmc.jenslittlerugrats.org,"js.clearfake, domain",n/a
2026-07-21,threatfox,DOMAIN,jpsym.mystic-brews.com,"js.clearfake, domain",n/a
2026-07-21,threatfox,DOMAIN,mystic-brews.com,"js.clearfake, domain",n/a
2026-07-21,threatfox,DOMAIN,testewin.com,"unknown, domain",n/a
2026-07-21,threatfox,DOMAIN,hometwfrbas.com,"unknown, domain",n/a
2026-07-21,threatfox,DOMAIN,logintrust5845.lol,"js.mints_loader, domain",n/a
2026-07-21,threatfox,DOMAIN,syshash4392.top,"js.mints_loader, domain",n/a
2026-07-21,threatfox,DOMAIN,authservice6020.com,"js.mints_loader, domain",n/a
2026-07-21,threatfox,DOMAIN,portalbyte8345.lol,"js.mints_loader, domain",n/a
2026-07-21,threatfox,DOMAIN,webtask6566.top,"js.mints_loader, domain",n/a
2026-07-21,threatfox,DOMAIN,apibyte4811.com,"js.mints_loader, domain",n/a
2026-07-21,threatfox,DOMAIN,statpass3183.lol,"js.mints_loader, domain",n/a
2026-07-21,threatfox,DOMAIN,1629bqt9p34elwv.top,"js.mints_loader, domain",n/a
2026-07-21,threatfox,DOMAIN,basehex1267.top,"js.mints_loader, domain",n/a
2026-07-21,threatfox,DOMAIN,ets.aww88.net,"win.vidar, domain",n/a
2026-07-21,threatfox,DOMAIN,markdl.pro,"unknown, domain",n/a
2026-07-21,threatfox,DOMAIN,ironphantomcore.top,"js.magecart, domain",n/a
2026-07-21,threatfox,DOMAIN,voidhunterkeep.top,"js.magecart, domain",n/a
2026-07-21,threatfox,DOMAIN,7wzfqmf9.behtarin-site-shartbandi.com,"js.clearfake, domain",n/a
2026-07-21,threatfox,DOMAIN,ynwe.jetourmexico.com,"js.clearfake, domain",n/a
2026-07-21,threatfox,DOMAIN,mqljf.newcoservicemower.com,"js.clearfake, domain",n/a
2026-07-21,threatfox,DOMAIN,newcoservicemower.com,"js.clearfake, domain",n/a
2026-07-21,threatfox,DOMAIN,tourtrade.shop,"win.phantom_stealer, domain",n/a
2026-07-21,threatfox,DOMAIN,anyqwp6fce.localto.net,"win.sliver, domain",n/a
2026-07-21,threatfox,DOMAIN,gbgl.kafekarachi.com,"js.clearfake, domain",n/a
2026-07-21,threatfox,DOMAIN,qbmuv.loganlooneyresume.com,"js.clearfake, domain",n/a
2026-07-21,threatfox,DOMAIN,loganlooneyresume.com,"js.clearfake, domain",n/a
2026-07-21,threatfox,DOMAIN,ets.luckyturbo88.top,"win.vidar, domain",n/a
2026-07-21,threatfox,DOMAIN,tmnpc.lnlsealcoating.com,"js.clearfake, domain",n/a
2026-07-21,threatfox,DOMAIN,lnlsealcoating.com,"js.clearfake, domain",n/a
2026-07-21,threatfox,DOMAIN,twhhp.lucymflowers.com,"js.clearfake, domain",n/a
2026-07-21,threatfox,DOMAIN,cyyf.nurtured-in-nature.com,"js.clearfake, domain",n/a
2026-07-21,threatfox,DOMAIN,nurtured-in-nature.com,"js.clearfake, domain",n/a
2026-07-21,threatfox,DOMAIN,lucymflowers.com,"js.clearfake, domain",n/a
2026-07-21,threatfox,DOMAIN,87jcg6w8.everestpointnorthglenn.org,"js.clearfake, domain",n/a
2026-07-21,threatfox,DOMAIN,zbklcsro.jadoou.lat,"js.clearfake, domain",n/a
2026-07-21,threatfox,DOMAIN,v23ewcsy.calculadoracomisiones.com,"js.clearfake, domain",n/a
2026-07-21,threatfox,DOMAIN,drrobertoiturralde.com,"js.clearfake, domain",n/a
2026-07-21,threatfox,DOMAIN,everestpointnorthglenn.org,"js.clearfake, domain",n/a
2026-07-21,threatfox,DOMAIN,cjdl.nspowdercoatingnj.com,"js.clearfake, domain",n/a
2026-07-21,threatfox,DOMAIN,nspowdercoatingnj.com,"js.clearfake, domain",n/a
2026-07-21,threatfox,DOMAIN,mhuhx.longhornlodgemo.com,"js.clearfake, domain",n/a
2026-07-21,threatfox,DOMAIN,xbzh.kafekarachi.com,"js.clearfake, domain",n/a
2026-07-21,threatfox,DOMAIN,longhornlodgemo.com,"js.clearfake, domain",n/a
2026-07-21,threatfox,DOMAIN,ayhd.opulentbeautybarllc.com,"js.clearfake, domain",n/a
2026-07-21,threatfox,DOMAIN,opulentbeautybarllc.com,"js.clearfake, domain",n/a
2026-07-21,threatfox,DOMAIN,hbsgb.lunabybodyshaping.com,"js.clearfake, domain",n/a
2026-07-21,threatfox,DOMAIN,lunabybodyshaping.com,"js.clearfake, domain",n/a
2026-07-21,threatfox,DOMAIN,alkociferblat.cc,"unknown, domain",n/a
2026-07-21,threatfox,DOMAIN,uxwc.orangefarmersmarket.org,"js.clearfake, domain",n/a
2026-07-21,threatfox,DOMAIN,orangefarmersmarket.org,"js.clearfake, domain",n/a
2026-07-21,threatfox,DOMAIN,contabili.balanteo.shop,"win.asyncrat, domain",n/a
2026-07-21,threatfox,DOMAIN,oyawba10.site-asli-bedon-filter-1xbet.com,"js.clearfake, domain",n/a
2026-07-21,threatfox,DOMAIN,lufry.mabelsnursery.com,"js.clearfake, domain",n/a
2026-07-21,threatfox,DOMAIN,mabelsnursery.com,"js.clearfake, domain",n/a
2026-07-21,threatfox,DOMAIN,ordereltacofeliz.com,"js.clearfake, domain",n/a
2026-07-21,threatfox,DOMAIN,embermeshnode.florenth.garden,"js.clearfake, domain",n/a
2026-07-21,threatfox,DOMAIN,qrilb.rickybobbystowing.com,"js.clearfake, domain",n/a
2026-07-21,threatfox,DOMAIN,rickybobbystowing.com,"js.clearfake, domain",n/a
2026-07-21,threatfox,DOMAIN,6t7fjqk7.laurelcrownpartners.com,"js.clearfake, domain",n/a
2026-07-21,threatfox,DOMAIN,laurelcrownpartners.com,"js.clearfake, domain",n/a
2026-07-21,threatfox,DOMAIN,eumlu.ridgerenovation.com,"js.clearfake, domain",n/a
2026-07-21,threatfox,DOMAIN,ridgerenovation.com,"js.clearfake, domain",n/a
2026-07-21,threatfox,DOMAIN,wwmf.patxisdublin.com,"js.clearfake, domain",n/a
2026-07-21,threatfox,DOMAIN,mvjx.phtaxiservices.com,"js.clearfake, domain",n/a
2026-07-21,threatfox,DOMAIN,api.googlevv.com,"unknown, domain",n/a
2026-07-21,threatfox,DOMAIN,analyzer01.com,"unknown, domain",n/a
2026-07-21,threatfox,DOMAIN,moorlandatlas.com,"unknown, domain",n/a
2026-07-21,threatfox,DOMAIN,w3jxkd42.jardins-do-mar.com,"js.clearfake, domain",n/a
2026-07-21,threatfox,DOMAIN,pmzvrv9c.ezgarageautorepairtx.com,"js.clearfake, domain",n/a
2026-07-21,threatfox,DOMAIN,ezgarageautorepairtx.com,"js.clearfake, domain",n/a
2026-07-21,threatfox,DOMAIN,kori1903.anondns.net,"js.clearfake, domain",n/a
2026-07-21,threatfox,DOMAIN,jqtzbyimn.hrmotorsspringville.com,"js.clearfake, domain",n/a
2026-07-21,threatfox,DOMAIN,hrmotorsspringville.com,"js.clearfake, domain",n/a
2026-07-21,threatfox,DOMAIN,kdlff.riggsjacksboro.com,"js.clearfake, domain",n/a
2026-07-21,threatfox,DOMAIN,riggsjacksboro.com,"js.clearfake, domain",n/a
2026-07-21,threatfox,DOMAIN,izhx.phimmoichilla.org,"js.clearfake, domain",n/a
2026-07-21,threatfox,DOMAIN,hur.luckyturbo88.top,"win.vidar, domain",n/a
2026-07-21,threatfox,DOMAIN,r7e0hc30.legend-capital-group.com,"js.clearfake, domain",n/a
2026-07-21,threatfox,DOMAIN,hur.aww88.net,"win.vidar, domain",n/a
2026-07-21,threatfox,DOMAIN,legend-capital-group.com,"js.clearfake, domain",n/a
2026-07-21,threatfox,DOMAIN,ybsve.springhillcommons.com,"js.clearfake, domain",n/a
2026-07-21,threatfox,DOMAIN,springhillcommons.com,"js.clearfake, domain",n/a
2026-07-21,threatfox,DOMAIN,udsik.springfieldsummerhoops.com,"js.clearfake, domain",n/a
2026-07-21,threatfox,DOMAIN,springfieldsummerhoops.com,"js.clearfake, domain",n/a
2026-07-21,threatfox,DOMAIN,nrqbf.spencershorttexas.com,"js.clearfake, domain",n/a
2026-07-21,threatfox,DOMAIN,spencershorttexas.com,"js.clearfake, domain",n/a
2026-07-21,threatfox,DOMAIN,cppeh.spacedecorideas.com,"js.clearfake, domain",n/a
2026-07-21,threatfox,DOMAIN,spacedecorideas.com,"js.clearfake, domain",n/a
2026-07-21,threatfox,DOMAIN,hsdav.stable-virtual-camera.com,"js.clearfake, domain",n/a
2026-07-21,threatfox,DOMAIN,stable-virtual-camera.com,"js.clearfake, domain",n/a
2026-07-21,threatfox,DOMAIN,ironlogicway5.florenth.garden,"js.clearfake, domain",n/a
2026-07-21,threatfox,DOMAIN,nhos.pikachuplush.com,"js.clearfake, domain",n/a
2026-07-21,threatfox,DOMAIN,ivox.polarstartire.com,"js.clearfake, domain",n/a
2026-07-21,threatfox,DOMAIN,cbtlecmkc.nextbahis.one,"js.clearfake, domain",n/a
2026-07-21,threatfox,DOMAIN,t2yl06y1.letstalkrocks.com,"js.clearfake, domain",n/a
2026-07-21,threatfox,DOMAIN,letstalkrocks.com,"js.clearfake, domain",n/a
2026-07-21,threatfox,DOMAIN,deltahostgate2.verdalya.garden,"js.clearfake, domain",n/a
2026-07-21,threatfox,DOMAIN,jguzg.stashngrab.com,"js.clearfake, domain",n/a
2026-07-21,threatfox,DOMAIN,stashngrab.com,"js.clearfake, domain",n/a
2026-07-21,threatfox,DOMAIN,twcw.playantwatch.com,"js.clearfake, domain",n/a
2026-07-21,threatfox,DOMAIN,uxef.reliablerentalz.com,"js.clearfake, domain",n/a
2026-07-21,threatfox,DOMAIN,reliablerentalz.com,"js.clearfake, domain",n/a
2026-07-21,threatfox,DOMAIN,rapidwavenet.verdalya.garden,"js.clearfake, domain",n/a
2026-07-21,threatfox,DOMAIN,emwcx.kafekarachi.com,"js.clearfake, domain",n/a
2026-07-21,threatfox,DOMAIN,hhqzk.stevestowingsatx.com,"js.clearfake, domain",n/a
2026-07-21,threatfox,DOMAIN,stevestowingsatx.com,"js.clearfake, domain",n/a
2026-07-21,threatfox,DOMAIN,udjn.restorepowerwash.com,"js.clearfake, domain",n/a
2026-07-21,threatfox,DOMAIN,restorepowerwash.com,"js.clearfake, domain",n/a
2026-07-21,threatfox,DOMAIN,silicon7point.verdalya.garden,"js.clearfake, domain",n/a
2026-07-21,threatfox,DOMAIN,goc.majusm188.top,"win.vidar, domain",n/a
2026-07-21,threatfox,DOMAIN,cdn1-lake.skysriver.com,"js.iclickfix, domain",n/a
2026-07-21,threatfox,DOMAIN,0hfy318f.medstopmedicalservices.com,"js.clearfake, domain",n/a
2026-07-21,threatfox,DOMAIN,zm0xs3ai.karinamasfina.com,"js.clearfake, domain",n/a
2026-07-21,threatfox,DOMAIN,ybm58ckf.finovestpedia.com,"js.clearfake, domain",n/a
2026-07-21,threatfox,DOMAIN,karinamasfina.com,"js.clearfake, domain",n/a
2026-07-21,threatfox,DOMAIN,medstopmedicalservices.com,"js.clearfake, domain",n/a
2026-07-21,threatfox,DOMAIN,goc.77zeus.com,"win.vidar, domain",n/a
2026-07-21,threatfox,DOMAIN,finovestpedia.com,"js.clearfake, domain",n/a
2026-07-21,threatfox,DOMAIN,yukgk.orangefarmersmarket.org,"js.clearfake, domain",n/a
2026-07-21,threatfox,DOMAIN,goc.luckyturbo88.top,"win.vidar, domain",n/a
2026-07-21,threatfox,DOMAIN,goc.aww88.net,"win.vidar, domain",n/a
2026-07-21,threatfox,DOMAIN,ymfr.ricardotaxiservices.com,"js.clearfake, domain",n/a
2026-07-21,threatfox,DOMAIN,ricardotaxiservices.com,"js.clearfake, domain",n/a
2026-07-21,threatfox,DOMAIN,yn9w54gw.springfieldsummerhoops.com,"js.clearfake, domain",n/a
2026-07-21,threatfox,DOMAIN,zvgxb.phimmoichilla.org,"js.clearfake, domain",n/a
2026-07-21,threatfox,DOMAIN,jdmkc.ordereltacofeliz.com,"js.clearfake, domain",n/a
2026-07-21,threatfox,DOMAIN,7ixxwwhf.pacesettershomehealth.com,"js.clearfake, domain",n/a
2026-07-21,threatfox,DOMAIN,pacesettershomehealth.com,"js.clearfake, domain",n/a
2026-07-21,threatfox,DOMAIN,newtownsquareweather.com,"js.clearfake, domain",n/a
2026-07-21,threatfox,DOMAIN,ulqg.ridgerenovation.com,"js.clearfake, domain",n/a
2026-07-21,threatfox,DOMAIN,nbaye.rickybobbystowing.com,"js.clearfake, domain",n/a
2026-07-21,threatfox,DOMAIN,carbonmeshnode.verdalya.garden,"js.clearfake, domain",n/a
2026-07-21,threatfox,DOMAIN,ndnj.webyek.com,"js.clearfake, domain",n/a
2026-07-21,threatfox,DOMAIN,webyek.com,"js.clearfake, domain",n/a
2026-07-21,threatfox,DOMAIN,gjif3sqh.behtarin-site-shartbandi.com,"js.clearfake, domain",n/a
2026-07-21,threatfox,DOMAIN,eevmi.evansunitedspringcarnivalsherman.com,"js.clearfake, domain",n/a
2026-07-21,threatfox,DOMAIN,xipr.reliablerentalz.com,"js.clearfake, domain",n/a
2026-07-21,threatfox,DOMAIN,qkduh.jadoou.lat,"js.clearfake, domain",n/a
2026-07-21,threatfox,DOMAIN,zhbyv.everestpointnorthglenn.org,"js.clearfake, domain",n/a
2026-07-22,threatfox,DOMAIN,qyov.site-asli-bedon-filter-1xbet.com,"js.clearfake, domain",n/a
2026-07-22,threatfox,DOMAIN,soyze.kafekarachi.com,"js.clearfake, domain",n/a
2026-07-22,threatfox,DOMAIN,wig43mz5.keymedconsulting.com,"js.clearfake, domain",n/a
2026-07-22,threatfox,DOMAIN,dccd28hw.hightidesuffolk.com,"js.clearfake, domain",n/a
2026-07-22,threatfox,DOMAIN,keymedconsulting.com,"js.clearfake, domain",n/a
2026-07-22,threatfox,DOMAIN,octzfcoi.calculadoracomisiones.com,"js.clearfake, domain",n/a
2026-07-22,threatfox,DOMAIN,mpmu.slepsluzbaublizini.com,"js.clearfake, domain",n/a
2026-07-22,threatfox,DOMAIN,slepsluzbaublizini.com,"js.clearfake, domain",n/a
2026-07-22,threatfox,DOMAIN,malekos.pro,"unknown_webinject, domain",n/a
2026-07-22,threatfox,DOMAIN,clna.springhillcommons.com,"js.clearfake, domain",n/a
2026-07-22,threatfox,DOMAIN,zqwhz.phimmoichilla.org,"js.clearfake, domain",n/a
2026-07-22,threatfox,DOMAIN,stt.majusm188.top,"win.vidar, domain",n/a
2026-07-22,threatfox,DOMAIN,stt.77zeus.com,"win.vidar, domain",n/a
2026-07-22,threatfox,DOMAIN,ywku.smoothbioticsgummies.com,"js.clearfake, domain",n/a
2026-07-22,threatfox,DOMAIN,smoothbioticsgummies.com,"js.clearfake, domain",n/a
2026-07-22,threatfox,DOMAIN,gorto.ridgerenovation.com,"js.clearfake, domain",n/a
2026-07-22,threatfox,DOMAIN,yfma9er2.drrobertoiturralde.com,"js.clearfake, domain",n/a
2026-07-22,threatfox,DOMAIN,qsak.snydersflowershop.com,"js.clearfake, domain",n/a
2026-07-22,threatfox,DOMAIN,snydersflowershop.com,"js.clearfake, domain",n/a
2026-07-22,threatfox,DOMAIN,iqudg.salutemarket.net,"js.clearfake, domain",n/a
2026-07-22,threatfox,DOMAIN,salutemarket.net,"js.clearfake, domain",n/a
2026-07-22,threatfox,DOMAIN,mbeo.studiofourfitnessnv.com,"js.clearfake, domain",n/a
2026-07-22,threatfox,DOMAIN,studiofourfitnessnv.com,"js.clearfake, domain",n/a
2026-07-22,threatfox,DOMAIN,cdzpf.seamsnstitches.com,"js.clearfake, domain",n/a
2026-07-22,threatfox,DOMAIN,seamsnstitches.com,"js.clearfake, domain",n/a
2026-07-22,threatfox,DOMAIN,vgtrf.sdcwoodcraft.com,"js.clearfake, domain",n/a
2026-07-22,threatfox,DOMAIN,sdcwoodcraft.com,"js.clearfake, domain",n/a
2026-07-22,threatfox,DOMAIN,t3x3brbb.rspmpanyabungan.com,"js.clearfake, domain",n/a
2026-07-22,threatfox,DOMAIN,rspmpanyabungan.com,"js.clearfake, domain",n/a
2026-07-22,threatfox,DOMAIN,vtxdo.shawnmaltipoopuppies.com,"js.clearfake, domain",n/a
2026-07-22,threatfox,DOMAIN,shawnmaltipoopuppies.com,"js.clearfake, domain",n/a
2026-07-22,threatfox,DOMAIN,phh4mjzz.missavws.net,"js.clearfake, domain",n/a
2026-07-22,threatfox,DOMAIN,missavws.net,"js.clearfake, domain",n/a
2026-07-22,threatfox,DOMAIN,4fkzvuv9.hurtigegevinster.com,"js.clearfake, domain",n/a
2026-07-22,threatfox,DOMAIN,raiselop.info,"js.tonrat, domain",n/a
2026-07-22,threatfox,DOMAIN,s617c6w1.rsudtarutung.com,"js.clearfake, domain",n/a
2026-07-22,threatfox,DOMAIN,uvfa.kafekarachi.com,"js.clearfake, domain",n/a
2026-07-22,threatfox,DOMAIN,ykwpo.shopsoleilcollective.com,"js.clearfake, domain",n/a
2026-07-22,threatfox,DOMAIN,shopsoleilcollective.com,"js.clearfake, domain",n/a
2026-07-22,threatfox,DOMAIN,yegs.taqueriadonamariaky.com,"js.clearfake, domain",n/a
2026-07-22,threatfox,DOMAIN,taqueriadonamariaky.com,"js.clearfake, domain",n/a
2026-07-22,threatfox,DOMAIN,cdn-js.tobaccobazaar.com,"js.fakeupdates, domain",n/a
2026-07-22,threatfox,DOMAIN,nebulaloom.top,"js.smartapesg, domain",n/a
2026-07-22,threatfox,DOMAIN,alkahan.com,"unknown, domain",n/a
2026-07-22,threatfox,DOMAIN,octopoda.gmbh,"unknown, domain",n/a
2026-07-22,threatfox,DOMAIN,mark-hatch.co.uk,"unknown, domain",n/a
2026-07-22,threatfox,DOMAIN,rosewoodonthesound.com,"unknown, domain",n/a
2026-07-22,threatfox,DOMAIN,planet-grid.com,"unknown, domain",n/a
2026-07-22,threatfox,DOMAIN,pressao.sinprodf.org.br,"unknown, domain",n/a
2026-07-22,threatfox,DOMAIN,nenodescolado.com.br,"unknown, domain",n/a
2026-07-22,threatfox,DOMAIN,adminbyrequest.agilemtech.ae,"unknown, domain",n/a
2026-07-22,threatfox,DOMAIN,gitenter.digital,"win.latrodectus, domain",n/a
2026-07-22,threatfox,DOMAIN,carmag.nl,"unknown, domain",n/a
2026-07-22,threatfox,DOMAIN,www.goldcoasthockey.com,"js.magecart, domain",n/a
2026-07-22,threatfox,DOMAIN,spfx.phimmoichilla.org,"js.clearfake, domain",n/a
2026-07-22,threatfox,DOMAIN,tnfoh.skygatewholesale.net,"js.clearfake, domain",n/a
2026-07-22,threatfox,DOMAIN,skygatewholesale.net,"js.clearfake, domain",n/a
2026-07-22,threatfox,DOMAIN,rmkr.webyek.com,"js.clearfake, domain",n/a
2026-07-22,threatfox,DOMAIN,bjpongw2.saleroblox.net,"js.clearfake, domain",n/a
2026-07-22,threatfox,DOMAIN,bdpcf.jadoou.lat,"js.clearfake, domain",n/a
2026-07-22,threatfox,DOMAIN,stormvenomforge.top,"js.magecart, domain",n/a
2026-07-22,threatfox,DOMAIN,ktqwn.ktsoon.ee,"js.clearfake, domain",n/a
2026-07-22,threatfox,DOMAIN,kqut.pandlautoparts.com,"js.clearfake, domain",n/a
2026-07-22,threatfox,DOMAIN,ktsoon.ee,"js.clearfake, domain",n/a
2026-07-22,threatfox,DOMAIN,pandlautoparts.com,"js.clearfake, domain",n/a
2026-07-22,threatfox,DOMAIN,sorrelalmanac.top,"js.smartapesg, domain",n/a
2026-07-22,threatfox,DOMAIN,qselq.jadoou.lat,"js.clearfake, domain",n/a
2026-07-22,threatfox,DOMAIN,vsxc.webyek.com,"js.clearfake, domain",n/a
2026-07-15,tweetfeed,URL,https://download.aces.cc.cd/webdav/Notice%20from%20Tax%20Department.zip,n/a,https://x.com/bomccss/status/2077318455716679970
2026-07-15,tweetfeed,URL,http://154.82.93.206:8080,n/a,https://x.com/bomccss/status/2077318457734185049
2026-07-15,tweetfeed,URL,http://tirakian.com,n/a,https://x.com/tdatwja/status/2077321798656647648
2026-07-15,tweetfeed,URL,https://shareddocumentdrivehub.com/Full_Unboxing_Process_Inspection_Record_333_2026.docx/views/xlqpmvcznaert,n/a,https://x.com/bomccss/status/2077339418806145242
2026-07-15,tweetfeed,URL,https://sharedocumentsystem.com/Full_Unboxing_Process_Inspection_Record_333_2026.docx/views/xlqpmzncvaret,n/a,https://x.com/bomccss/status/2077340750459867306
2026-07-15,tweetfeed,URL,http://tirakian.com:56001,n/a,https://x.com/bomccss/status/2077340752905154698
2026-07-15,tweetfeed,URL,http://194.56.225.109,n/a,https://x.com/bomccss/status/2077340752905154698
2026-07-15,threatfox,HASH_SHA256,9a9d372cc821b6d2f7e30abb80aff7cae841703db0fb78bd859e6581420fbc07,"win.valley_rat, sha256_hash",n/a
2026-07-15,threatfox,HASH_SHA256,4e05e6b226ade766091106229105a259325e8289400c4f2ce8576435fd931590,"elf.kuiper, sha256_hash",n/a
2026-07-15,threatfox,HASH_SHA256,b90c05f02a075ce083a83a4d200293c5b5872ebda631032a49197907743bc8fa,"win.phorpiex, sha256_hash",n/a
2026-07-15,threatfox,HASH_SHA256,31a112aad9a7bddfbb2b8e26e95193ba68cc687e23aa36ea18cf6cb216547831,"win.vidar, sha256_hash",n/a
2026-07-15,threatfox,HASH_SHA256,3550ec27fd231bf442f81a50e9024377c7f3766140291e7b7d95e762ab1bfb5e,"win.phorpiex, sha256_hash",n/a
2026-07-15,threatfox,HASH_SHA256,b528393be0b45d9f7733f3724ea77e3e13c9acbe22985f1713ccde9aef4cdcf7,"win.phorpiex, sha256_hash",n/a
2026-07-15,threatfox,HASH_SHA256,991548c6e6b6b0fa1984a620a5ebea746d21a5b3cbbf6b4c389e0e6f5bfd13cd,"win.coinminer, sha256_hash",n/a
2026-07-15,threatfox,HASH_SHA256,d6cdd792b00ce9204762d8a6b4a426b8e569cb5f356c512b51fb29514ca11d24,"win.phorpiex, sha256_hash",n/a
2026-07-15,threatfox,HASH_SHA256,b6e7280ba661be15d93b1f814579580eb7c93e699353a5e79b1e219dec4283ca,"py.creal_stealer, sha256_hash",n/a
2026-07-15,threatfox,HASH_SHA256,a9b557921c40fd625b775e66d6fd99807058133057e94ee7483990f10817fdb4,"elf.kuiper, sha256_hash",n/a
2026-07-15,threatfox,HASH_SHA256,f2145437eba0d3bb81c9b7bc905b4cd26a546a8b9a958e5e8ad5c38c0323dcda,"win.ave_maria, sha256_hash",n/a
2026-07-15,threatfox,HASH_SHA256,fbec2d3d5a42f56aa8ddda61d924445dfa11580f6b98d34006701639b7d65ad7,"win.phantom_stealer, sha256_hash",n/a
2026-07-15,threatfox,HASH_SHA256,795d128ec0a86ec32764fcde64dba9f4d68274841f5df712747a23eb336abc4d,"py.venus_stealer, sha256_hash",n/a
2026-07-15,threatfox,HASH_SHA256,c4a41e9127dc4cd50d2cd11e98013ba59b12d853f5d5732686a2c3bdb1370a98,"py.venus_stealer, sha256_hash",n/a
2026-07-15,threatfox,HASH_SHA256,1c779b7ae8a6e781242c7853e8d809255b8eb0cd598f63a20a5dcc3fe8e104db,"apk.facestealer, sha256_hash",n/a
2026-07-15,threatfox,HASH_SHA256,39a5efdadf567ffb7a89dffffeb6f51e89ea02f4f727219da822b769faafade2,"win.vidar, sha256_hash",n/a
2026-07-15,threatfox,HASH_SHA256,42c875dfcb47118ef39274399fca5a1a990ac8370809ba56728e84958a3f8ef4,"py.venus_stealer, sha256_hash",n/a
2026-07-15,threatfox,HASH_SHA256,e5f2a58d5213a42f53183a7828b7ff571f0c4e4e025b83fd0eae21c97acaeee9,"win.vidar, sha256_hash",n/a
2026-07-15,tweetfeed,URL,https://duiu2.free-beverage.com/smi/?WHUEN=AKJHAI,phishing,https://x.com/Malwarehunterr/status/2077313330436555131
2026-07-15,tweetfeed,URL,https://ghanioilandgas.com/ghanioilandgas.zip,"RAT, booking",https://x.com/JAMESWT_WT/status/2077366285655019825
2026-07-15,tweetfeed,URL,http://offcsso.com,n/a,https://x.com/anyrun_app/status/2077370282193404060
2026-07-15,tweetfeed,URL,http://zoomconnect.ssoworkportal.com,n/a,https://x.com/anyrun_app/status/2077370282193404060
2026-07-15,tweetfeed,URL,http://zoomconnect.ssomeetingportal.com,n/a,https://x.com/anyrun_app/status/2077370282193404060
2026-07-15,tweetfeed,URL,http://zoomconnect.workportalsso.com,n/a,https://x.com/anyrun_app/status/2077370282193404060
2026-07-15,tweetfeed,URL,https://drive-mofa-account-downlaod-folder-production.up.railway.app,APT,https://x.com/phatomcandle/status/2077372860339777671
2026-07-15,tweetfeed,URL,http://pub-b0533a4f25fd47429514431d6c1a1d7b.r2.dev,phishing,https://x.com/scanmalware/status/2077380168096604396
2026-07-15,tweetfeed,URL,https://asoiasvonc.dscgbu.info/H80AoO,phishing,https://x.com/masaomi346/status/2077381050226114591
2026-07-15,tweetfeed,URL,http://hzdfthr018.top/bvy8/,Formbook,https://x.com/D3LabIT/status/2077379636116226295
2026-07-15,tweetfeed,URL,https://studiogioeli.it/armful/ATPI_Annual_Dinner.js,n/a,https://x.com/JAMESWT_WT/status/2077393652049936578
2026-07-15,tweetfeed,URL,http://studiogioeli.it/trichloroflouromethane/Order.js,n/a,https://x.com/JAMESWT_WT/status/2077396107655618882
2026-07-15,tweetfeed,URL,http://vscode-setting-6-28.vercel.app,n/a,https://x.com/L0Psec/status/2077401463572119918
2026-07-15,tweetfeed,URL,http://4workntt.click:9000,n/a,https://x.com/stop_spammerz/status/2077422659558617142
2026-07-15,tweetfeed,URL,http://4workntt.click,n/a,https://x.com/stop_spammerz/status/2077422659558617142
2026-07-15,tweetfeed,URL,https://biltonuglimited2.screenconnect.com/Bin/ScreenConnect.ClientSetup.msi?e=Access&y=Guest,phishing,https://x.com/patialavii/status/2077434025673986295
2026-07-15,tweetfeed,URL,https://wekash.net/ftx/,phishing,https://x.com/patialavii/status/2077434025673986295
2026-07-15,tweetfeed,URL,http://147.124.212.207:1224/api/checkStatus,n/a,https://x.com/Yusufcancakiir/status/2077430945053847562
2026-07-15,tweetfeed,URL,https://vscode-check-mo1.vercel.app/api/settings/*,n/a,https://x.com/Yusufcancakiir/status/2077430945053847562
2026-07-15,tweetfeed,URL,http://github.com/zero2hero-digital/jack-pot,n/a,https://x.com/Yusufcancakiir/status/2077430945053847562
2026-07-15,tweetfeed,URL,http://gov.in.indexs.cloud,"ClickFix, malware",https://x.com/Malwarehunterr/status/2077447603952959999
2026-07-15,tweetfeed,URL,http://claspopclicktodayinstantly.monster,"ClickFix, malware",https://x.com/Malwarehunterr/status/2077447603952959999
2026-07-15,tweetfeed,URL,https://gooqlemeet-now.live/login.php?id=5****,phishing,https://x.com/Malwarehunterr/status/2077467860272861407
2026-07-15,tweetfeed,URL,https://gooqlemeet-now.live/password.php?id=5****,phishing,https://x.com/Malwarehunterr/status/2077467860272861407
2026-07-15,tweetfeed,URL,http://gooqlemeet-now.live,phishing,https://x.com/Malwarehunterr/status/2077467860272861407
2026-07-15,tweetfeed,URL,http://gooqlemeetnow.com,phishing,https://x.com/Malwarehunterr/status/2077467860272861407
2026-07-15,tweetfeed,URL,http://meet-webconnect.com,ClickFix,https://x.com/Malwarehunterr/status/2077468988783899024
2026-07-15,tweetfeed,URL,http://54.39.43.117:1224,n/a,https://x.com/L0Psec/status/2077480912271327448
2026-07-15,tweetfeed,URL,http://偽の7zip.com,n/a,https://x.com/skocherhan/status/2077452892613599242
2026-07-15,tweetfeed,URL,http://正規は7-zip.org,n/a,https://x.com/skocherhan/status/2077452892613599242
2026-07-15,tweetfeed,URL,http://babyy5.com,n/a,https://x.com/smica83/status/2077489662554238995
2026-07-15,tweetfeed,URL,http://47.93.251.9/74bfc.txt,n/a,https://x.com/smica83/status/2077492492170105288
2026-07-15,tweetfeed,URL,http://47.93.251.9:1443,n/a,https://x.com/smica83/status/2077492492170105288
2026-07-15,tweetfeed,URL,http://agri-connect-tz.com,phishing,https://x.com/Malwarehunterr/status/2077493233358450850
2026-07-15,tweetfeed,URL,http://globalflekssitofficefurnituresgroup.ecodynamicsptylitylxd.vu,phishing,https://x.com/Malwarehunterr/status/2077493233358450850
2026-07-15,tweetfeed,URL,http://192.253.228.193,n/a,https://x.com/smica83/status/2077493294284562755
2026-07-15,tweetfeed,URL,http://gsevenforce.cfd,n/a,https://x.com/smica83/status/2077494434363478372
2026-07-15,tweetfeed,URL,http://94.140.112.72/tenebris/intellectwhimsical.ps1,n/a,https://x.com/smica83/status/2077495524987470313
2026-07-15,tweetfeed,URL,http://94.140.112.72/tenebris/cavegauge.ps1,n/a,https://x.com/smica83/status/2077495524987470313
2026-07-15,tweetfeed,URL,https://midns-dist.b-cdn.net/20260714/Asset_k4ydzP.jpg,n/a,https://x.com/smica83/status/2077496740920357241
2026-07-15,threatfox,HASH_SHA256,a8bce1f0f47ce0d99f70cb9fada5bc53162d7c4e13643fa8fb47dd07ae656487,"unknown_loader, sha256_hash",n/a
2026-07-15,threatfox,HASH_SHA256,88a4125114cfe57530d3fbcbd156280ae1f33e192b769c96f1fbab7411fd0a98,"unknown_loader, sha256_hash",n/a
2026-07-15,threatfox,HASH_SHA256,b54739eeed5e94c43e842add170215fe4b29395794fad74b8c984cc8d2ddf5db,"unknown_loader, sha256_hash",n/a
2026-07-15,threatfox,HASH_SHA256,7a8af8f1ae8a92da1a0ef308244614985c4e06a24fe92309c1f83ba51d89b198,"unknown_loader, sha256_hash",n/a
2026-07-15,threatfox,HASH_SHA256,eb9593141d9fa54bc5efd32317a6937a0b0ea32af43a31fd81df409f4c946038,"unknown_loader, sha256_hash",n/a
2026-07-15,threatfox,HASH_SHA256,430509e6c4abd1f99e66c95d80b73ea13a05ff7eb4607e825468bf8a3cb43de1,"unknown_loader, sha256_hash",n/a
2026-07-15,threatfox,HASH_SHA256,7f20a8ff2715a03992bae2fe9bad9902400167ffd12c925baf34ecece5bc5599,"unknown_loader, sha256_hash",n/a
2026-07-15,threatfox,HASH_SHA256,d83c065f3cca6b3e7c3c2950dd7f3d35883b060663978e67a2d2a7d5be8c8c18,"unknown_loader, sha256_hash",n/a
2026-07-15,threatfox,HASH_SHA256,5978bfbdeb6870a58fee2a41053ef1ed48de69fce47eca045cef895cddccedf4,"unknown_loader, sha256_hash",n/a
2026-07-15,threatfox,HASH_SHA256,f713df2282855e0c7a30c01351610ae7f23e5b7c1e567dfd262d4560ef7c4d0e,"unknown_loader, sha256_hash",n/a
2026-07-15,threatfox,HASH_SHA256,221c8e492f89b7dd3ae693c08e2106c0696472b1a23e48b65b4d90eb520d1e96,"unknown_loader, sha256_hash",n/a
2026-07-15,threatfox,HASH_SHA256,996b279cf54c713f74de0c4dc33f5342204646dd574d782644eb3856003dcbae,"unknown_loader, sha256_hash",n/a
2026-07-15,tweetfeed,URL,http://89.106.83.40/MayData/diggingroad.ps1,n/a,https://x.com/smica83/status/2077497947143770261
2026-07-15,tweetfeed,URL,http://89.106.83.40/MayData/coursehope.ps1,n/a,https://x.com/smica83/status/2077497947143770261
2026-07-15,tweetfeed,URL,http://89.106.83.40/MayData/compareexpectancy.ps1,n/a,https://x.com/smica83/status/2077497947143770261
2026-07-15,tweetfeed,URL,http://slot-send.pro:8080/files/IT-Job-Interview-Preparation-Guide.pdf.lnk,n/a,https://x.com/smica83/status/2077499465028571368
2026-07-15,tweetfeed,URL,http://uumcceymkuymmqou.xyz,n/a,https://x.com/smica83/status/2077499465028571368
2026-07-16,tweetfeed,URL,https://jre1.sw000hc13.cc/login,phishing,https://x.com/masaomi346/status/2077565315404427394
2026-07-16,tweetfeed,URL,https://jre2.sw000hc13.cc/login,phishing,https://x.com/masaomi346/status/2077565315404427394
2026-07-16,tweetfeed,URL,https://jre3.sw000hc13.cc/login,phishing,https://x.com/masaomi346/status/2077565315404427394
2026-07-16,tweetfeed,URL,https://jre4.sw000hc13.cc/login,phishing,https://x.com/masaomi346/status/2077565315404427394
2026-07-16,threatfox,HASH_SHA256,a129de4fd4f1374a292bd8964df30c9e82c99bac680c4d36d6890fbf30ffac1c,"py.invisibleferret, sha256_hash",n/a
2026-07-16,threatfox,HASH_SHA256,683a1607808f49446191d775d181ec9cccd1d629fba76e4d416fa54d1cf42630,"py.invisibleferret, sha256_hash",n/a
2026-07-16,threatfox,HASH_SHA256,cd3b606d31c9d3c2ee972916f8de9a403caf00f00698fd6b9acece6ff30647c6,"py.invisibleferret, sha256_hash",n/a
2026-07-16,threatfox,HASH_SHA256,b34aa84e8b4ad57d773fab6cbd7c40cda65f5f17c566cbd726ce3edcd04255b1,"py.invisibleferret, sha256_hash",n/a
2026-07-16,threatfox,HASH_SHA256,02e6fbf7319629a352755bded9ec28dfdaffc0affb7c1a7de9a1b3b69bd91de5,"py.invisibleferret, sha256_hash",n/a
2026-07-16,tweetfeed,URL,http://gsnc.eu:67,ClickFix,https://x.com/GroupIB/status/2077652969164571121
2026-07-16,tweetfeed,URL,https://usdpbank.com/login,phishing,https://x.com/masaomi346/status/2077656579109957986
2026-07-16,tweetfeed,URL,http://54.39.43.117:1224/api/checkStatus,n/a,https://x.com/dimitribest/status/2077715154628731308
2026-07-16,tweetfeed,URL,http://72.5.43.81,n/a,https://x.com/malwrhunterteam/status/2077718372486197256
2026-07-16,tweetfeed,URL,http://157.254.223.141/25/,"Remcos, opendir",https://x.com/James_inthe_box/status/2077732994375414130
2026-07-16,tweetfeed,URL,http://47.116.115.7,n/a,https://x.com/malwrhunterteam/status/2077733700544946623
2026-07-16,tweetfeed,URL,https://mofa-gov-bd.fetchdrives.info/f4fa5248/adobe-reader,APT,https://x.com/phatomcandle/status/2077737009569808478
2026-07-16,tweetfeed,URL,http://72.167.149.182:8080/3/Interview_Outline_Trade_Policy_Bilateral_Relations_share.html,n/a,https://x.com/malwrhunterteam/status/2077740451784696132
2026-07-16,tweetfeed,URL,http://72.167.149.182:8080,n/a,https://x.com/malwrhunterteam/status/2077741512050282830
2026-07-16,tweetfeed,URL,http://bax.h4x.tv:6363,n/a,https://x.com/nextronresearch/status/2077745652092510247
2026-07-16,tweetfeed,URL,https://lundyville.com/9d9os0webw,phishing,https://x.com/harugasumi/status/2077747144849854615
2026-07-16,tweetfeed,URL,https://proxyarmy.com,phishing,https://x.com/harugasumi/status/2077747144849854615
2026-07-16,tweetfeed,URL,http://login.microsoft.com/device,phishing,https://x.com/Kb4Threatlabs/status/2077750481775149371
2026-07-16,tweetfeed,URL,http://excelsfest.com,phishing,https://x.com/Kb4Threatlabs/status/2077750481775149371
2026-07-16,tweetfeed,URL,http://zone-cape-406a.pt-l9t4azki.workers.dev,phishing,https://x.com/Kb4Threatlabs/status/2077750481775149371
2026-07-16,tweetfeed,URL,http://miryuwcjkm.mudeagoramesmo.com,phishing,https://x.com/Kb4Threatlabs/status/2077750481775149371
2026-07-16,tweetfeed,URL,http://shunliuu168.com,n/a,https://x.com/smica83/status/2077757678961545508
2026-07-16,tweetfeed,URL,http://38.181.22.171,n/a,https://x.com/smica83/status/2077757678961545508
2026-07-16,tweetfeed,URL,http://46.151.182.51/kr44gg/sockuniversity.ps1,n/a,https://x.com/smica83/status/2077758504085885192
2026-07-16,tweetfeed,URL,http://46.151.182.51/kr44gg/patrollerdrama.ps1,n/a,https://x.com/smica83/status/2077758504085885192
2026-07-16,tweetfeed,URL,http://94.140.112.72/szch1307/wisdomcompliance.ps1,n/a,https://x.com/smica83/status/2077759418976919891
2026-07-16,tweetfeed,URL,https://play.google.com/store/apps/details?id=com.soulmadestud.mountainprod.peakfolder_browsefilesreaddocs,n/a,https://x.com/Threatlabz/status/2077801434066911245
2026-07-16,tweetfeed,URL,http://107.155.100.238:8080/privacy.txt,n/a,https://x.com/Threatlabz/status/2077801434066911245
2026-07-16,tweetfeed,URL,http://193.24.123.18:85/api/,n/a,https://x.com/Threatlabz/status/2077801434066911245
2026-07-16,tweetfeed,URL,http://162.252.173.37:85/api/,n/a,https://x.com/Threatlabz/status/2077801434066911245
2026-07-16,tweetfeed,URL,http://eri0-dreayi.vercel.app,malware,https://x.com/scanmalware/status/2077820570196951428
2026-07-16,tweetfeed,URL,http://193.111.125.37:8888/excel/,malware,https://x.com/Malwarehunterr/status/2077820782978510901
2026-07-16,tweetfeed,URL,http://193.111.125.37:8888/files/EXCEL.zip,malware,https://x.com/Malwarehunterr/status/2077820782978510901
2026-07-16,tweetfeed,URL,http://Project-Proposal-BOQ-Rev-A.zip,malware,https://x.com/Malwarehunterr/status/2077820782978510901
2026-07-16,tweetfeed,URL,http://Finity.New,malware,https://x.com/Malwarehunterr/status/2077820782978510901
2026-07-16,tweetfeed,URL,http://102.37.147.45,phishing,https://x.com/Malwarehunterr/status/2077824851407155520
2026-07-16,threatfox,HASH_SHA256,e6d51d45edea7591b826b2d703c20a426fffa27a022c0156916ae9c35245bd07,"win.asyncrat, sha256_hash",n/a
2026-07-16,threatfox,HASH_SHA256,04bc0dbf904d347bfa0b064bb436650fad0583b550dbd9450c8d00f4cb5a3b1b,"win.valley_rat, sha256_hash",n/a
2026-07-16,threatfox,HASH_SHA256,551854f430801e8352f6562a48077cb04f399cdc505b42f0daaa3ad61d0e9f62,"win.valley_rat, sha256_hash",n/a
2026-07-16,threatfox,HASH_SHA256,eee7db42470f6c58dc1e696ee937e87bd72f0cabe8df566021a79880d288e370,"win.valley_rat, sha256_hash",n/a
2026-07-16,threatfox,HASH_SHA256,9a0cea11f75f63bbff8d0cea420787da972e78d8eb3baa14cd575f55bde369d8,"win.salatstealer, sha256_hash",n/a
2026-07-16,threatfox,HASH_SHA256,68c9207a1e4e703b897300fc6c21cf0472549b352d80a64259e21ed4fdfe63a4,"win.darktortilla, sha256_hash",n/a
2026-07-16,tweetfeed,URL,http://sovrila.cfd,phishing,https://x.com/Malwarehunterr/status/2077850243610366258
2026-07-16,tweetfeed,URL,http://api.telegram.org/bot8730627912:AAHUXybFba7R2NyTBg_fqboKYPdkN7wJpWA/sendMessage?chat_id=8237518171,phishing,https://x.com/Malwarehunterr/status/2077850243610366258
2026-07-16,tweetfeed,URL,http://login.microsoftonline.com/common/login,phishing,https://x.com/Malwarehunterr/status/2077850243610366258
2026-07-16,tweetfeed,URL,http://158.247.244.110:8080,"C2, RAT, malware",https://x.com/Malwarehunterr/status/2077854393299501459
2026-07-16,tweetfeed,URL,http://xgencreative.com,n/a,https://x.com/TheKn0ck0ut/status/2077842977377193994
2026-07-16,tweetfeed,URL,http://198.202.211.1,n/a,https://x.com/TheKn0ck0ut/status/2077842977377193994
2026-07-16,tweetfeed,URL,http://ptomyorghubapps.com,n/a,https://x.com/TheKn0ck0ut/status/2077842977377193994
2026-07-16,tweetfeed,URL,http://57.128.226.44:1489,n/a,https://x.com/Kostastsale/status/2077851215598326007
2026-07-16,tweetfeed,URL,http://83.21.30.6:6768,n/a,https://x.com/Kostastsale/status/2077851215598326007
2026-07-16,tweetfeed,URL,http://lovesjane.site,"malware, phishing",https://x.com/scanmalware/status/2077863356174643254
2026-07-16,tweetfeed,URL,https://msomali.club,"Android, C2, malware",https://x.com/Malwarehunterr/status/2077864858750693816
2026-07-16,tweetfeed,URL,https://msomali.club/bots,"Android, C2, malware",https://x.com/Malwarehunterr/status/2077864858750693816
2026-07-16,tweetfeed,URL,http://msomali.club,"Android, C2, malware",https://x.com/Malwarehunterr/status/2077864858750693816
2026-07-16,tweetfeed,URL,http://89.34.90.33:4444,"Android, C2, malware",https://x.com/Malwarehunterr/status/2077864858750693816
2026-07-16,tweetfeed,URL,http://pub-4e0d515d9c79417e8b4042dfa120d149.r2.dev,ransomware,https://x.com/scanmalware/status/2077875939824824482
2026-07-16,tweetfeed,URL,https://googlemeeting.help/index.php,"malware, phishing",https://x.com/tial_cl/status/2077880270976385036
2026-07-16,tweetfeed,URL,https://googlemeeting.help/meeting.php,"malware, phishing",https://x.com/tial_cl/status/2077880270976385036
2026-07-16,tweetfeed,URL,http://googlemeeting.help,"malware, phishing",https://x.com/tial_cl/status/2077880270976385036
2026-07-17,tweetfeed,URL,http://MODBEACONのC2はskystackservice.comとfast-cloud-node.com,n/a,https://x.com/skocherhan/status/2077877027508474287
2026-07-17,tweetfeed,URL,https://pub-918f13f3af5144cc945d5e17eae6470c.r2.dev/goodbk.msi,"malware, phishing",https://x.com/tial_cl/status/2077888505330450790
2026-07-17,tweetfeed,URL,http://anonrdp.com,n/a,https://x.com/banthisguy9349/status/2077695788260737405
2026-07-17,tweetfeed,URL,https://studiokyle.kr/package/htmlpurifier/extras/cache/delete.php,APT,https://x.com/byrne_emmy12099/status/2077942626381390185
2026-07-17,tweetfeed,URL,https://mmbqjtbogsr.top/qcrcycpz/,phishing,https://x.com/Metemcyber/status/2077992954988478919
2026-07-17,tweetfeed,URL,http://172.67.166.149,phishing,https://x.com/Metemcyber/status/2077992954988478919
2026-07-17,tweetfeed,URL,http://104.21.49.195,phishing,https://x.com/Metemcyber/status/2077992954988478919
2026-07-17,tweetfeed,URL,https://certainlyous.ppipioo.cn/emyvXZ/lginox,phishing,https://x.com/Metemcyber/status/2077995511496470814
2026-07-17,tweetfeed,URL,https://sub-informacion-net.com/captcha,phishing,https://x.com/PhishStats/status/2077998482191733188
2026-07-17,tweetfeed,URL,https://resona-bank.aochz.com/login,phishing,https://x.com/masaomi346/status/2078003816226865482
2026-07-17,tweetfeed,URL,http://smart-sight-hr.com,n/a,https://x.com/nextronresearch/status/2078037561667142042
2026-07-17,tweetfeed,URL,http://30min-smartsight-hr.com,n/a,https://x.com/nextronresearch/status/2078037561667142042
2026-07-17,tweetfeed,URL,https://storage.googleapis.com/protesto-att/agent.msi,n/a,https://x.com/smica83/status/2078048583677325660
2026-07-17,tweetfeed,URL,http://c2nuevpoder.kozow.com,n/a,https://x.com/malwrhunterteam/status/2078049593091076549
2026-07-17,tweetfeed,URL,http://pulseeeee.beer,n/a,https://x.com/smica83/status/2078050185112924413
2026-07-17,tweetfeed,URL,http://sa3wd.com,n/a,https://x.com/smica83/status/2078053124187582618
2026-07-17,tweetfeed,URL,http://47.243.59.62,n/a,https://x.com/smica83/status/2078053124187582618
2026-07-17,tweetfeed,URL,http://zhugel5.com,n/a,https://x.com/smica83/status/2078054634342519271
2026-07-17,tweetfeed,URL,http://206.119.81.53,n/a,https://x.com/smica83/status/2078054634342519271
2026-07-17,tweetfeed,URL,https://exhibit-thereafter-surrounded-editorial.trycloudflare.com,opendir,https://x.com/smica83/status/2078082104118628506
2026-07-17,tweetfeed,URL,https://driving-approach-sword-ave.trycloudflare.com,opendir,https://x.com/smica83/status/2078082569992614251
2026-07-17,tweetfeed,URL,https://pabloclock.com,"phishing, scam",https://x.com/Coolcarlos17/status/2078090839029342452
2026-07-17,tweetfeed,URL,https://51bxun.com/JxBgwINm/,phishing,https://x.com/masaomi346/status/2078108974927495371
2026-07-17,tweetfeed,URL,http://mail.trimnt.com,n/a,https://x.com/James_inthe_box/status/2078118802139853189
2026-07-17,tweetfeed,URL,https://ope1.marconimpianti.it/adm/?CTSO=SOUJ,phishing,https://x.com/Malwarehunterr/status/2078163280334659948
2026-07-17,tweetfeed,URL,http://manager-area-wordpress-automattic.tornieri.eu,phishing,https://x.com/Malwarehunterr/status/2078163280334659948
2026-07-17,tweetfeed,URL,http://tableautieridf.com,phishing,https://x.com/Malwarehunterr/status/2078163280334659948
2026-07-17,tweetfeed,URL,http://absolutdmc.com,phishing,https://x.com/SpiderLabs/status/2078179926159581475
2026-07-17,tweetfeed,URL,http://apexvistaventures.com,phishing,https://x.com/SpiderLabs/status/2078179926159581475
2026-07-17,tweetfeed,URL,http://aurellefashion.com,phishing,https://x.com/SpiderLabs/status/2078179926159581475
2026-07-17,tweetfeed,URL,http://eu-starstups.com,phishing,https://x.com/SpiderLabs/status/2078179926159581475
2026-07-17,tweetfeed,URL,http://eventr.cc,phishing,https://x.com/SpiderLabs/status/2078179926159581475
2026-07-17,tweetfeed,URL,http://grandcrestevents.com,phishing,https://x.com/SpiderLabs/status/2078179926159581475
2026-07-17,tweetfeed,URL,http://grandstayrental.com,phishing,https://x.com/SpiderLabs/status/2078179926159581475
2026-07-17,tweetfeed,URL,http://inwoods-hotels.com,phishing,https://x.com/SpiderLabs/status/2078179926159581475
2026-07-17,tweetfeed,URL,http://iwonderpicture.com,phishing,https://x.com/SpiderLabs/status/2078179926159581475
2026-07-17,tweetfeed,URL,http://quantumtradecollective.com,phishing,https://x.com/SpiderLabs/status/2078179926159581475
2026-07-17,tweetfeed,URL,http://shinilglobals.art,phishing,https://x.com/SpiderLabs/status/2078179926159581475
2026-07-17,tweetfeed,URL,http://sophiaevent10.com,phishing,https://x.com/SpiderLabs/status/2078179926159581475
2026-07-17,tweetfeed,URL,http://sophiatech.xyz,phishing,https://x.com/SpiderLabs/status/2078179926159581475
2026-07-17,tweetfeed,URL,http://westsinvalencia.com,phishing,https://x.com/SpiderLabs/status/2078179926159581475
2026-07-17,tweetfeed,URL,http://westpeakproperties.net,phishing,https://x.com/SpiderLabs/status/2078179926159581475
2026-07-17,tweetfeed,URL,https://multcoisasferragens.com,"phishing, scam",https://x.com/Coolcarlos17/status/2078193370753556842
2026-07-17,tweetfeed,URL,https://rtsinternationals.screenconnect.com/Bin/ScreenConnect.ClientSetup.msi?e=Access&y=Guest,n/a,https://x.com/smica83/status/2078202658821665091
2026-07-17,tweetfeed,URL,https://midns-dist.b-cdn.net/20260713/Asset_kGIsBI.jpg,n/a,https://x.com/smica83/status/2078205560348938405
2026-07-17,tweetfeed,URL,https://vk.ru/away.php?cc_key=cG2fG9&to=https%3A%2F%2Flcinvest.com.br%2F,phishing,https://x.com/PhishStats/status/2078207606712062079
2026-07-17,tweetfeed,URL,http://38.47.198.41:8082,"C2, Sliver, malware",https://x.com/Malwarehunterr/status/2078230723396534728
2026-07-17,tweetfeed,URL,http://38.47.198.41:8444,"C2, Sliver, malware",https://x.com/Malwarehunterr/status/2078230723396534728
2026-07-17,threatfox,HASH_SHA256,7073018596b174f584299d5152cf90f89a1f4e3bf072b778fc3342fda5c82f4f,"win.vidar, sha256_hash",n/a
2026-07-17,threatfox,HASH_SHA256,8ca5069041a3de3536f0be3b8f1b9044a0dfffd0295d7495cbd57d6a312af0b5,"win.vidar, sha256_hash",n/a
2026-07-17,threatfox,HASH_SHA256,06ba715b44892af143c4336c189c28b5d95f446d3d07ca7ce7a6ab2a0601168b,"win.vidar, sha256_hash",n/a
2026-07-17,threatfox,HASH_SHA256,2fdcac512cef51c5b0d8a4fb23c278b973d20978aab5d463abbe131dd04879a0,"win.vidar, sha256_hash",n/a
2026-07-17,threatfox,HASH_SHA256,c13be88a14d2c50b4e5ebca6b490fd6b8a6982555051c58b1d45fef6011671ee,"win.vidar, sha256_hash",n/a
2026-07-17,threatfox,HASH_SHA256,8d5025b2ab7917dc3283738d91634a741d1bc3e03196d2855a1fd81fd9d80381,"win.vidar, sha256_hash",n/a
2026-07-17,threatfox,HASH_SHA256,431e527d800caf5391917f79b07bb0650501ded29678edca8627007f629c1bad,"win.wannacryptor, sha256_hash",n/a
2026-07-17,threatfox,HASH_SHA256,3b6603d9bd648152700076a8e00a0e23218fd642ce63b5b47891f9db9ec0172b,"win.wannacryptor, sha256_hash",n/a
2026-07-17,threatfox,HASH_SHA256,48fca9f4433f79d8595fb75fe0940af8177b91b51068c132655472551b91af5a,"win.wannacryptor, sha256_hash",n/a
2026-07-17,threatfox,HASH_SHA256,4caa645feeb04cad5af75a3c5024076e99560678584c84ae07950c9c106d2af0,"win.wannacryptor, sha256_hash",n/a
2026-07-17,threatfox,HASH_SHA256,938a9136aa1f128c6462899bac6ab7a6a7cfd3a1bcc79fb38bfb207032d8515b,"win.asyncrat, sha256_hash",n/a
2026-07-17,threatfox,HASH_SHA256,1574e58fb3f049dd10d6923ca6b36bc440160cfdf57407328191ada99d3e1a89,"win.wannacryptor, sha256_hash",n/a
2026-07-18,tweetfeed,URL,https://fandouchejiage.com,phishing,https://x.com/masaomi346/status/2078257146014339205
2026-07-18,tweetfeed,URL,http://kloclibkblink-dp73tqm8r6w5.edgeone.dev,malware,https://x.com/scanmalware/status/2078281665936265542
2026-07-18,tweetfeed,URL,http://20.5.176.76,n/a,https://x.com/smica83/status/2078391675018199074
2026-07-18,tweetfeed,URL,https://pub-4ffc3db6ed2d4b3ca1d8eeda7e2431e3.r2.dev/ProperConvert.msi,n/a,https://x.com/smica83/status/2078393421476106614
2026-07-18,tweetfeed,URL,http://145.63.134.238:9000/wbinjget?q=B2E581C85432BD4DF6A59A00CBDA1CB3,n/a,https://x.com/smica83/status/2078393421476106614
2026-07-18,tweetfeed,URL,http://192.158.233.206:8040/Bin/ScreenConnect.ClientSetup.msi?e=Access&y=Guest,n/a,https://x.com/smica83/status/2078394212194701714
2026-07-18,tweetfeed,URL,https://google.defenders.workers.dev,n/a,https://x.com/malwrhunterteam/status/2078397672445161923
2026-07-18,tweetfeed,URL,https://nextjs781.ngrok.app,n/a,https://x.com/malwrhunterteam/status/2078397672445161923
2026-07-18,tweetfeed,URL,https://pub-272fd20f9e3d49d5864e441b0c7a4fb8.r2.dev/L2-17-1-WRK-JSDH.msi,n/a,https://x.com/smica83/status/2078405033603809682
2026-07-18,tweetfeed,URL,http://blockrazor.xyz,n/a,https://x.com/smica83/status/2078405033603809682
2026-07-18,tweetfeed,URL,http://incidentmanager.cc,n/a,https://x.com/smica83/status/2078405033603809682
2026-07-18,tweetfeed,URL,https://github.com/dm-7926/dz-nvd/raw/main/m1n.zip,n/a,https://x.com/smica83/status/2078406259032694809
2026-07-18,tweetfeed,URL,http://91.92.35.207/hmszch3006/meridianproductivity.ps1,n/a,https://x.com/smica83/status/2078410560903786719
2026-07-18,tweetfeed,URL,https://www.dropbox.com/scl/fi/fip887af098gcad36o20w/P_1784215111_9817.a3x?rlkey=n18uy18evjto5ju8zdx,n/a,https://x.com/smica83/status/2078411788664680803
2026-07-18,tweetfeed,URL,http://teleqrem.com,n/a,https://x.com/scanmalware/status/2078452233897754704
2026-07-18,tweetfeed,URL,https://sdsdio.bfteng.com,phishing,https://x.com/PhishStats/status/2078453857361776899
2026-07-18,tweetfeed,URL,https://www.playcomla.com.ar,"ClickFix, malware",https://x.com/Malwarehunterr/status/2078484535650754887
2026-07-18,tweetfeed,URL,https://www.jarretelvankortrijk.be,"ClickFix, malware",https://x.com/Malwarehunterr/status/2078484535650754887
2026-07-18,tweetfeed,URL,http://www.download.renaultsatelite.com.mx,"ClickFix, malware",https://x.com/Malwarehunterr/status/2078484535650754887
2026-07-18,tweetfeed,URL,https://panychurasc0.com/ORIGINAL/13.exe,"ClickFix, malware",https://x.com/Malwarehunterr/status/2078484535650754887
2026-07-18,tweetfeed,URL,https://shopleta.ru/updatechrome.exe,"ClickFix, malware",https://x.com/Malwarehunterr/status/2078484535650754887
2026-07-18,tweetfeed,URL,http://honeypotlive.cc,n/a,https://x.com/blackorbird/status/2078488655048688118
2026-07-18,tweetfeed,URL,http://193.233.19.134/page,"ClickFix, malware",https://x.com/Malwarehunterr/status/2078495588732301339
2026-07-18,tweetfeed,URL,http://docs163.com,"ClickFix, malware",https://x.com/Malwarehunterr/status/2078495588732301339
2026-07-18,tweetfeed,URL,http://193.233.19.134,"ClickFix, malware",https://x.com/Malwarehunterr/status/2078495588732301339
2026-07-18,tweetfeed,URL,https://vpu.baby,ClickFix,https://x.com/Malwarehunterr/status/2078559201685807345
2026-07-18,tweetfeed,URL,http://47.243.127.162/menu.bat,ClickFix,https://x.com/Malwarehunterr/status/2078559201685807345
2026-07-18,tweetfeed,URL,http://47.243.127.162/1_drv.bat,ClickFix,https://x.com/Malwarehunterr/status/2078559201685807345
2026-07-18,tweetfeed,URL,http://47.243.127.162/1_smb.bat,ClickFix,https://x.com/Malwarehunterr/status/2078559201685807345
2026-07-18,tweetfeed,URL,http://47.243.127.162/1_ftp.bat,ClickFix,https://x.com/Malwarehunterr/status/2078559201685807345
2026-07-18,tweetfeed,URL,http://47.243.127.162/5001.zip,ClickFix,https://x.com/Malwarehunterr/status/2078559201685807345
2026-07-18,tweetfeed,URL,http://notexistszg01.232323.eu.org,ClickFix,https://x.com/Malwarehunterr/status/2078559201685807345
2026-07-18,tweetfeed,URL,http://1.232323.eu.org,ClickFix,https://x.com/Malwarehunterr/status/2078559201685807345
2026-07-18,tweetfeed,URL,http://zg01.232323.eu.org,ClickFix,https://x.com/Malwarehunterr/status/2078559201685807345
2026-07-18,tweetfeed,URL,http://www.232323.eu.org,ClickFix,https://x.com/Malwarehunterr/status/2078559201685807345
2026-07-18,tweetfeed,URL,http://sg.232323.eu.org,ClickFix,https://x.com/Malwarehunterr/status/2078559201685807345
2026-07-18,tweetfeed,URL,http://vpu.baby,ClickFix,https://x.com/Malwarehunterr/status/2078559201685807345
2026-07-18,tweetfeed,URL,http://47.243.127.162,ClickFix,https://x.com/Malwarehunterr/status/2078559201685807345
2026-07-18,tweetfeed,URL,http://5001.zip,ClickFix,https://x.com/Malwarehunterr/status/2078559201685807345
2026-07-18,threatfox,HASH_SHA256,b8006c2a5a511648876a967f55bae95ccb5515ff0436e7855ce5d2ecc7dd407f,"py.venus_stealer, sha256_hash",n/a
2026-07-18,threatfox,HASH_SHA256,cdc0d27aee64dbcc4b67a3a6cdde4c7f32065144d8fbb6ada691143456e7d756,"py.venus_stealer, sha256_hash",n/a
2026-07-18,threatfox,HASH_SHA256,ccce59754ac625d60cda648debe4a3021b70a30bc8b85d9a7d5612b1b64ef52a,"py.venus_stealer, sha256_hash",n/a
2026-07-18,threatfox,HASH_SHA256,235f91d8d4634d2af5a9a504420d624496f11af6ffc8a98adea083121b88ab1e,"py.venus_stealer, sha256_hash",n/a
2026-07-18,threatfox,HASH_SHA256,f3feecf1f6fb2fec70747006dbb8a09b73dfeb8f54946a4d701c13fd71d4600c,"py.venus_stealer, sha256_hash",n/a
2026-07-18,threatfox,HASH_SHA256,5d16539260e3c23da6f5fee3ba39104fde4f68d4226a9957b1c7e35b4a9c1cd4,"py.venus_stealer, sha256_hash",n/a
2026-07-18,threatfox,HASH_SHA256,a82cd50cbc1beec0bb4d774c248d3daa58f858fa4bddc99b314874cb9914eaca,"py.venus_stealer, sha256_hash",n/a
2026-07-18,threatfox,HASH_SHA256,64a3a21cb92d06b12229c7788f6578dc71a3a61cd8658c53fa9cafe051b11b2e,"py.venus_stealer, sha256_hash",n/a
2026-07-18,threatfox,HASH_SHA256,72c5cec904df799ee47952dba0d830fccd58e49c4810db5261e85747d4495713,"py.venus_stealer, sha256_hash",n/a
2026-07-18,threatfox,HASH_SHA256,1352fc1e651300138b7f5cd431dac11935e54639f8c8b3f87fa9ea6937e6a07a,"py.venus_stealer, sha256_hash",n/a
2026-07-18,threatfox,HASH_SHA256,b2ab8825b84e6f0209cf713dcf7156c93ae82f37a6d9f0ca9072e228825c8d63,"win.acr_stealer, sha256_hash",n/a
2026-07-18,threatfox,HASH_SHA256,31cf473bb93abef0760d4992d45bafcd936edb7c26193c175f8491f8ffaef0e0,"win.acr_stealer, sha256_hash",n/a
2026-07-18,threatfox,HASH_SHA256,7d936e44f50cafb14afdc8ea652905f611db0f04f10da8feb5d5ba74bcbf5a22,"elf.kuiper, sha256_hash",n/a
2026-07-18,threatfox,HASH_SHA256,555fd5790046add4e994dfe655efe0ced7b31b73849793bd81bcff983f022013,"win.vidar, sha256_hash",n/a
2026-07-18,threatfox,HASH_SHA256,b473b09292b0e9ed4d4089344f77a12465242cf69db10768c93ba6cd40cfe770,"win.vidar, sha256_hash",n/a
2026-07-18,threatfox,HASH_SHA256,5cdb6a3810a5148518252110e51655297a6a9832f254f65f804b5a6fad1e3259,"elf.kuiper, sha256_hash",n/a
2026-07-18,threatfox,HASH_SHA256,f2b9739fe3aced2d2074db022b5d1e23003b44fbc24413f3bd3298f1623c6665,"win.salatstealer, sha256_hash",n/a
2026-07-18,threatfox,HASH_SHA256,72344facd02bea9007c59c2a67bd96d521838b566298caf0f80c6ceecf93520f,"win.hijackloader, sha256_hash",n/a
2026-07-18,threatfox,HASH_SHA256,16a4a7b5a478ce3dd732b318f7dfadbd337ab51d804a0a261623ea941417fd5f,"win.salatstealer, sha256_hash",n/a
2026-07-18,threatfox,HASH_SHA256,9264d342f207b8a9233c393b864c26617385071283b030ec6b6976069d91a587,"py.venus_stealer, sha256_hash",n/a
2026-07-18,threatfox,HASH_SHA256,6aa982f7c6167752e8f58083dc5f1c11ff0aa63b3c3d2e192009cce2cef84ee0,"win.ghost_rat, sha256_hash",n/a
2026-07-18,threatfox,HASH_SHA256,c1d7ce9290ee9a148ea430871f900a44511b8db374dedcb4d417072b54e48d07,"win.nanocore, sha256_hash",n/a
2026-07-18,tweetfeed,URL,http://ajvcu.cn,ClickFix,https://x.com/Malwarehunterr/status/2078589994776895931
2026-07-18,tweetfeed,URL,https://bitbrarwser.com/run.bat,ClickFix,https://x.com/Malwarehunterr/status/2078589994776895931
2026-07-18,tweetfeed,URL,https://bitbrarwser.com/XinPu.zip,ClickFix,https://x.com/Malwarehunterr/status/2078589994776895931
2026-07-18,tweetfeed,URL,http://www.ndiewh.com,ClickFix,https://x.com/Malwarehunterr/status/2078589994776895931
2026-07-19,threatfox,HASH_SHA256,b1a6dba6636b519d76d7219f6264ac9f1456681c0855baef954fb435d3e25ce5,"elf.mirai, sha256_hash",n/a
2026-07-19,threatfox,HASH_SHA256,bf38b3e5d645c78377599a6c218a347312c5a3daef693c7931f2710806d85317,"elf.mirai, sha256_hash",n/a
2026-07-19,threatfox,HASH_SHA256,f5cb6dadaee4399a1f014ef5946d0a4c1af578d15ff078e725e0757f28dc8493,"elf.mirai, sha256_hash",n/a
2026-07-19,threatfox,HASH_SHA256,e987bb8b32facef51c3cc5a94bd51e01d8c3be8a19c106de70147ab5ce84dc66,"elf.mirai, sha256_hash",n/a
2026-07-19,threatfox,HASH_SHA256,6e709fb9b09d9f8318724a8620812f55411a3ea49de6319c4832885547773ddd,"elf.mirai, sha256_hash",n/a
2026-07-19,threatfox,HASH_SHA256,0d64cd75599dea5b8cf393b6e2b709f51b3971e64b96920e0707020e22ee7953,"elf.mirai, sha256_hash",n/a
2026-07-19,threatfox,HASH_SHA256,f38d748d9ea29424c28744c52bcd1d14328d49fcb604ca08fab3547ec500d6f0,"elf.mirai, sha256_hash",n/a
2026-07-19,threatfox,HASH_SHA256,b4acd1ab65624b694946b1181bba0732bb63c88c51b8334914c26c1805b2e1aa,"elf.mirai, sha256_hash",n/a
2026-07-19,threatfox,HASH_SHA256,21c5f4a04173a5176d60b06095bf5d25e0022ffbe304601e368eccf718587dc8,"elf.mirai, sha256_hash",n/a
2026-07-19,threatfox,HASH_SHA256,ec442a132f27486d1dfa3faa92c03e10012afe2b8de39fa9b42b367f7971c989,"elf.mirai, sha256_hash",n/a
2026-07-19,threatfox,HASH_SHA256,9538c8a2edeaa8667134a469d03a7057ddc1e753ce1e5250f92f01c1097fcb1d,"elf.mirai, sha256_hash",n/a
2026-07-19,threatfox,HASH_SHA256,d8cd1d9f8c092aa4a6c1b1b2b97c7de71d55c2af8332532d2956e4f5becac17e,"elf.mirai, sha256_hash",n/a
2026-07-19,threatfox,HASH_SHA256,95f5bd70c4e40f9663b67d40d23a46ca21d97448f9a609be10b12837e6a59805,"elf.mirai, sha256_hash",n/a
2026-07-19,threatfox,HASH_SHA256,b1f2808e05cb42894790c12172ffacf8673a0a7e14c7af5ad43d5bedfa62a5e4,"elf.mirai, sha256_hash",n/a
2026-07-19,tweetfeed,URL,http://jonathanhanley.com/ira,phishing,https://x.com/PhishStats/status/2078810589011312782
2026-07-19,tweetfeed,URL,https://cqurg.com/JxBgwINm/,phishing,https://x.com/masaomi346/status/2078855556069212637
2026-07-19,tweetfeed,URL,http://okekjaiw.click,malware,https://x.com/FABO97662188/status/2078905505418760481
2026-07-19,tweetfeed,URL,http://8jdjpwka.baby,malware,https://x.com/FABO97662188/status/2078905505418760481
2026-07-19,threatfox,HASH_SHA256,45fb50f074613b46672fac2ce2f30f1dd5f4e15a3d7f1fd53c333b1e198dbbc3,"osx.unidentified_001, sha256_hash",n/a
2026-07-20,tweetfeed,URL,https://paraminasconstrucao.com,"phishing, scam",https://x.com/Coolcarlos17/status/2079016905369641470
2026-07-20,tweetfeed,URL,https://luzitanacasa.com,"phishing, scam",https://x.com/Coolcarlos17/status/2079017336737026372
2026-07-20,threatfox,HASH_SHA256,b59653f1e2b8dae784ca4211199d2887ea676d27e7af9d057a625cf9281c17e0,"win.redline_stealer, sha256_hash",n/a
2026-07-20,threatfox,HASH_SHA256,5f85e22acb86ebc9031256efb11af9f1eed58621312a0c0bf448fe699e809c92,"py.venus_stealer, sha256_hash",n/a
2026-07-20,threatfox,HASH_SHA256,40c98ff9673f67cfa82d9e2e16a2e55644f71fec87e2d92f25821a2b917f8145,"win.valley_rat, sha256_hash",n/a
2026-07-20,threatfox,HASH_SHA256,2ac492ce3b66a7979ceba5f26c594f0a69698d19b2ffdb56ac8b741dc30f8e5e,"win.phorpiex, sha256_hash",n/a
2026-07-20,threatfox,HASH_SHA256,2c292ea5d66b3aa9b531e60f55d6af341d101961a649614d022111ff743492f3,"py.venus_stealer, sha256_hash",n/a
2026-07-20,threatfox,HASH_SHA256,e6f4c46f2a72a4d8b1eda2c2c431c64d73eae7057221b35a6fc16138e4dc4d43,"win.valley_rat, sha256_hash",n/a
2026-07-20,threatfox,HASH_SHA256,e85149704da6ee8f9bc1c55304c560d1a792180489d4859a64cf0a4e056ccf52,"win.amadey, sha256_hash",n/a
2026-07-20,threatfox,HASH_SHA256,a86c023a02f1454738b39f753f50777c238b4ea296ffc76cd41c3059f216be10,"win.amadey, sha256_hash",n/a
2026-07-20,tweetfeed,URL,https://github.com/business-49,n/a,https://x.com/banthisguy9349/status/2079034460901929367
2026-07-20,tweetfeed,URL,http://svganchordev.net/icons/105,n/a,https://x.com/banthisguy9349/status/2079034460901929367
2026-07-20,tweetfeed,URL,http://23.27.180.36,n/a,https://x.com/banthisguy9349/status/2079034460901929367
2026-07-20,tweetfeed,URL,http://b.w1001.outlook.com,n/a,https://x.com/banthisguy9349/status/2079034460901929367
2026-07-20,tweetfeed,URL,https://79.76.52.42:3333/login,n/a,https://x.com/2eroHunter/status/2079023331874128204
2026-07-20,tweetfeed,URL,https://us13.campaign-archive.com/?u=1c64ad3f743dea65fbfb9554e&id=1f127bec3d,phishing,https://x.com/PhishStats/status/2079052618660233231
2026-07-20,tweetfeed,URL,http://cdn-static-icons.vercel.app,n/a,https://x.com/banthisguy9349/status/2079077405113860398
2026-07-20,tweetfeed,URL,http://cdn-static-server.vercel.app,n/a,https://x.com/banthisguy9349/status/2079077405113860398
2026-07-20,tweetfeed,URL,http://rest-icon-configure.vercel.app,n/a,https://x.com/banthisguy9349/status/2079077405113860398
2026-07-20,tweetfeed,URL,http://rest-icon-handler.store,n/a,https://x.com/banthisguy9349/status/2079077405113860398
2026-07-20,tweetfeed,URL,http://rest-icon-moduler.vercel.app,n/a,https://x.com/banthisguy9349/status/2079077405113860398
2026-07-20,tweetfeed,URL,http://rest-icon-provider.link,n/a,https://x.com/banthisguy9349/status/2079077405113860398
2026-07-20,tweetfeed,URL,http://verceljs-kappa.vercel.app,n/a,https://x.com/banthisguy9349/status/2079077405113860398
2026-07-20,tweetfeed,URL,http://ahmeddoserr-37232.portmap.host,Njrat,https://x.com/skocherhan/status/2079111293424808117
2026-07-20,tweetfeed,URL,http://193.161.193.99:37232,Njrat,https://x.com/skocherhan/status/2079111293424808117
2026-07-20,tweetfeed,URL,http://rest-icon-helper.store,n/a,https://x.com/nextronresearch/status/2079118025236566357
2026-07-20,tweetfeed,URL,http://auth-axa.lestrani.de,phishing,https://x.com/skocherhan/status/2079144905163632830
2026-07-20,tweetfeed,URL,http://agenziaentrate-gov.lestrani.de,phishing,https://x.com/skocherhan/status/2079144905163632830
2026-07-20,tweetfeed,URL,http://my-paylife.lestrani.de,phishing,https://x.com/skocherhan/status/2079144905163632830
2026-07-20,tweetfeed,URL,http://elster-online-finanzamt.lestrani.de,phishing,https://x.com/skocherhan/status/2079144905163632830
2026-07-20,tweetfeed,URL,http://pagopa-gov.lestrani.de,phishing,https://x.com/skocherhan/status/2079144905163632830
2026-07-20,tweetfeed,URL,http://meine-tfbank.lestrani.de,phishing,https://x.com/skocherhan/status/2079144905163632830
2026-07-20,tweetfeed,URL,http://kunden-commerzbank.lestrani.de,phishing,https://x.com/skocherhan/status/2079144905163632830
2026-07-20,tweetfeed,URL,http://antai-gouv-amendes.lestrani.de,phishing,https://x.com/skocherhan/status/2079144905163632830
2026-07-20,tweetfeed,URL,http://lestrani.de,phishing,https://x.com/skocherhan/status/2079144905163632830
2026-07-20,tweetfeed,URL,https://64.89.162.162/Adobe_Reader_Setup.msi,n/a,https://x.com/smica83/status/2079153299446534642
2026-07-20,tweetfeed,URL,https://extensionscover.xyz/NetLock_RMM_Agent_Installer_win-x64.exe,n/a,https://x.com/smica83/status/2079153299446534642
2026-07-20,tweetfeed,URL,https://extensionscover.xyz/s.ps1,n/a,https://x.com/smica83/status/2079153299446534642
2026-07-20,tweetfeed,URL,https://lodging-dictionaries-jill-ministry.trycloudflare.com,"WsgiDAV, opendir",https://x.com/smica83/status/2079156061198533038
2026-07-20,tweetfeed,URL,http://sararch.xyz,n/a,https://x.com/skocherhan/status/2079156217344065943
2026-07-20,tweetfeed,URL,http://extensionscover.xyz,n/a,https://x.com/skocherhan/status/2079156217344065943
2026-07-20,tweetfeed,URL,http://realtovers.xyz,n/a,https://x.com/skocherhan/status/2079156217344065943
2026-07-20,tweetfeed,URL,http://superowered.xyz,n/a,https://x.com/skocherhan/status/2079156217344065943
2026-07-20,tweetfeed,URL,http://flowhavens.xyz,n/a,https://x.com/skocherhan/status/2079156217344065943
2026-07-20,tweetfeed,URL,http://comprehensive.click,n/a,https://x.com/skocherhan/status/2079156217344065943
2026-07-20,tweetfeed,URL,http://accreditedrec.xyz,n/a,https://x.com/skocherhan/status/2079156217344065943
2026-07-20,tweetfeed,URL,http://loomlyt.xyz,n/a,https://x.com/skocherhan/status/2079156217344065943
2026-07-20,tweetfeed,URL,http://31.76.252.47,n/a,https://x.com/malwrhunterteam/status/2079157644611223810
2026-07-20,tweetfeed,URL,http://186.241.66.4,n/a,https://x.com/smica83/status/2079160349090099416
2026-07-20,tweetfeed,URL,http://iot.981666.xyz:8080,n/a,https://x.com/G60930953/status/2079166325595820255
2026-07-20,tweetfeed,URL,http://89.106.83.40,n/a,https://x.com/smica83/status/2079167170983108899
2026-07-20,threatfox,HASH_SHA256,3fc95667b98c637ba785b67dff1bd15ff7a21f082d25894c3a78ec1b6206fcd7,"win.ghost_rat, sha256_hash",n/a
2026-07-20,threatfox,HASH_SHA256,f47ac99afe9dbccccf308de99a8c791c675810047d11bd4613c5a4a4f08568e7,"win.rhadamanthys, sha256_hash",n/a
2026-07-20,threatfox,HASH_SHA256,0a4b3b6e4de78361552735cbbc95a1819a7338c810e7f31e1a3d68a06a5252bb,"win.vidar, sha256_hash",n/a
2026-07-20,threatfox,HASH_SHA256,3c3f12531045b7eedfe25e0f291d4792b0d8c8366f8de043e2fa8ecf34ccb913,"win.vidar, sha256_hash",n/a
2026-07-20,threatfox,HASH_SHA256,78e53037a3b94c1a14f4c8283f27b1b9b6a0601515fe6b4cdc28ac8fce9b938f,"win.formbook, sha256_hash",n/a
2026-07-20,threatfox,HASH_SHA256,164e4dd739dacd0e13fb125905abd4ef3293391d34405421ddad4470826c1941,"win.tofsee, sha256_hash",n/a
2026-07-20,threatfox,HASH_SHA256,43fe17a95010413fce338858f7f675708e1f3b9fb1998a436881c35dbe49825f,"win.asyncrat, sha256_hash",n/a
2026-07-20,threatfox,HASH_SHA256,7a8f47c4a4d9870b838791d51abafab65b8279e5c347add2b7e5aaa0222ab84a,"win.vidar, sha256_hash",n/a
2026-07-20,threatfox,HASH_SHA256,58328b7f4fecb0407da1947937b41162e23a61559d6f49526ec1683febad6ddc,"win.agent_tesla, sha256_hash",n/a
2026-07-20,threatfox,HASH_SHA256,2112d749000ec32a1eeb719eb1e0daee69cda7946eab3049f5d2fd83bac566c2,"win.agent_tesla, sha256_hash",n/a
2026-07-20,threatfox,HASH_SHA256,80571d10fe416a63ceb0c3b582c547573c41c1b1108ebda0e5604edf4532ff97,"win.xworm, sha256_hash",n/a
2026-07-20,threatfox,HASH_SHA256,2d1a5a0c9b43b6dbff32bd3b66d1a96c0d36773f5b7b546fcb9da93580f9246a,"jar.crossrat, sha256_hash",n/a
2026-07-20,threatfox,HASH_SHA256,e16ea5b5892442616eb4b0d8e53a242e6532b77db42202d33b78ef9461745cc5,"win.njrat, sha256_hash",n/a
2026-07-20,threatfox,HASH_SHA256,9aa928b433983f53758e42961aa0cf8096a4211a5562bfcd7ba3cb63d902282b,"win.phantom_stealer, sha256_hash",n/a
2026-07-20,threatfox,HASH_SHA256,d3adedb75d5f43ee0a1400fa5be76e4f734ec031d40b426a390ec5f453a40859,"win.formbook, sha256_hash",n/a
2026-07-20,threatfox,HASH_SHA256,6b1f9dee6182e98eabff20baa433fced12a7f584e4973eb7b020f6a0c297fcec,"win.wannacryptor, sha256_hash",n/a
2026-07-20,threatfox,HASH_SHA256,330f79845eb9694405707e1b2ef8621e8673920b3da8ccb3a4136418b7404254,"win.phantom_stealer, sha256_hash",n/a
2026-07-20,threatfox,HASH_SHA256,865884c27b7ee53c1744c183ca07ce310b4485dfa085fe3ed3c658e38f7d99f2,"win.formbook, sha256_hash",n/a
2026-07-20,threatfox,HASH_SHA256,a0abe6eb238036b9a233799296c270282a19f603ed5560d4874a277fa55b17c3,"win.socks5_systemz, sha256_hash",n/a
2026-07-20,threatfox,HASH_SHA256,940f0d74f64672c50d4b6ed704aefa743d81b7cdfbeb6666a00f690f80b7b001,"win.agent_tesla, sha256_hash",n/a
2026-07-20,threatfox,HASH_SHA256,e6290924b6e7a434776239ae19e79b02e88c3a6bef1b0e1d61041cc4176dec6e,"win.agent_tesla, sha256_hash",n/a
2026-07-20,threatfox,HASH_SHA256,26fc8807ce9a5e6dc534c237d84c2ac7491755532a2078878bc8fb1695fcb2eb,"win.asyncrat, sha256_hash",n/a
2026-07-20,threatfox,HASH_SHA256,707d1f44be9210b1f0dd678a37aef925c4b09c3072289a575fadad571470ed2f,"win.wannacryptor, sha256_hash",n/a
2026-07-20,threatfox,HASH_SHA256,b4991986b29c3882404e7078ccd37954f9f9676bb766f83161199eee1f1b85d0,"win.krakenkeylogger, sha256_hash",n/a
2026-07-20,threatfox,HASH_SHA256,7132a14099e6824598c5899dea19a4b8f4d89683bb01774b402674da1d4fee2f,"win.wannacryptor, sha256_hash",n/a
2026-07-20,threatfox,HASH_SHA256,d5e71f60f77f8f7853d80ff308d7b0420e20600fe03af2529a2c8e740ed52943,"win.valley_rat, sha256_hash",n/a
2026-07-20,tweetfeed,URL,https://leophir.com/P4jlba9,phishing,https://x.com/PhishStats/status/2079205644196888699
2026-07-20,tweetfeed,URL,http://146.19.216.119,n/a,https://x.com/SimoKohonen/status/2079217523984040270
2026-07-20,tweetfeed,URL,http://178.16.52.93,n/a,https://x.com/Threatlabz/status/2079227567572492689
2026-07-20,tweetfeed,URL,http://196.251.107.163,n/a,https://x.com/Threatlabz/status/2079227567572492689
2026-07-20,tweetfeed,URL,http://2.27.5.214,n/a,https://x.com/Threatlabz/status/2079227567572492689
2026-07-20,tweetfeed,URL,http://43.228.157.66,n/a,https://x.com/Threatlabz/status/2079227567572492689
2026-07-20,tweetfeed,URL,http://46.151.182.45,n/a,https://x.com/Threatlabz/status/2079227567572492689
2026-07-20,tweetfeed,URL,http://gamespotworld.com,n/a,https://x.com/Threatlabz/status/2079227567572492689
2026-07-20,tweetfeed,URL,http://votecity.org,phishing,https://x.com/skocherhan/status/2079235109941543034
2026-07-20,tweetfeed,URL,http://www.apcconstruction.com,"ClickFix, Vidar",https://x.com/James_inthe_box/status/2079241785981931631
2026-07-20,tweetfeed,URL,http://www.apcconstruction.com/app.any.run/tasks/4599dbb0-1,"ClickFix, Vidar",https://x.com/skocherhan/status/2079242361813569888
2026-07-20,tweetfeed,URL,https://t43wmtq3rv5rs.kimi.page/auth/recovery.hta,"ClickFix, phishing",https://x.com/Malwarehunterr/status/2079259574507626680
2026-07-20,tweetfeed,URL,https://t43wmtq3rv5rs.kimi.page,"ClickFix, phishing",https://x.com/Malwarehunterr/status/2079259574507626680
2026-07-20,tweetfeed,URL,http://t43wmtq3rv5rs.kimi.page,"ClickFix, phishing",https://x.com/Malwarehunterr/status/2079259574507626680
2026-07-20,tweetfeed,URL,http://165.154.236.93,opendir,https://x.com/Huntio/status/2079246351049560339
2026-07-20,tweetfeed,URL,http://auth-id-browser.info/a165e6de98d386b7,ClickFix,https://x.com/muha2xmad/status/2079261142069682606
2026-07-20,tweetfeed,URL,http://103.31.250.253,"APT, malware",https://x.com/phatomcandle/status/2079265101824327885
2026-07-20,tweetfeed,URL,http://tourvisorserver.com,"APT, malware",https://x.com/phatomcandle/status/2079265101824327885
2026-07-20,tweetfeed,URL,https://file.garden/alJib1uIhByXg4U5/nigg.bat,n/a,https://x.com/smica83/status/2079279236502692071
2026-07-20,tweetfeed,URL,http://195.133.53.98,n/a,https://x.com/smica83/status/2079281011905491211
2026-07-20,tweetfeed,URL,http://13.140.8.25,n/a,https://x.com/smica83/status/2079281011905491211
2026-07-20,tweetfeed,URL,http://78.153.149.152,n/a,https://x.com/smica83/status/2079281011905491211
2026-07-20,tweetfeed,URL,http://138.124.93.26/Client.hta,ClickFix,https://x.com/Malwarehunterr/status/2079287390959776116
2026-07-20,tweetfeed,URL,http://relay.computer-tech.net,ClickFix,https://x.com/Malwarehunterr/status/2079287390959776116
2026-07-20,tweetfeed,URL,http://relay.computer-tech.net:8041,ClickFix,https://x.com/Malwarehunterr/status/2079287390959776116
2026-07-20,tweetfeed,URL,http://138.124.93.26,ClickFix,https://x.com/Malwarehunterr/status/2079287390959776116
2026-07-20,tweetfeed,URL,http://138.124.93.26/ConnectWiseControl.Client.exe,ClickFix,https://x.com/Malwarehunterr/status/2079287390959776116
2026-07-20,tweetfeed,URL,http://62.60.226.50/upload.php,malware,https://x.com/FABO97662188/status/2079289679585628308
2026-07-20,tweetfeed,URL,http://fbuytf67.click,malware,https://x.com/FABO97662188/status/2079289679585628308
2026-07-20,tweetfeed,URL,http://78.17.93.76,n/a,https://x.com/malwrhunterteam/status/2079289940945383810
2026-07-20,tweetfeed,URL,https://xintongss.s3.ap-east-1.amazonaws.com/moshou-xinshouhezi.zip,n/a,https://x.com/smica83/status/2079291245168374100
2026-07-20,tweetfeed,URL,http://103.215.77.48,n/a,https://x.com/smica83/status/2079291245168374100
2026-07-20,tweetfeed,URL,https://initiatives-interfaces-impossible-illustration.trycloudflare.com,opendir,https://x.com/smica83/status/2079292412560564620
2026-07-20,tweetfeed,URL,http://159.198.44.67:5000,phishing,https://x.com/Malwarehunterr/status/2079293149600702552
2026-07-20,tweetfeed,URL,http://103.27.110.141,CobaltStrike,https://x.com/500mk500/status/2079271324946448628
2026-07-20,tweetfeed,URL,http://oosterhout.click,n/a,https://x.com/KirkDerpca/status/2079325558920364311
2026-07-20,tweetfeed,URL,http://connectingdg.co.uk,AsyncRAT,https://x.com/skocherhan/status/2079331689596141627
2026-07-20,tweetfeed,URL,http://origin.ku2626.net,AsyncRAT,https://x.com/skocherhan/status/2079331689596141627
2026-07-20,tweetfeed,URL,http://www-rg8369.net,AsyncRAT,https://x.com/skocherhan/status/2079331689596141627
2026-07-20,tweetfeed,URL,http://keobongdaworldcup2026.com,AsyncRAT,https://x.com/skocherhan/status/2079331689596141627
2026-07-20,tweetfeed,URL,http://soclive.net,AsyncRAT,https://x.com/skocherhan/status/2079331689596141627
2026-07-20,tweetfeed,URL,http://157.10.53.213:443,AsyncRAT,https://x.com/skocherhan/status/2079331689596141627
2026-07-20,tweetfeed,URL,http://157.10.53.213:8080,AsyncRAT,https://x.com/skocherhan/status/2079331689596141627
2026-07-20,tweetfeed,URL,http://getthebreather.io,AsyncRAT,https://x.com/skocherhan/status/2079332997405220889
2026-07-20,tweetfeed,URL,http://104.21.14.74:80,AsyncRAT,https://x.com/skocherhan/status/2079332997405220889
2026-07-20,tweetfeed,URL,http://104.21.14.74:8443,AsyncRAT,https://x.com/skocherhan/status/2079332997405220889
2026-07-20,tweetfeed,URL,http://104.21.14.74:443,AsyncRAT,https://x.com/skocherhan/status/2079332997405220889
2026-07-20,tweetfeed,URL,http://172.67.158.45:25,AsyncRAT,https://x.com/skocherhan/status/2079332997405220889
2026-07-20,tweetfeed,URL,http://172.67.158.45:8443,AsyncRAT,https://x.com/skocherhan/status/2079332997405220889
2026-07-20,tweetfeed,URL,http://172.67.158.45:443,AsyncRAT,https://x.com/skocherhan/status/2079332997405220889
2026-07-20,tweetfeed,URL,http://172.67.158.45:80,AsyncRAT,https://x.com/skocherhan/status/2079332997405220889
2026-07-20,tweetfeed,URL,http://172.86.107.229:3000,ClickFix,https://x.com/Malwarehunterr/status/2079334098456412314
2026-07-20,tweetfeed,URL,https://audiosnws.com,ClickFix,https://x.com/Malwarehunterr/status/2079334098456412314
2026-07-20,tweetfeed,URL,http://newtec.com.co,AsyncRAT,https://x.com/skocherhan/status/2079334642100908360
2026-07-20,tweetfeed,URL,http://54.255.166.105:443,AsyncRAT,https://x.com/skocherhan/status/2079334642100908360
2026-07-20,tweetfeed,URL,http://54.255.166.105:7707,AsyncRAT,https://x.com/skocherhan/status/2079334642100908360
2026-07-20,tweetfeed,URL,http://54.255.166.105:8808,AsyncRAT,https://x.com/skocherhan/status/2079334642100908360
2026-07-20,tweetfeed,URL,http://54.255.166.105:6606,AsyncRAT,https://x.com/skocherhan/status/2079334642100908360
2026-07-20,tweetfeed,URL,http://18.138.10.177:7707,AsyncRAT,https://x.com/skocherhan/status/2079334642100908360
2026-07-20,tweetfeed,URL,http://54.255.166.105:80,AsyncRAT,https://x.com/skocherhan/status/2079334642100908360
2026-07-20,tweetfeed,URL,http://18.138.10.177:6606,AsyncRAT,https://x.com/skocherhan/status/2079334642100908360
2026-07-20,tweetfeed,URL,http://52.74.188.133:80,AsyncRAT,https://x.com/skocherhan/status/2079334642100908360
2026-07-21,tweetfeed,URL,http://ritchie.click,C2,https://x.com/skocherhan/status/2079357326184632386
2026-07-21,tweetfeed,URL,http://meduurst.space,C2,https://x.com/skocherhan/status/2079357326184632386
2026-07-21,tweetfeed,URL,http://monteiro.click,C2,https://x.com/skocherhan/status/2079357326184632386
2026-07-21,tweetfeed,URL,http://bitista.icu,C2,https://x.com/skocherhan/status/2079357326184632386
2026-07-21,tweetfeed,URL,http://thibahlt.lol,C2,https://x.com/skocherhan/status/2079357326184632386
2026-07-21,tweetfeed,URL,http://leconto.lol,C2,https://x.com/skocherhan/status/2079357326184632386
2026-07-21,tweetfeed,URL,http://carreiro.lol,C2,https://x.com/skocherhan/status/2079357326184632386
2026-07-21,tweetfeed,URL,http://henreques.lol,C2,https://x.com/skocherhan/status/2079357326184632386
2026-07-21,tweetfeed,URL,http://fraitas.lol,C2,https://x.com/skocherhan/status/2079357326184632386
2026-07-21,tweetfeed,URL,http://azevedo.lol,C2,https://x.com/skocherhan/status/2079357326184632386
2026-07-21,tweetfeed,URL,http://schester.beer,C2,https://x.com/skocherhan/status/2079357326184632386
2026-07-21,tweetfeed,URL,http://abernaahy.sbs,C2,https://x.com/skocherhan/status/2079357326184632386
2026-07-21,tweetfeed,URL,http://riviere.sbs,C2,https://x.com/skocherhan/status/2079357326184632386
2026-07-21,tweetfeed,URL,http://ackeamann.xyz,C2,https://x.com/skocherhan/status/2079357326184632386
2026-07-21,tweetfeed,URL,http://robests.lol,C2,https://x.com/skocherhan/status/2079357326184632386
2026-07-21,tweetfeed,URL,http://lombaidi.lol,C2,https://x.com/skocherhan/status/2079357326184632386
2026-07-21,tweetfeed,URL,http://reindardt.lol,C2,https://x.com/skocherhan/status/2079357326184632386
2026-07-21,tweetfeed,URL,http://schuttc.lol,C2,https://x.com/skocherhan/status/2079357326184632386
2026-07-21,tweetfeed,URL,http://bogisibh.xyz,C2,https://x.com/skocherhan/status/2079357326184632386
2026-07-21,tweetfeed,URL,http://ledesla.cfd,C2,https://x.com/skocherhan/status/2079357326184632386
2026-07-21,tweetfeed,URL,http://uolguin.cfd,C2,https://x.com/skocherhan/status/2079357326184632386
2026-07-21,tweetfeed,URL,http://olovier.lol,C2,https://x.com/skocherhan/status/2079357326184632386
2026-07-21,tweetfeed,URL,http://chauvet.club,C2,https://x.com/skocherhan/status/2079357326184632386
2026-07-21,tweetfeed,URL,http://gautter.lol,C2,https://x.com/skocherhan/status/2079357326184632386
2026-07-21,tweetfeed,URL,http://riihard.top,C2,https://x.com/skocherhan/status/2079357326184632386
2026-07-21,tweetfeed,URL,http://nonrueden.com,C2,https://x.com/skocherhan/status/2079357326184632386
2026-07-21,tweetfeed,URL,http://northcombe.org,C2,https://x.com/skocherhan/status/2079357326184632386
2026-07-21,tweetfeed,URL,http://omnivectis.com,C2,https://x.com/skocherhan/status/2079357326184632386
2026-07-21,tweetfeed,URL,http://willimsen.com,C2,https://x.com/skocherhan/status/2079357326184632386
2026-07-21,tweetfeed,URL,http://ssntana.com,C2,https://x.com/skocherhan/status/2079357326184632386
2026-07-21,tweetfeed,URL,http://fundivox.com,C2,https://x.com/skocherhan/status/2079357326184632386
2026-07-21,tweetfeed,URL,http://exoosito.com,C2,https://x.com/skocherhan/status/2079357326184632386
2026-07-21,tweetfeed,URL,http://oelgado.com,C2,https://x.com/skocherhan/status/2079357326184632386
2026-07-21,tweetfeed,URL,http://nitzschi.com,C2,https://x.com/skocherhan/status/2079357326184632386
2026-07-21,tweetfeed,URL,http://vtcircuits.com,C2,https://x.com/skocherhan/status/2079357326184632386
2026-07-21,tweetfeed,URL,http://satserfield.com,C2,https://x.com/skocherhan/status/2079357326184632386
2026-07-21,tweetfeed,URL,http://quilborne.org,C2,https://x.com/skocherhan/status/2079357326184632386
2026-07-21,tweetfeed,URL,http://quiglgy.com,C2,https://x.com/skocherhan/status/2079357326184632386
2026-07-21,tweetfeed,URL,http://kovkcek.com,C2,https://x.com/skocherhan/status/2079357326184632386
2026-07-21,tweetfeed,URL,http://gccsinc.com,C2,https://x.com/skocherhan/status/2079357326184632386
2026-07-21,tweetfeed,URL,http://barsows.com,C2,https://x.com/skocherhan/status/2079357326184632386
2026-07-21,tweetfeed,URL,http://ethervane.com,C2,https://x.com/skocherhan/status/2079357326184632386
2026-07-21,tweetfeed,URL,http://raventhorp.org,C2,https://x.com/skocherhan/status/2079357326184632386
2026-07-21,tweetfeed,URL,http://bradtkr.com,C2,https://x.com/skocherhan/status/2079357326184632386
2026-07-21,tweetfeed,URL,http://dialectum.com,C2,https://x.com/skocherhan/status/2079357326184632386
2026-07-21,tweetfeed,URL,http://oakington.org,C2,https://x.com/skocherhan/status/2079357326184632386
2026-07-21,tweetfeed,URL,http://quorumix.com,C2,https://x.com/skocherhan/status/2079357326184632386
2026-07-21,tweetfeed,URL,http://saxonfield.org,C2,https://x.com/skocherhan/status/2079357326184632386
2026-07-21,tweetfeed,URL,http://sigmatauethifarma.com,C2,https://x.com/skocherhan/status/2079357326184632386
2026-07-21,tweetfeed,URL,http://hegmaen.com,C2,https://x.com/skocherhan/status/2079357326184632386
2026-07-21,tweetfeed,URL,http://orantow.com,C2,https://x.com/skocherhan/status/2079357326184632386
2026-07-21,tweetfeed,URL,http://gileert.xyz,C2,https://x.com/skocherhan/status/2079357326184632386
2026-07-21,tweetfeed,URL,http://bartach.xyz,C2,https://x.com/skocherhan/status/2079357326184632386
2026-07-21,tweetfeed,URL,http://almontm.xyz,C2,https://x.com/skocherhan/status/2079357326184632386
2026-07-21,tweetfeed,URL,http://moielli.xyz,C2,https://x.com/skocherhan/status/2079357326184632386
2026-07-21,tweetfeed,URL,http://corraia.icu,C2,https://x.com/skocherhan/status/2079357326184632386
2026-07-21,tweetfeed,URL,http://henriqueq.xyz,C2,https://x.com/skocherhan/status/2079357326184632386
2026-07-21,tweetfeed,URL,http://bbvalues.uk,C2,https://x.com/skocherhan/status/2079357326184632386
2026-07-21,tweetfeed,URL,http://treviro.icu,C2,https://x.com/skocherhan/status/2079357326184632386
2026-07-21,tweetfeed,URL,http://eichmnnn.icu,C2,https://x.com/skocherhan/status/2079357326184632386
2026-07-21,tweetfeed,URL,http://gerrirsen.icu,C2,https://x.com/skocherhan/status/2079357326184632386
2026-07-21,tweetfeed,URL,http://diranda.lol,C2,https://x.com/skocherhan/status/2079357326184632386
2026-07-21,tweetfeed,URL,http://loureiru.lol,C2,https://x.com/skocherhan/status/2079357326184632386
2026-07-21,tweetfeed,URL,http://bernardi.lol,C2,https://x.com/skocherhan/status/2079357326184632386
2026-07-21,tweetfeed,URL,http://marqueq.lol,C2,https://x.com/skocherhan/status/2079357326184632386
2026-07-21,tweetfeed,URL,http://abernaehy.lol,C2,https://x.com/skocherhan/status/2079357326184632386
2026-07-21,tweetfeed,URL,http://keneedy.lol,C2,https://x.com/skocherhan/status/2079357326184632386
2026-07-21,tweetfeed,URL,http://reynoldy.lol,C2,https://x.com/skocherhan/status/2079357326184632386
2026-07-21,tweetfeed,URL,http://heethcote.com,C2,https://x.com/skocherhan/status/2079357326184632386
2026-07-21,tweetfeed,URL,http://okunevk.com,C2,https://x.com/skocherhan/status/2079357326184632386
2026-07-21,tweetfeed,URL,http://dground.org,C2,https://x.com/skocherhan/status/2079357326184632386
2026-07-21,tweetfeed,URL,http://meharsons.com,C2,https://x.com/skocherhan/status/2079357326184632386
2026-07-21,tweetfeed,URL,http://leusceke.com,C2,https://x.com/skocherhan/status/2079357326184632386
2026-07-21,tweetfeed,URL,http://zgsjyxzx.com,C2,https://x.com/skocherhan/status/2079357326184632386
2026-07-21,tweetfeed,URL,http://luthel.com,C2,https://x.com/skocherhan/status/2079357326184632386
2026-07-21,tweetfeed,URL,http://jnlysj.com,C2,https://x.com/skocherhan/status/2079357326184632386
2026-07-21,tweetfeed,URL,https://audit-bxw.pages.dev,phishing,https://x.com/masaomi346/status/2079360000280150443
2026-07-21,tweetfeed,URL,https://aeon.ytepokk.cn/8s2871yhuo,phishing,https://x.com/Metemcyber/status/2079423939055681721
2026-07-21,tweetfeed,URL,http://43.167.15.126,phishing,https://x.com/Metemcyber/status/2079423939055681721
2026-07-21,threatfox,HASH_SHA256,ebaa6717e0011710c3cc8f4b2fd7fb767a3a0e4d01415957d9b24919650a7a09,"unknown_stealer, sha256_hash",n/a
2026-07-21,tweetfeed,URL,https://apple.gbsetok.cn,phishing,https://x.com/Metemcyber/status/2079447999055573092
2026-07-21,tweetfeed,URL,http://zynimg.com/1.jpg,Remcos,https://x.com/skocherhan/status/2079454095321022878
2026-07-21,tweetfeed,URL,http://usafansweepstakes2026.us/pure/1.jpg,Remcos,https://x.com/skocherhan/status/2079454095321022878
2026-07-21,tweetfeed,URL,http://fasthouse.me/Wn4BLu,Remcos,https://x.com/skocherhan/status/2079454095321022878
2026-07-21,tweetfeed,URL,http://204.44.69.202/15/weleadingsomethinguniquethingswithmebestandbetterplaces.hta,Remcos,https://x.com/skocherhan/status/2079454095321022878
2026-07-21,tweetfeed,URL,https://api.avax-test.dev/ext/bc/C/rpc,n/a,https://x.com/nextronresearch/status/2079454428038406646
2026-07-21,tweetfeed,URL,https://api.avax-test.dev/ext/output.json,n/a,https://x.com/nextronresearch/status/2079454428038406646
2026-07-21,tweetfeed,URL,http://api.avax-test.dev,n/a,https://x.com/nextronresearch/status/2079454428038406646
2026-07-21,tweetfeed,URL,https://tatrpay.online,phishing,https://x.com/LDDSystems/status/2079454325126877379
2026-07-21,tweetfeed,URL,http://tatrpay.online,phishing,https://x.com/LDDSystems/status/2079454325126877379
2026-07-21,tweetfeed,URL,http://35.159.10.46,phishing,https://x.com/LDDSystems/status/2079454325126877379
2026-07-21,tweetfeed,URL,https://u110608428.ct.sendgrid.net/ls/click?upn=<,n/a,https://x.com/tdatwja/status/2079455000229761469
2026-07-21,tweetfeed,URL,http://isudcnzy.eu.cc/d/1b78c105d6b8,n/a,https://x.com/tdatwja/status/2079455000229761469
2026-07-21,tweetfeed,URL,http://Tax-Number635863.zip,n/a,https://x.com/tdatwja/status/2079455000229761469
2026-07-21,tweetfeed,URL,http://morning-cell-6811.nukisora1808.workers.dev,n/a,https://x.com/tdatwja/status/2079459160526352835
2026-07-21,tweetfeed,URL,http://20260721074431.zip,n/a,https://x.com/tdatwja/status/2079459160526352835
2026-07-21,tweetfeed,URL,http://No.20260721074047.IM,n/a,https://x.com/tdatwja/status/2079459160526352835
2026-07-21,tweetfeed,URL,http://datusha.com.cn,n/a,https://x.com/tdatwja/status/2079459160526352835
2026-07-21,tweetfeed,URL,https://poste-italiane-controllo-e.spa-assistenza.net,phishing,https://x.com/JAMESWT_WT/status/2079471949940392393
2026-07-21,tweetfeed,URL,https://posteitaliane-a4.serveblog.net/A4/IT/SISTEMA.DI.SICUREZZA/LOGIN/index.php,phishing,https://x.com/JAMESWT_WT/status/2079471949940392393
2026-07-21,tweetfeed,URL,http://nameless-scene-7204.uploadeeeesclientess.workers.dev/FTM0-40PO-AO28-G98E/img_0yn4ti.png,n/a,https://x.com/skocherhan/status/2079479175400804449
2026-07-21,tweetfeed,URL,http://nameless-scene-7204.uploadeeeesclientess.workers.dev/6NS9-9ZTY-N247-UX3J/img_dosqow.png,n/a,https://x.com/skocherhan/status/2079479175400804449
2026-07-21,tweetfeed,URL,http://92.38.167.20/22/img_180809.png,n/a,https://x.com/skocherhan/status/2079479175400804449
2026-07-21,tweetfeed,URL,http://188.209.158.197/20/img_181822.png,n/a,https://x.com/skocherhan/status/2079479175400804449
2026-07-21,tweetfeed,URL,https://u110608428.ct.sendgrid.net/ls/click?upn=,n/a,https://x.com/bomccss/status/2079482891785138342
2026-07-21,tweetfeed,URL,https://isudcnzy.eu.cc/d/1b78c105d6b8,n/a,https://x.com/bomccss/status/2079482891785138342
2026-07-21,tweetfeed,URL,http://103.59.103.30:6666,n/a,https://x.com/bomccss/status/2079482894305952154
2026-07-21,tweetfeed,URL,http://yk.ggdy.com:8003,n/a,https://x.com/bomccss/status/2079482894305952154
2026-07-21,tweetfeed,URL,http://yk.ggdy.com:80,n/a,https://x.com/bomccss/status/2079482894305952154
2026-07-21,tweetfeed,URL,https://morning-cell-6811.nukisora1808.workers.dev,n/a,https://x.com/bomccss/status/2079483283260535008
2026-07-21,tweetfeed,URL,http://134.122.185.201:6698,n/a,https://x.com/bomccss/status/2079483285055615453
2026-07-21,tweetfeed,URL,http://134.122.185.201:6685,n/a,https://x.com/bomccss/status/2079483285055615453
2026-07-21,tweetfeed,URL,http://67sixcebeh.surf,"infostealer, malware",https://x.com/skocherhan/status/2079485432262234238
2026-07-21,tweetfeed,URL,http://datusha.com.cn:6685,n/a,https://x.com/bomccss/status/2079486240966226194
2026-07-21,tweetfeed,URL,http://datusha.com.cn:6698,n/a,https://x.com/bomccss/status/2079486240966226194
2026-07-21,tweetfeed,URL,http://yougi2894hamors34.duckdns.org,n/a,https://x.com/skocherhan/status/2079487857991823493
2026-07-21,tweetfeed,URL,http://172.94.53.34:19700,n/a,https://x.com/skocherhan/status/2079487857991823493
2026-07-21,tweetfeed,URL,http://159.223.110.159:50058,n/a,https://x.com/smica83/status/2079500578745381272
2026-07-21,tweetfeed,URL,http://bore.pub,n/a,https://x.com/smica83/status/2079500578745381272
2026-07-21,tweetfeed,URL,http://pavanmtls.duckdns.org,n/a,https://x.com/skocherhan/status/2079503451852050904
2026-07-21,tweetfeed,URL,http://headscale.aitherium.com,n/a,https://x.com/skocherhan/status/2079503451852050904
2026-07-21,tweetfeed,URL,http://djsuka.duckdns.org,n/a,https://x.com/skocherhan/status/2079503451852050904
2026-07-21,tweetfeed,URL,http://cjp-test-irc.duckdns.org,n/a,https://x.com/skocherhan/status/2079503451852050904
2026-07-21,tweetfeed,URL,http://ifan.ccwu.cc,n/a,https://x.com/skocherhan/status/2079503451852050904
2026-07-21,tweetfeed,URL,http://vpn.fedlin.com,n/a,https://x.com/skocherhan/status/2079503451852050904
2026-07-21,tweetfeed,URL,http://24v42v24awcawc543.bumbleshrimp.com,AsyncRAT,https://x.com/skocherhan/status/2079508536132845897
2026-07-21,tweetfeed,URL,http://13v3dssssssssssssssssss.dynuddns.com,AsyncRAT,https://x.com/skocherhan/status/2079508536132845897
2026-07-21,tweetfeed,URL,http://3v2223v2sdsdhgghgf.bumbleshrimp.com,AsyncRAT,https://x.com/skocherhan/status/2079508536132845897
2026-07-21,tweetfeed,URL,http://awcawcaw44.dynuddns.net,AsyncRAT,https://x.com/skocherhan/status/2079508536132845897
2026-07-21,tweetfeed,URL,http://oaskoaksoaossas44.ddnsguru.com,AsyncRAT,https://x.com/skocherhan/status/2079508536132845897
2026-07-21,tweetfeed,URL,http://fddfdf353.dynuddns.net,AsyncRAT,https://x.com/skocherhan/status/2079508536132845897
2026-07-21,tweetfeed,URL,http://33v434v34xxx.dynuddns.net,AsyncRAT,https://x.com/skocherhan/status/2079508536132845897
2026-07-21,tweetfeed,URL,http://spongebob.dynuddns.net,AsyncRAT,https://x.com/skocherhan/status/2079508536132845897
2026-07-21,tweetfeed,URL,http://42v2xxx.dynuddns.net,AsyncRAT,https://x.com/skocherhan/status/2079508536132845897
2026-07-21,tweetfeed,URL,http://acacww422542525.1cooldns.com,AsyncRAT,https://x.com/skocherhan/status/2079508536132845897
2026-07-21,tweetfeed,URL,http://fsocietyandtools.workers.dev,AsyncRAT,https://x.com/skocherhan/status/2079508536132845897
2026-07-21,tweetfeed,URL,http://eromefotosprivadas.sbs,AsyncRAT,https://x.com/skocherhan/status/2079508536132845897
2026-07-21,tweetfeed,URL,http://small-morning-8be0.fsocietyandtools.workers.dev/N64Y-JVB2-WT8X-CRI7/img_sz2mdo.png,AsyncRAT,https://x.com/skocherhan/status/2079508536132845897
2026-07-21,tweetfeed,URL,http://141.94.121.162:111,AsyncRAT,https://x.com/skocherhan/status/2079508536132845897
2026-07-21,tweetfeed,URL,http://unionpayintiyl.com,"phishing, scam",https://x.com/c9lab_soc/status/2079509390533537922
2026-07-21,tweetfeed,URL,http://google-signin.com,"phishing, scam",https://x.com/c9lab_soc/status/2079509327736393919
2026-07-21,tweetfeed,URL,http://account-samsung-club.com,"phishing, scam",https://x.com/c9lab_soc/status/2079509228230750334
2026-07-21,tweetfeed,URL,https://couturecarern.com/ftx/,phishing,https://x.com/patialavii/status/2079509671912604035
2026-07-21,tweetfeed,URL,https://gooseberry.screenconnect.com/Bin/ScreenConnect.ClientSetup.msi,phishing,https://x.com/patialavii/status/2079509671912604035
2026-07-21,tweetfeed,URL,http://unionpayintitl.com,"phishing, scam",https://x.com/c9lab_soc/status/2079510941809467654
2026-07-21,tweetfeed,URL,https://agfgpycp.com/docsza1/Windows/invite.php,phishing,https://x.com/patialavii/status/2079516020671218073
2026-07-21,tweetfeed,URL,https://agfgpyc.com/docsza1/Windows/download.php,phishing,https://x.com/patialavii/status/2079516020671218073
2026-07-21,tweetfeed,URL,http://docsz42.zip,phishing,https://x.com/patialavii/status/2079516020671218073
2026-07-21,tweetfeed,URL,https://uso4web-zoom-conferances.com/DA/z/Z01926/zoom/Windows/invite.php,phishing,https://x.com/patialavii/status/2079517610677526891
2026-07-21,tweetfeed,URL,https://lockalcontractiongesatate.cc/Bin/ScreenConnect.ClientSetup.msi,phishing,https://x.com/patialavii/status/2079517610677526891
2026-07-21,tweetfeed,URL,https://uso4web-zoom-conferances.com/DA/z/Z01926/zoom/Windows/invite.phpMSI,phishing,https://x.com/skocherhan/status/2079519476039418197
2026-07-21,tweetfeed,URL,https://lockalcontractiongesatate.cc/Bin/ScreenConnect.ClientSetup.msi#ThreatIntel,phishing,https://x.com/skocherhan/status/2079519476039418197
2026-07-21,tweetfeed,URL,http://sup.desarrollosoftwaresco.shop,n/a,https://x.com/skocherhan/status/2079521177450565651
2026-07-21,tweetfeed,URL,https://ethereum-rpc.publicnode.com,n/a,https://x.com/stop_spammerz/status/2079534358914850868
2026-07-21,tweetfeed,URL,http://telegram-vpn.fun,"phishing, scam",https://x.com/c9lab_soc/status/2079536361896329308
2026-07-21,tweetfeed,URL,http://www.volkswagenfinancialservicesbrasil.com,"phishing, scam",https://x.com/c9lab_soc/status/2079536471099220179
2026-07-21,tweetfeed,URL,https://shanbo-valve.com,phishing,https://x.com/masaomi346/status/2079548041007362474
2026-07-21,tweetfeed,URL,http://134.122.173.26,"AsyncRAT, Dcrat, malware",https://x.com/d1v35hresearch/status/2079553343806910934
2026-07-21,tweetfeed,URL,https://vfvxvbb.com,n/a,https://x.com/bomccss/status/2079559037830807925
2026-07-21,tweetfeed,URL,http://請求書.zip,n/a,https://x.com/bomccss/status/2079559040217362847
2026-07-21,tweetfeed,URL,http://202.61.160.189:8383,n/a,https://x.com/bomccss/status/2079559040217362847
2026-07-21,tweetfeed,URL,https://jb.mywwjj.xyz/sys/A/1/c2b8.zip,n/a,https://x.com/skocherhan/status/2079559968450134457
2026-07-21,tweetfeed,URL,http://ダウンロード請求書.zip,n/a,https://x.com/skocherhan/status/2079559968450134457
2026-07-21,tweetfeed,URL,http://fffbx.com,n/a,https://x.com/skocherhan/status/2079561348644516151
2026-07-21,tweetfeed,URL,http://bnmnui.com,n/a,https://x.com/skocherhan/status/2079561348644516151
2026-07-21,tweetfeed,URL,http://hbnbgjh.com,n/a,https://x.com/skocherhan/status/2079561348644516151
2026-07-21,tweetfeed,URL,http://vcggbft.com,n/a,https://x.com/skocherhan/status/2079561348644516151
2026-07-21,tweetfeed,URL,http://niygni.com,n/a,https://x.com/skocherhan/status/2079561348644516151
2026-07-21,tweetfeed,URL,http://38.181.52.18,n/a,https://x.com/skocherhan/status/2079561348644516151
2026-07-21,tweetfeed,URL,http://xajosu.shorts.gy,n/a,https://x.com/skocherhan/status/2079568209359831300
2026-07-21,tweetfeed,URL,http://zetewawe.shorts.gy,n/a,https://x.com/skocherhan/status/2079568209359831300
2026-07-21,tweetfeed,URL,http://images.google.com.bd,phishing,https://x.com/Kb4Threatlabs/status/2079576155154272387
2026-07-21,tweetfeed,URL,http://images.google.dj,phishing,https://x.com/Kb4Threatlabs/status/2079576155154272387
2026-07-21,tweetfeed,URL,http://googletagmanager.com/debug/clearcookies?url=,phishing,https://x.com/Kb4Threatlabs/status/2079576155154272387
2026-07-21,tweetfeed,URL,http://goldenearth.ma,n/a,https://x.com/Kb4Threatlabs/status/2079576159164203113
2026-07-21,tweetfeed,URL,http://document24acces.com,n/a,https://x.com/Kb4Threatlabs/status/2079576159164203113
2026-07-21,tweetfeed,URL,http://anglictina-doucovani.cz,n/a,https://x.com/Kb4Threatlabs/status/2079576159164203113
2026-07-21,tweetfeed,URL,http://camara-verde.org,n/a,https://x.com/Kb4Threatlabs/status/2079576159164203113
2026-07-21,tweetfeed,URL,http://demo.mybluekart.com,n/a,https://x.com/Kb4Threatlabs/status/2079576159164203113
2026-07-21,tweetfeed,URL,http://doc.jason-lou-teo-hock.workers.dev,n/a,https://x.com/Kb4Threatlabs/status/2079576159164203113
2026-07-21,tweetfeed,URL,http://ust-auth-sync-static-f049698-j874837.joel-89f.workers.dev,n/a,https://x.com/Kb4Threatlabs/status/2079576159164203113
2026-07-21,tweetfeed,URL,http://sefvraa.com,n/a,https://x.com/Kb4Threatlabs/status/2079576159164203113
2026-07-21,tweetfeed,URL,http://monntgro.com,n/a,https://x.com/Kb4Threatlabs/status/2079576159164203113
2026-07-21,tweetfeed,URL,http://cindymagee.net,n/a,https://x.com/Kb4Threatlabs/status/2079576159164203113
2026-07-21,tweetfeed,URL,http://amzn-redirecturl-dc73bfyf29-campaign.sharepoint.com,n/a,https://x.com/Kb4Threatlabs/status/2079576159164203113
2026-07-21,tweetfeed,URL,http://itunes321.rovitan.vu/030b343f85c2,n/a,https://x.com/Kb4Threatlabs/status/2079576159164203113
2026-07-21,tweetfeed,URL,http://servicesmallplanetdigitalsystems.gdipbrinfotech.vu,n/a,https://x.com/Kb4Threatlabs/status/2079576159164203113
2026-07-21,tweetfeed,URL,http://pittni.com,n/a,https://x.com/Kb4Threatlabs/status/2079576159164203113
2026-07-21,tweetfeed,URL,http://eon.myteammyway.net,phishing,https://x.com/skocherhan/status/2079589391182303376
2026-07-21,tweetfeed,URL,http://electracomproject.com,phishing,https://x.com/skocherhan/status/2079589391182303376
2026-07-21,tweetfeed,URL,http://nutrsipoint.com,phishing,https://x.com/skocherhan/status/2079589391182303376
2026-07-21,tweetfeed,URL,http://chgroup-pt.com,phishing,https://x.com/skocherhan/status/2079589391182303376
2026-07-21,tweetfeed,URL,http://linealem.com,phishing,https://x.com/skocherhan/status/2079589391182303376
2026-07-21,tweetfeed,URL,http://doctorrentexcel.com,phishing,https://x.com/skocherhan/status/2079589391182303376
2026-07-21,tweetfeed,URL,http://one.grisafearchitecture.com,phishing,https://x.com/skocherhan/status/2079589391182303376
2026-07-21,tweetfeed,URL,http://waocreativacompany.com,phishing,https://x.com/skocherhan/status/2079589391182303376
2026-07-21,tweetfeed,URL,http://bhmgroup.top,phishing,https://x.com/skocherhan/status/2079589391182303376
2026-07-21,tweetfeed,URL,http://sicpac.com,phishing,https://x.com/skocherhan/status/2079589391182303376
2026-07-21,tweetfeed,URL,http://cds-gruop.com,phishing,https://x.com/skocherhan/status/2079589391182303376
2026-07-21,tweetfeed,URL,http://pabmos.com,phishing,https://x.com/skocherhan/status/2079589391182303376
2026-07-21,tweetfeed,URL,http://kodify-io.com,phishing,https://x.com/skocherhan/status/2079589391182303376
2026-07-21,tweetfeed,URL,http://ftm-gid.net,phishing,https://x.com/skocherhan/status/2079589391182303376
2026-07-21,tweetfeed,URL,http://bayramestrich.site,phishing,https://x.com/skocherhan/status/2079589391182303376
2026-07-21,tweetfeed,URL,http://cosuno-marktplatz.online,phishing,https://x.com/skocherhan/status/2079589391182303376
2026-07-21,tweetfeed,URL,http://bayramestrich-berlin.site,phishing,https://x.com/skocherhan/status/2079589391182303376
2026-07-21,tweetfeed,URL,http://sunstatecompanie.shop,phishing,https://x.com/skocherhan/status/2079589391182303376
2026-07-21,tweetfeed,URL,http://eliingtongroup.com,phishing,https://x.com/skocherhan/status/2079589391182303376
2026-07-21,tweetfeed,URL,http://heller-gebaeudetechnik.site,phishing,https://x.com/skocherhan/status/2079589391182303376
2026-07-21,tweetfeed,URL,http://henselphel.top,phishing,https://x.com/skocherhan/status/2079589391182303376
2026-07-21,tweetfeed,URL,http://1caec4734b93f6afd9d2c90adbe48d8dc36b52dd.alwoodleybuildinganddevelopments.co.uk,phishing,https://x.com/skocherhan/status/2079589391182303376
2026-07-21,tweetfeed,URL,http://b311d5dd4ef08523c67110252f032bd635d71123.alwoodleybuildinganddevelopments.co.uk,phishing,https://x.com/skocherhan/status/2079589391182303376
2026-07-21,tweetfeed,URL,http://5646e143790fcd3087a7bbff89eee6d48c2d4ab7.alwoodleybuildinganddevelopments.co.uk,phishing,https://x.com/skocherhan/status/2079589391182303376
2026-07-21,tweetfeed,URL,http://nj400.info,n/a,https://x.com/skocherhan/status/2079590696932024660
2026-07-21,tweetfeed,URL,http://iltecnico.info,n/a,https://x.com/skocherhan/status/2079590696932024660
2026-07-21,tweetfeed,URL,http://newyeezyboost750sneaker.info,n/a,https://x.com/skocherhan/status/2079590696932024660
2026-07-21,tweetfeed,URL,http://proposeddocumentation-ff1ac0b241b3390cd595464ca.espiro.info,n/a,https://x.com/skocherhan/status/2079590696932024660
2026-07-21,tweetfeed,URL,http://chinaboltingcloth.com,n/a,https://x.com/skocherhan/status/2079590696932024660
2026-07-21,tweetfeed,URL,http://gessnapfde.de,n/a,https://x.com/skocherhan/status/2079590696932024660
2026-07-21,tweetfeed,URL,http://contenidoc.de,n/a,https://x.com/skocherhan/status/2079590696932024660
2026-07-21,tweetfeed,URL,http://bourrel-enregies.fr,n/a,https://x.com/skocherhan/status/2079590696932024660
2026-07-21,tweetfeed,URL,http://weiterbildenonline.de,n/a,https://x.com/skocherhan/status/2079590696932024660
2026-07-21,tweetfeed,URL,http://sonnenbrillenspot.de,n/a,https://x.com/skocherhan/status/2079590696932024660
2026-07-21,tweetfeed,URL,http://gruopeaim.fr,n/a,https://x.com/skocherhan/status/2079590696932024660
2026-07-21,tweetfeed,URL,http://k-team.cloud,n/a,https://x.com/skocherhan/status/2079590696932024660
2026-07-21,tweetfeed,URL,http://fibretecnic.es,n/a,https://x.com/skocherhan/status/2079590696932024660
2026-07-21,tweetfeed,URL,http://phsyan.fr,n/a,https://x.com/skocherhan/status/2079590696932024660
2026-07-21,tweetfeed,URL,http://amb-at.com,n/a,https://x.com/skocherhan/status/2079590696932024660
2026-07-21,tweetfeed,URL,http://pusealant.com,n/a,https://x.com/skocherhan/status/2079590696932024660
2026-07-21,tweetfeed,URL,http://espiro.info,n/a,https://x.com/skocherhan/status/2079590696932024660
2026-07-21,tweetfeed,URL,http://buenne.de,n/a,https://x.com/skocherhan/status/2079590696932024660
2026-07-21,tweetfeed,URL,http://rundwasser.de,n/a,https://x.com/skocherhan/status/2079590696932024660
2026-07-21,tweetfeed,URL,http://uiopworld.de,n/a,https://x.com/skocherhan/status/2079590696932024660
2026-07-21,tweetfeed,URL,http://enerdizerandtron.de,n/a,https://x.com/skocherhan/status/2079590696932024660
2026-07-21,tweetfeed,URL,http://aelyva.com,n/a,https://x.com/skocherhan/status/2079590696932024660
2026-07-21,tweetfeed,URL,http://mediseirv.com,n/a,https://x.com/skocherhan/status/2079590696932024660
2026-07-21,tweetfeed,URL,http://carlightingking.com,n/a,https://x.com/skocherhan/status/2079590696932024660
2026-07-21,tweetfeed,URL,http://644group.com,n/a,https://x.com/skocherhan/status/2079590696932024660
2026-07-21,tweetfeed,URL,http://cnaubria.com,n/a,https://x.com/skocherhan/status/2079590696932024660
2026-07-21,tweetfeed,URL,http://consmp.com,n/a,https://x.com/skocherhan/status/2079590696932024660
2026-07-21,tweetfeed,URL,http://alexgalho.com.br,n/a,https://x.com/skocherhan/status/2079590696932024660
2026-07-21,tweetfeed,URL,http://denisepaledzki.de,n/a,https://x.com/skocherhan/status/2079590696932024660
2026-07-21,tweetfeed,URL,http://schloss-castel.de,n/a,https://x.com/skocherhan/status/2079590696932024660
2026-07-21,tweetfeed,URL,http://doviprod.com,n/a,https://x.com/skocherhan/status/2079590696932024660
2026-07-21,tweetfeed,URL,http://laimane.com,n/a,https://x.com/skocherhan/status/2079590696932024660
2026-07-21,tweetfeed,URL,http://fruedenberg-filter.com,n/a,https://x.com/skocherhan/status/2079590696932024660
2026-07-21,tweetfeed,URL,http://nord-kran.fit,n/a,https://x.com/skocherhan/status/2079590696932024660
2026-07-21,tweetfeed,URL,http://mathentertianment.com,n/a,https://x.com/skocherhan/status/2079590696932024660
2026-07-21,tweetfeed,URL,http://mjmmansonry.com,n/a,https://x.com/skocherhan/status/2079590696932024660
2026-07-21,tweetfeed,URL,http://1nc.fr,n/a,https://x.com/skocherhan/status/2079590696932024660
2026-07-21,tweetfeed,URL,http://caltpartner.net,n/a,https://x.com/skocherhan/status/2079590696932024660
2026-07-21,tweetfeed,URL,http://narrenschlag.de,n/a,https://x.com/skocherhan/status/2079590696932024660
2026-07-21,tweetfeed,URL,http://archipel-amenaegment.fr,n/a,https://x.com/skocherhan/status/2079590696932024660
2026-07-21,tweetfeed,URL,http://balcean.net,n/a,https://x.com/skocherhan/status/2079590696932024660
2026-07-21,tweetfeed,URL,http://caras-br.com,n/a,https://x.com/skocherhan/status/2079590696932024660
2026-07-21,tweetfeed,URL,http://onee-ma.com,n/a,https://x.com/skocherhan/status/2079590696932024660
2026-07-21,tweetfeed,URL,http://gdwaruu.xyz,n/a,https://x.com/skocherhan/status/2079590696932024660
2026-07-21,tweetfeed,URL,http://karnevalkleider.de,n/a,https://x.com/skocherhan/status/2079590696932024660
2026-07-21,tweetfeed,URL,http://jumpast.es,n/a,https://x.com/skocherhan/status/2079590696932024660
2026-07-21,tweetfeed,URL,http://caarsmision.ink,n/a,https://x.com/skocherhan/status/2079590696932024660
2026-07-21,tweetfeed,URL,http://pfoten-nahrung.de,n/a,https://x.com/skocherhan/status/2079590696932024660
2026-07-21,tweetfeed,URL,http://miucca.de,n/a,https://x.com/skocherhan/status/2079590696932024660
2026-07-21,tweetfeed,URL,http://hydarton.de,n/a,https://x.com/skocherhan/status/2079590696932024660
2026-07-21,tweetfeed,URL,http://telegas.ink,n/a,https://x.com/skocherhan/status/2079590696932024660
2026-07-21,tweetfeed,URL,http://testing219-dprfjohpghme.edgeone.app,n/a,https://x.com/skocherhan/status/2079590696932024660
2026-07-21,tweetfeed,URL,http://germodis.rest,n/a,https://x.com/skocherhan/status/2079590696932024660
2026-07-21,tweetfeed,URL,http://tuentrada.online,n/a,https://x.com/skocherhan/status/2079590696932024660
2026-07-21,tweetfeed,URL,http://teknowool.art,n/a,https://x.com/skocherhan/status/2079590696932024660
2026-07-21,tweetfeed,URL,http://attachment-0ffice-365-auths.netlify.app,n/a,https://x.com/skocherhan/status/2079590696932024660
2026-07-21,tweetfeed,URL,http://unabrilha.online,n/a,https://x.com/skocherhan/status/2079590696932024660
2026-07-21,tweetfeed,URL,http://premiata.rest,n/a,https://x.com/skocherhan/status/2079590696932024660
2026-07-21,tweetfeed,URL,http://biggeststunts.eu,n/a,https://x.com/skocherhan/status/2079590696932024660
2026-07-21,tweetfeed,URL,http://ksandaeniyan.rest,n/a,https://x.com/skocherhan/status/2079590696932024660
2026-07-21,tweetfeed,URL,http://chemix.biz,n/a,https://x.com/skocherhan/status/2079590696932024660
2026-07-21,tweetfeed,URL,http://teateribsen.xyz,n/a,https://x.com/skocherhan/status/2079590696932024660
2026-07-21,tweetfeed,URL,http://asiagofood.eu,n/a,https://x.com/skocherhan/status/2079590696932024660
2026-07-21,tweetfeed,URL,http://pasteorsdn.click,n/a,https://x.com/skocherhan/status/2079590696932024660
2026-07-21,tweetfeed,URL,http://eliasarqiutectos.es,n/a,https://x.com/skocherhan/status/2079590696932024660
2026-07-21,tweetfeed,URL,http://nordnesbetong.xyz,n/a,https://x.com/skocherhan/status/2079590696932024660
2026-07-21,tweetfeed,URL,http://blkwugh.de,n/a,https://x.com/skocherhan/status/2079590696932024660
2026-07-21,tweetfeed,URL,http://whitmore.rest,n/a,https://x.com/skocherhan/status/2079590696932024660
2026-07-21,tweetfeed,URL,http://vestmargruppen.xyz,n/a,https://x.com/skocherhan/status/2079590696932024660
2026-07-21,tweetfeed,URL,http://zupar.online,n/a,https://x.com/skocherhan/status/2079590696932024660
2026-07-21,tweetfeed,URL,http://odlersadyas.click,n/a,https://x.com/skocherhan/status/2079590696932024660
2026-07-21,tweetfeed,URL,http://paxin.online,n/a,https://x.com/skocherhan/status/2079590696932024660
2026-07-21,tweetfeed,URL,http://navabi.online,n/a,https://x.com/skocherhan/status/2079590696932024660
2026-07-21,tweetfeed,URL,http://schtrekh.de,n/a,https://x.com/skocherhan/status/2079590696932024660
2026-07-21,tweetfeed,URL,http://mietinen.xyz,n/a,https://x.com/skocherhan/status/2079590696932024660
2026-07-21,tweetfeed,URL,http://varrofire.net,n/a,https://x.com/skocherhan/status/2079590696932024660
2026-07-21,tweetfeed,URL,http://luxdrop.online,n/a,https://x.com/skocherhan/status/2079590696932024660
2026-07-21,tweetfeed,URL,http://holigathyx.de,n/a,https://x.com/skocherhan/status/2079590696932024660
2026-07-21,tweetfeed,URL,http://kreida.de,n/a,https://x.com/skocherhan/status/2079590696932024660
2026-07-21,tweetfeed,URL,http://spacers.online,n/a,https://x.com/skocherhan/status/2079590696932024660
2026-07-21,tweetfeed,URL,http://thoriehinds.online,n/a,https://x.com/skocherhan/status/2079590696932024660
2026-07-21,tweetfeed,URL,http://annaehen.de,n/a,https://x.com/skocherhan/status/2079590696932024660
2026-07-21,tweetfeed,URL,http://vcssoul.online,n/a,https://x.com/skocherhan/status/2079590696932024660
2026-07-21,tweetfeed,URL,http://corlogo.com,n/a,https://x.com/skocherhan/status/2079590696932024660
2026-07-21,tweetfeed,URL,http://hemlock-sauna.de,n/a,https://x.com/skocherhan/status/2079590696932024660
2026-07-21,tweetfeed,URL,http://kern-bua-malhberg.de,n/a,https://x.com/skocherhan/status/2079590696932024660
2026-07-21,tweetfeed,URL,http://bizg.lucya-assur.com,n/a,https://x.com/skocherhan/status/2079590696932024660
2026-07-21,tweetfeed,URL,http://codexperts.online,n/a,https://x.com/skocherhan/status/2079590696932024660
2026-07-21,tweetfeed,URL,http://ctwelo.de,n/a,https://x.com/skocherhan/status/2079590696932024660
2026-07-21,tweetfeed,URL,http://razen.online,n/a,https://x.com/skocherhan/status/2079590696932024660
2026-07-21,tweetfeed,URL,http://gigasmall.de,n/a,https://x.com/skocherhan/status/2079590696932024660
2026-07-21,tweetfeed,URL,http://vestmar-regnskap.xyz,n/a,https://x.com/skocherhan/status/2079590696932024660
2026-07-21,tweetfeed,URL,http://theoceanac.online,n/a,https://x.com/skocherhan/status/2079590696932024660
2026-07-21,tweetfeed,URL,http://nordkappbilservice.xyz,n/a,https://x.com/skocherhan/status/2079590696932024660
2026-07-21,tweetfeed,URL,http://ezquantum.online,n/a,https://x.com/skocherhan/status/2079590696932024660
2026-07-21,tweetfeed,URL,http://mcanique.de,n/a,https://x.com/skocherhan/status/2079590696932024660
2026-07-21,tweetfeed,URL,http://newspecialtieslm.pro,n/a,https://x.com/skocherhan/status/2079590696932024660
2026-07-21,tweetfeed,URL,http://gipfelsee.de,n/a,https://x.com/skocherhan/status/2079590696932024660
2026-07-21,tweetfeed,URL,http://canellasproteccio.de,n/a,https://x.com/skocherhan/status/2079590696932024660
2026-07-21,tweetfeed,URL,http://finquesrodes.de,n/a,https://x.com/skocherhan/status/2079590696932024660
2026-07-21,tweetfeed,URL,http://perientiaea.xyz,n/a,https://x.com/skocherhan/status/2079590696932024660
2026-07-21,tweetfeed,URL,http://uoq24.de,n/a,https://x.com/skocherhan/status/2079590696932024660
2026-07-21,tweetfeed,URL,http://pokergram.de,n/a,https://x.com/skocherhan/status/2079590696932024660
2026-07-21,tweetfeed,URL,http://portalwale.online,n/a,https://x.com/skocherhan/status/2079590696932024660
2026-07-21,tweetfeed,URL,http://resstrgt.cloud,n/a,https://x.com/skocherhan/status/2079590696932024660
2026-07-21,tweetfeed,URL,http://quallepi.cloud,n/a,https://x.com/skocherhan/status/2079590696932024660
2026-07-21,tweetfeed,URL,http://nexoriax.online,n/a,https://x.com/skocherhan/status/2079590696932024660
2026-07-21,tweetfeed,URL,http://fongoes.de,n/a,https://x.com/skocherhan/status/2079590696932024660
2026-07-21,tweetfeed,URL,http://semaphroes.fr,n/a,https://x.com/skocherhan/status/2079590696932024660
2026-07-21,tweetfeed,URL,http://rydsglas.xyz,n/a,https://x.com/skocherhan/status/2079590696932024660
2026-07-21,tweetfeed,URL,http://eguirre.com,n/a,https://x.com/skocherhan/status/2079590696932024660
2026-07-21,tweetfeed,URL,http://scoscftwdonline.help,n/a,https://x.com/skocherhan/status/2079590696932024660
2026-07-21,tweetfeed,URL,http://sesternskyconstruction.online,n/a,https://x.com/skocherhan/status/2079590696932024660
2026-07-21,tweetfeed,URL,http://limesables.de,n/a,https://x.com/skocherhan/status/2079590696932024660
2026-07-21,tweetfeed,URL,http://reinarded.com,n/a,https://x.com/skocherhan/status/2079590696932024660
2026-07-21,tweetfeed,URL,http://srbueno.com,n/a,https://x.com/skocherhan/status/2079590696932024660
2026-07-21,tweetfeed,URL,http://parallelva.online,n/a,https://x.com/skocherhan/status/2079590696932024660
2026-07-21,tweetfeed,URL,http://skereklam.xyz,n/a,https://x.com/skocherhan/status/2079590696932024660
2026-07-21,tweetfeed,URL,http://autopartner.fit,n/a,https://x.com/skocherhan/status/2079590696932024660
2026-07-21,tweetfeed,URL,http://apcersl.com,n/a,https://x.com/skocherhan/status/2079590696932024660
2026-07-21,tweetfeed,URL,http://luxusimmobilien.store,n/a,https://x.com/skocherhan/status/2079590696932024660
2026-07-21,tweetfeed,URL,http://nieuweroord.online,n/a,https://x.com/skocherhan/status/2079590696932024660
2026-07-21,tweetfeed,URL,http://skereklam.fit,n/a,https://x.com/skocherhan/status/2079590696932024660
2026-07-21,tweetfeed,URL,http://hecral.es,n/a,https://x.com/skocherhan/status/2079590696932024660
2026-07-21,tweetfeed,URL,http://ibertecnica.es,n/a,https://x.com/skocherhan/status/2079590696932024660
2026-07-21,tweetfeed,URL,http://dinacewe.de,n/a,https://x.com/skocherhan/status/2079590696932024660
2026-07-21,tweetfeed,URL,http://sabisabd.com,n/a,https://x.com/skocherhan/status/2079590696932024660
2026-07-21,tweetfeed,URL,http://frielsandcampina.com,n/a,https://x.com/skocherhan/status/2079590696932024660
2026-07-21,tweetfeed,URL,http://vardag.fit,n/a,https://x.com/skocherhan/status/2079590696932024660
2026-07-21,tweetfeed,URL,http://llym.es,n/a,https://x.com/skocherhan/status/2079590696932024660
2026-07-21,tweetfeed,URL,http://abtei.online,n/a,https://x.com/skocherhan/status/2079590696932024660
2026-07-21,tweetfeed,URL,http://planuml.online,n/a,https://x.com/skocherhan/status/2079590696932024660
2026-07-21,tweetfeed,URL,http://domsedte.space,n/a,https://x.com/skocherhan/status/2079590696932024660
2026-07-21,tweetfeed,URL,http://projectorion.online,n/a,https://x.com/skocherhan/status/2079590696932024660
2026-07-21,tweetfeed,URL,http://groupaz.online,n/a,https://x.com/skocherhan/status/2079590696932024660
2026-07-21,tweetfeed,URL,http://latiendatotaal.online,n/a,https://x.com/skocherhan/status/2079590696932024660
2026-07-21,tweetfeed,URL,http://vejt.ink,n/a,https://x.com/skocherhan/status/2079590696932024660
2026-07-21,tweetfeed,URL,http://raschkauf.de,n/a,https://x.com/skocherhan/status/2079590696932024660
2026-07-21,tweetfeed,URL,http://linkopings-plattsattning.ink,n/a,https://x.com/skocherhan/status/2079590696932024660
2026-07-21,tweetfeed,URL,http://todocuacho.es,n/a,https://x.com/skocherhan/status/2079590696932024660
2026-07-21,tweetfeed,URL,http://composcrsft.space,n/a,https://x.com/skocherhan/status/2079590696932024660
2026-07-21,tweetfeed,URL,http://tpsgroussard.de,n/a,https://x.com/skocherhan/status/2079590696932024660
2026-07-21,tweetfeed,URL,http://tribr.online,n/a,https://x.com/skocherhan/status/2079590696932024660
2026-07-21,tweetfeed,URL,http://grup-irc.es,n/a,https://x.com/skocherhan/status/2079590696932024660
2026-07-21,tweetfeed,URL,http://granum-salis.de,n/a,https://x.com/skocherhan/status/2079590696932024660
2026-07-21,tweetfeed,URL,http://bacnati.com,n/a,https://x.com/skocherhan/status/2079590696932024660
2026-07-21,tweetfeed,URL,http://iberdaye.de,n/a,https://x.com/skocherhan/status/2079590696932024660
2026-07-21,tweetfeed,URL,http://composmcrsftc.site,n/a,https://x.com/skocherhan/status/2079590696932024660
2026-07-21,tweetfeed,URL,http://proffsen.biz,n/a,https://x.com/skocherhan/status/2079590696932024660
2026-07-21,tweetfeed,URL,http://alacfonta.es,n/a,https://x.com/skocherhan/status/2079590696932024660
2026-07-21,tweetfeed,URL,http://aelavsa.es,n/a,https://x.com/skocherhan/status/2079590696932024660
2026-07-21,tweetfeed,URL,http://prolinor.de,n/a,https://x.com/skocherhan/status/2079590696932024660
2026-07-21,tweetfeed,URL,http://voss-salestraining.de,n/a,https://x.com/skocherhan/status/2079590696932024660
2026-07-21,tweetfeed,URL,http://mrcnsrl.help,n/a,https://x.com/skocherhan/status/2079590696932024660
2026-07-21,tweetfeed,URL,http://spasier.de,n/a,https://x.com/skocherhan/status/2079590696932024660
2026-07-21,tweetfeed,URL,http://stadt-fahrrad.de,n/a,https://x.com/skocherhan/status/2079590696932024660
2026-07-21,tweetfeed,URL,http://hatchkollektiv.de,n/a,https://x.com/skocherhan/status/2079590696932024660
2026-07-21,tweetfeed,URL,http://ihkwiz.de,n/a,https://x.com/skocherhan/status/2079590696932024660
2026-07-21,tweetfeed,URL,http://mcrnetspa.me,n/a,https://x.com/skocherhan/status/2079590696932024660
2026-07-21,tweetfeed,URL,http://angeljens.de,n/a,https://x.com/skocherhan/status/2079590696932024660
2026-07-21,tweetfeed,URL,http://jema.world,n/a,https://x.com/skocherhan/status/2079590696932024660
2026-07-21,tweetfeed,URL,http://heikeskoestlichkeiten.de,n/a,https://x.com/skocherhan/status/2079590696932024660
2026-07-21,tweetfeed,URL,http://artersde.de,n/a,https://x.com/skocherhan/status/2079590696932024660
2026-07-21,tweetfeed,URL,http://metailcasagn.es,n/a,https://x.com/skocherhan/status/2079590696932024660
2026-07-21,tweetfeed,URL,http://bechesrds.de,n/a,https://x.com/skocherhan/status/2079590696932024660
2026-07-21,tweetfeed,URL,http://raibagw.de,n/a,https://x.com/skocherhan/status/2079590696932024660
2026-07-21,tweetfeed,URL,http://musikgarten-wessling.de,n/a,https://x.com/skocherhan/status/2079590696932024660
2026-07-21,tweetfeed,URL,http://youtuniverse.de,n/a,https://x.com/skocherhan/status/2079590696932024660
2026-07-21,tweetfeed,URL,http://haizelur.de,n/a,https://x.com/skocherhan/status/2079590696932024660
2026-07-21,tweetfeed,URL,http://dacysir.de,n/a,https://x.com/skocherhan/status/2079590696932024660
2026-07-21,tweetfeed,URL,http://salcoo.de,n/a,https://x.com/skocherhan/status/2079590696932024660
2026-07-21,tweetfeed,URL,http://garsianor.de,n/a,https://x.com/skocherhan/status/2079590696932024660
2026-07-21,tweetfeed,URL,http://hhmaler.ink,n/a,https://x.com/skocherhan/status/2079590696932024660
2026-07-21,tweetfeed,URL,http://servasco.de,n/a,https://x.com/skocherhan/status/2079590696932024660
2026-07-21,tweetfeed,URL,http://adferr.de,n/a,https://x.com/skocherhan/status/2079590696932024660
2026-07-21,tweetfeed,URL,http://derkleineengelladen.de,n/a,https://x.com/skocherhan/status/2079590696932024660
2026-07-21,tweetfeed,URL,http://web2zoom.com,n/a,https://x.com/skocherhan/status/2079590696932024660
2026-07-21,tweetfeed,URL,http://sf-profiliertechnik.de,n/a,https://x.com/skocherhan/status/2079590696932024660
2026-07-21,tweetfeed,URL,http://casa-calahonda.de,n/a,https://x.com/skocherhan/status/2079590696932024660
2026-07-21,tweetfeed,URL,http://ungvanster.cloud,n/a,https://x.com/skocherhan/status/2079590696932024660
2026-07-21,tweetfeed,URL,http://ferienhausmitkindern.de,n/a,https://x.com/skocherhan/status/2079590696932024660
2026-07-21,tweetfeed,URL,http://procaver.de,n/a,https://x.com/skocherhan/status/2079590696932024660
2026-07-21,tweetfeed,URL,http://berliner-buzz.de,n/a,https://x.com/skocherhan/status/2079590696932024660
2026-07-21,tweetfeed,URL,http://hhghilfarth.de,n/a,https://x.com/skocherhan/status/2079590696932024660
2026-07-21,tweetfeed,URL,http://zumkleben.de,n/a,https://x.com/skocherhan/status/2079590696932024660
2026-07-21,tweetfeed,URL,http://markushepp.de,n/a,https://x.com/skocherhan/status/2079590696932024660
2026-07-21,tweetfeed,URL,http://gevernova.cc,n/a,https://x.com/skocherhan/status/2079590696932024660
2026-07-21,tweetfeed,URL,http://platinumkreditkarte.de,n/a,https://x.com/skocherhan/status/2079590696932024660
2026-07-21,tweetfeed,URL,http://freunde-polens.de,n/a,https://x.com/skocherhan/status/2079590696932024660
2026-07-21,tweetfeed,URL,http://chocobrand.de,n/a,https://x.com/skocherhan/status/2079590696932024660
2026-07-21,tweetfeed,URL,http://dev.gotdns.ch,n/a,https://x.com/skocherhan/status/2079590696932024660
2026-07-21,tweetfeed,URL,http://luxus-dachwohnung.de,n/a,https://x.com/skocherhan/status/2079590696932024660
2026-07-21,tweetfeed,URL,http://bab-exoflow.de,n/a,https://x.com/skocherhan/status/2079590696932024660
2026-07-21,tweetfeed,URL,http://railsider.de,n/a,https://x.com/skocherhan/status/2079590696932024660
2026-07-21,tweetfeed,URL,http://al-rashdgroup.com,n/a,https://x.com/skocherhan/status/2079590696932024660
2026-07-21,tweetfeed,URL,http://hochzeitsstadt-kiel.de,n/a,https://x.com/skocherhan/status/2079590696932024660
2026-07-21,tweetfeed,URL,http://wiendeshope.de,n/a,https://x.com/skocherhan/status/2079590696932024660
2026-07-21,tweetfeed,URL,http://sauchier-boullet.com,n/a,https://x.com/skocherhan/status/2079590696932024660
2026-07-21,tweetfeed,URL,http://eservices-flenker.de,n/a,https://x.com/skocherhan/status/2079590696932024660
2026-07-21,tweetfeed,URL,http://vertriebssuite.de,n/a,https://x.com/skocherhan/status/2079590696932024660
2026-07-21,tweetfeed,URL,http://vivancoshop.de,n/a,https://x.com/skocherhan/status/2079590696932024660
2026-07-21,tweetfeed,URL,http://ixoe.re,n/a,https://x.com/skocherhan/status/2079590696932024660
2026-07-21,tweetfeed,URL,http://reactioncrowd.de,n/a,https://x.com/skocherhan/status/2079590696932024660
2026-07-21,tweetfeed,URL,http://log-servlces.fr,n/a,https://x.com/skocherhan/status/2079590696932024660
2026-07-21,tweetfeed,URL,http://callehermosilla.com,n/a,https://x.com/skocherhan/status/2079590696932024660
2026-07-21,tweetfeed,URL,http://nitirakilka.es,n/a,https://x.com/skocherhan/status/2079590696932024660
2026-07-21,tweetfeed,URL,http://ligtmwol.de,n/a,https://x.com/skocherhan/status/2079590696932024660
2026-07-21,tweetfeed,URL,http://hhglows.cloud,n/a,https://x.com/skocherhan/status/2079590696932024660
2026-07-21,tweetfeed,URL,http://kapolfmb.com,n/a,https://x.com/skocherhan/status/2079590696932024660
2026-07-21,tweetfeed,URL,http://bjrocket.pro,n/a,https://x.com/skocherhan/status/2079590696932024660
2026-07-21,tweetfeed,URL,http://highskywaves.live,n/a,https://x.com/skocherhan/status/2079590696932024660
2026-07-21,tweetfeed,URL,http://servitria.de,n/a,https://x.com/skocherhan/status/2079590696932024660
2026-07-21,tweetfeed,URL,http://grupolfpe.com,n/a,https://x.com/skocherhan/status/2079590696932024660
2026-07-21,tweetfeed,URL,http://vmconstrucciones.de,n/a,https://x.com/skocherhan/status/2079590696932024660
2026-07-21,tweetfeed,URL,http://sorenenergiaa.de,n/a,https://x.com/skocherhan/status/2079590696932024660
2026-07-21,tweetfeed,URL,http://arenaylaurisilva.de,n/a,https://x.com/skocherhan/status/2079590696932024660
2026-07-21,tweetfeed,URL,http://sarralle.de,n/a,https://x.com/skocherhan/status/2079590696932024660
2026-07-21,tweetfeed,URL,http://caladair.online,n/a,https://x.com/skocherhan/status/2079590696932024660
2026-07-21,tweetfeed,URL,http://alkivent.de,n/a,https://x.com/skocherhan/status/2079590696932024660
2026-07-21,tweetfeed,URL,http://imperialnims.cloud,n/a,https://x.com/skocherhan/status/2079590696932024660
2026-07-21,tweetfeed,URL,http://hotel-caller.com,n/a,https://x.com/skocherhan/status/2079590696932024660
2026-07-21,tweetfeed,URL,http://groupeprotectionsecurit.com,n/a,https://x.com/skocherhan/status/2079590696932024660
2026-07-21,tweetfeed,URL,http://softoniconline.help,n/a,https://x.com/skocherhan/status/2079590696932024660
2026-07-21,tweetfeed,URL,http://ekorrit.site,n/a,https://x.com/skocherhan/status/2079590696932024660
2026-07-21,tweetfeed,URL,https://lumanotch.cc/app/Lumanotch.dmg,n/a,https://x.com/L0Psec/status/2079591999158583706
2026-07-21,tweetfeed,URL,http://87.251.64.113,phishing,https://x.com/skocherhan/status/2079595040913944659
2026-07-21,tweetfeed,URL,http://89.34.90.99:56001,n/a,https://x.com/netresec/status/2079673044516155664
2026-07-21,tweetfeed,URL,http://volkswagenfinancial.com,"phishing, scam",https://x.com/skocherhan/status/2079685716469010633
2026-07-21,tweetfeed,URL,https://images.google.com.bd/?gws_rd=ssl,phishing,https://x.com/PhishStats/status/2079687755446034511
2026-07-21,tweetfeed,URL,http://unionpayintibl.com,"phishing, scam",https://x.com/skocherhan/status/2079689333569691788
2026-07-21,tweetfeed,URL,http://webversie-verkeer.com,"phishing, scam",https://x.com/skocherhan/status/2079690802452652343
2026-07-21,tweetfeed,URL,http://layer3block.com,"phishing, scam",https://x.com/skocherhan/status/2079690802452652343
2026-07-21,tweetfeed,URL,http://anwbcheck-uwvalidatie.com,"phishing, scam",https://x.com/skocherhan/status/2079690802452652343
2026-07-21,tweetfeed,URL,http://ai-b-update-today.com,"phishing, scam",https://x.com/skocherhan/status/2079690802452652343
2026-07-21,tweetfeed,URL,http://ai-b-updatetoday.com,"phishing, scam",https://x.com/skocherhan/status/2079690802452652343
2026-07-21,tweetfeed,URL,http://teamwork-recover-password.com,"phishing, scam",https://x.com/skocherhan/status/2079692769321275511
2026-07-21,tweetfeed,URL,http://confirm-your-order.com,"phishing, scam",https://x.com/skocherhan/status/2079692769321275511
2026-07-21,tweetfeed,URL,http://whatsappbusineses.com,"phishing, scam",https://x.com/skocherhan/status/2079692769321275511
2026-07-21,tweetfeed,URL,http://account-sams-club.com,"phishing, scam",https://x.com/skocherhan/status/2079692769321275511
2026-07-21,tweetfeed,URL,http://namshi-uae.com,"phishing, scam",https://x.com/skocherhan/status/2079692769321275511
2026-07-21,tweetfeed,URL,http://sephoras.org,"phishing, scam",https://x.com/skocherhan/status/2079692769321275511
2026-07-21,tweetfeed,URL,http://ibraq-perfumes.com,"phishing, scam",https://x.com/skocherhan/status/2079692769321275511
2026-07-21,tweetfeed,URL,http://stage3.wpengine-bestbidestimating.com,"phishing, scam",https://x.com/skocherhan/status/2079692769321275511
2026-07-21,tweetfeed,URL,http://stage3.wpengine-tennisintheparks.com,"phishing, scam",https://x.com/skocherhan/status/2079692769321275511
2026-07-21,tweetfeed,URL,http://stage3.wpengine-tagtogs.com,"phishing, scam",https://x.com/skocherhan/status/2079692769321275511
2026-07-21,tweetfeed,URL,http://stage3.wpengine-flowpressousa.com,"phishing, scam",https://x.com/skocherhan/status/2079692769321275511
2026-07-21,tweetfeed,URL,http://stage3.wpengine-myfloraland.com,"phishing, scam",https://x.com/skocherhan/status/2079692769321275511
2026-07-21,tweetfeed,URL,http://stage3.wpengine-universalimaginginc.com,"phishing, scam",https://x.com/skocherhan/status/2079692769321275511
2026-07-21,tweetfeed,URL,http://103.101.85.123,"phishing, scam",https://x.com/skocherhan/status/2079692769321275511
2026-07-21,tweetfeed,URL,http://posteitaliane-b2.servebeer.com,phishing,https://x.com/skocherhan/status/2079697817623224704
2026-07-21,tweetfeed,URL,http://posteitaliane-b1.ddns.net,phishing,https://x.com/skocherhan/status/2079697817623224704
2026-07-21,tweetfeed,URL,http://posteitaliane-a5.serveirc.com,phishing,https://x.com/skocherhan/status/2079697817623224704
2026-07-21,tweetfeed,URL,http://posteitaliane-a2.redirectme.net,phishing,https://x.com/skocherhan/status/2079697817623224704
2026-07-21,tweetfeed,URL,http://rt5467tgu.serveftp.com,phishing,https://x.com/skocherhan/status/2079697817623224704
2026-07-21,tweetfeed,URL,http://nexiftyz7eg68d7hu.webhop.me,phishing,https://x.com/skocherhan/status/2079697817623224704
2026-07-21,tweetfeed,URL,http://assistenza-spa.com,phishing,https://x.com/skocherhan/status/2079697817623224704
2026-07-21,tweetfeed,URL,http://in-attesa-della-conferma-di-nexi.assistenza-spa.com,phishing,https://x.com/skocherhan/status/2079697817623224704
2026-07-21,tweetfeed,URL,http://78yughi.servemp3.com,phishing,https://x.com/skocherhan/status/2079697817623224704
2026-07-21,tweetfeed,URL,http://nexi-a2.onthewifi.com,phishing,https://x.com/skocherhan/status/2079697817623224704
2026-07-21,tweetfeed,URL,http://nexi-a1.hopto.org,phishing,https://x.com/skocherhan/status/2079697817623224704
2026-07-22,tweetfeed,URL,http://order.order-tropicalismoothecaffe.com,phishing,https://x.com/skocherhan/status/2079703799904543220
2026-07-22,tweetfeed,URL,http://order-tropicalismoothecaffe.com,phishing,https://x.com/skocherhan/status/2079703799904543220
2026-07-22,tweetfeed,URL,http://wabragarill.com,phishing,https://x.com/skocherhan/status/2079703799904543220
2026-07-22,tweetfeed,URL,http://order-tropicallsmoothecafe.com,phishing,https://x.com/skocherhan/status/2079703799904543220
2026-07-22,tweetfeed,URL,http://webragarilla.com,phishing,https://x.com/skocherhan/status/2079703799904543220
2026-07-22,tweetfeed,URL,http://order.tropicalsmotiecafe.com,phishing,https://x.com/skocherhan/status/2079703799904543220
2026-07-22,tweetfeed,URL,http://matomo.eznamsk.com,phishing,https://x.com/skocherhan/status/2079703799904543220
2026-07-22,tweetfeed,URL,http://iraniannews.online,phishing,https://x.com/skocherhan/status/2079703799904543220
2026-07-22,tweetfeed,URL,http://qonta-log.online,phishing,https://x.com/skocherhan/status/2079703799904543220
2026-07-22,tweetfeed,URL,http://iranxfin.online,phishing,https://x.com/skocherhan/status/2079703799904543220
2026-07-22,tweetfeed,URL,http://tropicsmotiecafe.com,phishing,https://x.com/skocherhan/status/2079703799904543220
2026-07-22,tweetfeed,URL,http://tropicalsmotiecafe.com,phishing,https://x.com/skocherhan/status/2079703799904543220
2026-07-22,tweetfeed,URL,http://eznamsk.com,phishing,https://x.com/skocherhan/status/2079703799904543220
2026-07-22,tweetfeed,URL,http://toccaball.com,phishing,https://x.com/skocherhan/status/2079703799904543220
2026-07-22,tweetfeed,URL,http://login.kleinzgine.online,phishing,https://x.com/skocherhan/status/2079703799904543220
2026-07-22,tweetfeed,URL,http://kleinzgine.online,phishing,https://x.com/skocherhan/status/2079703799904543220
2026-07-22,tweetfeed,URL,http://kratools.com,n/a,https://x.com/DarkWebInformer/status/2079707680684544482
2026-07-22,tweetfeed,URL,https://skjwoodstone.com/safety/update/,"malware, phishing",https://x.com/masaomi346/status/2079718236665643353
2026-07-22,tweetfeed,URL,https://tonghedianzi.com/safety/update/,"malware, phishing",https://x.com/masaomi346/status/2079718236665643353
2026-07-22,tweetfeed,URL,https://yijiatuliao.com/safety/update/,"malware, phishing",https://x.com/masaomi346/status/2079718236665643353
2026-07-22,tweetfeed,URL,https://zhuodashufa.com/safety/update/,"malware, phishing",https://x.com/masaomi346/status/2079718236665643353
2026-07-22,tweetfeed,URL,http://blpqr4ekqlo-wjnhf98plos-0c9d1a-lxp05w.pages.dev,ransomware,https://x.com/scanmalware/status/2079733376160841991
2026-07-22,tweetfeed,URL,http://42tb-074w-sdzp.callummacrae-federaltaxform-com-s-account.workers.dev,phishing,https://x.com/scanmalware/status/2079736241382203736
2026-07-22,tweetfeed,URL,http://panel-franchise99.com,n/a,https://x.com/skocherhan/status/2079780089969926427
2026-07-22,tweetfeed,URL,https://online-bankingdkb.com/online/login.php,phishing,https://x.com/PhishStats/status/2079812625483919761
2026-07-22,tweetfeed,URL,https://eznamsk.com/sk/,phishing,https://x.com/LDDSystems/status/2079821093892731351
2026-07-22,tweetfeed,URL,http://support.aws.com,phishing,https://x.com/LDDSystems/status/2079821093892731351
2026-07-22,tweetfeed,URL,http://0djedia.duckdns.org,"Android, malware",https://x.com/skocherhan/status/2079847226403131412
2026-07-22,tweetfeed,URL,http://3jqa0awh.duckdns.org,"Android, malware",https://x.com/skocherhan/status/2079847226403131412
2026-07-22,tweetfeed,URL,http://7jbockzc.duckdns.org,"Android, malware",https://x.com/skocherhan/status/2079847226403131412
2026-07-22,tweetfeed,URL,http://a.230528.top,"Android, malware",https://x.com/skocherhan/status/2079847226403131412
2026-07-22,tweetfeed,URL,http://a.ngnwenh.top,"Android, malware",https://x.com/skocherhan/status/2079847226403131412
2026-07-22,tweetfeed,URL,http://ghj44hs.github.io,"Android, malware",https://x.com/skocherhan/status/2079847226403131412
2026-07-22,tweetfeed,URL,http://ishlrk27.github.io,"Android, malware",https://x.com/skocherhan/status/2079847226403131412
2026-07-15,tweetfeed,DOMAIN,tirakian.com,n/a,https://x.com/tdatwja/status/2077321798656647648
2026-07-15,tweetfeed,DOMAIN,shareddocumentdrivehub.com,n/a,https://x.com/bomccss/status/2077339418806145242
2026-07-15,tweetfeed,DOMAIN,sharedocumentsystem.com,n/a,https://x.com/bomccss/status/2077340750459867306
2026-07-15,threatfox,HASH_MD5,0f3c2a17015bb0a23f6ea77eefaf2b2b,"win.valley_rat, md5_hash",n/a
2026-07-15,threatfox,HASH_MD5,d700d60ff5e0b83309c8fa0f6f962f71,"elf.kuiper, md5_hash",n/a
2026-07-15,threatfox,HASH_MD5,e12f2359c07a123a2d80ed1993358515,"win.phorpiex, md5_hash",n/a
2026-07-15,threatfox,HASH_MD5,1a642946760f29766d58bf97d7b003e2,"win.phorpiex, md5_hash",n/a
2026-07-15,threatfox,HASH_MD5,7fc5c85ef78d560ed838d206b9144356,"win.vidar, md5_hash",n/a
2026-07-15,threatfox,HASH_MD5,6f78795c971999fa0998ea71885020dc,"win.phorpiex, md5_hash",n/a
2026-07-15,threatfox,HASH_MD5,7756c713d2320a6efe616217e44b002c,"win.coinminer, md5_hash",n/a
2026-07-15,threatfox,HASH_MD5,482e5be9438d7a8c515448f7861f2e58,"win.phorpiex, md5_hash",n/a
2026-07-15,threatfox,HASH_MD5,369affa224fcf1f5107c7914c8d4d85e,"py.creal_stealer, md5_hash",n/a
2026-07-15,threatfox,HASH_MD5,527122586ca9de7a2c7b2f54035c4298,"elf.kuiper, md5_hash",n/a
2026-07-15,threatfox,HASH_MD5,08c3a66548259d0589ca348c905ad3ce,"win.ave_maria, md5_hash",n/a
2026-07-15,threatfox,HASH_MD5,c1a5bc0019c3f894bc908e0c0c0e3ff7,"win.phantom_stealer, md5_hash",n/a
2026-07-15,threatfox,HASH_MD5,d7891518770b94c0f91d303a1a6d96a4,"py.venus_stealer, md5_hash",n/a
2026-07-15,threatfox,HASH_MD5,90f6a430b6fa883472bfeca9fc46af3e,"py.venus_stealer, md5_hash",n/a
2026-07-15,threatfox,HASH_MD5,91ea5ad1a386bf675fc972b879f5638f,"apk.facestealer, md5_hash",n/a
2026-07-15,threatfox,HASH_MD5,9732ccef82d6d9a01043e3e3aca53463,"win.vidar, md5_hash",n/a
2026-07-15,threatfox,HASH_MD5,f6e79a492bf496a18af4c58dcfb11c98,"py.venus_stealer, md5_hash",n/a
2026-07-15,threatfox,HASH_MD5,73c52089f08fd3c78e5acc88971c6b83,"win.vidar, md5_hash",n/a
2026-07-15,tweetfeed,DOMAIN,duiu2.free-beverage.com,phishing,https://x.com/Malwarehunterr/status/2077313330436555131
2026-07-15,tweetfeed,DOMAIN,ghanioilandgas.com,"RAT, booking",https://x.com/JAMESWT_WT/status/2077366285655019825
2026-07-15,tweetfeed,DOMAIN,offcsso.com,n/a,https://x.com/anyrun_app/status/2077370282193404060
2026-07-15,tweetfeed,DOMAIN,zoomconnect.ssoworkportal.com,n/a,https://x.com/anyrun_app/status/2077370282193404060
2026-07-15,tweetfeed,DOMAIN,zoomconnect.ssomeetingportal.com,n/a,https://x.com/anyrun_app/status/2077370282193404060
2026-07-15,tweetfeed,DOMAIN,zoomconnect.workportalsso.com,n/a,https://x.com/anyrun_app/status/2077370282193404060
2026-07-15,tweetfeed,DOMAIN,drive-mofa-account-downlaod-folder-production.up.railway.app,APT,https://x.com/phatomcandle/status/2077372860339777671
2026-07-15,tweetfeed,DOMAIN,pub-b0533a4f25fd47429514431d6c1a1d7b.r2.dev,phishing,https://x.com/scanmalware/status/2077380168096604396
2026-07-15,tweetfeed,DOMAIN,asoiasvonc.dscgbu.info,phishing,https://x.com/masaomi346/status/2077381050226114591
2026-07-15,tweetfeed,DOMAIN,hzdfthr018.top,Formbook,https://x.com/D3LabIT/status/2077379636116226295
2026-07-15,tweetfeed,DOMAIN,studiogioeli.it,n/a,https://x.com/JAMESWT_WT/status/2077393652049936578
2026-07-15,tweetfeed,DOMAIN,vscode-setting-6-28.vercel.app,n/a,https://x.com/L0Psec/status/2077401463572119918
2026-07-15,tweetfeed,DOMAIN,4workntt.click,n/a,https://x.com/stop_spammerz/status/2077422659558617142
2026-07-15,tweetfeed,DOMAIN,biltonuglimited2.screenconnect.com,phishing,https://x.com/patialavii/status/2077434025673986295
2026-07-15,tweetfeed,DOMAIN,wekash.net,phishing,https://x.com/patialavii/status/2077434025673986295
2026-07-15,tweetfeed,DOMAIN,vscode-check-mo1.vercel.app,n/a,https://x.com/Yusufcancakiir/status/2077430945053847562
2026-07-15,tweetfeed,DOMAIN,gov.in.indexs.cloud,"ClickFix, malware",https://x.com/Malwarehunterr/status/2077447603952959999
2026-07-15,tweetfeed,DOMAIN,claspopclicktodayinstantly.monster,"ClickFix, malware",https://x.com/Malwarehunterr/status/2077447603952959999
2026-07-15,tweetfeed,DOMAIN,gooqlemeet-now.live,phishing,https://x.com/Malwarehunterr/status/2077467860272861407
2026-07-15,tweetfeed,DOMAIN,gooqlemeetnow.com,phishing,https://x.com/Malwarehunterr/status/2077467860272861407
2026-07-15,tweetfeed,DOMAIN,meet-webconnect.com,ClickFix,https://x.com/Malwarehunterr/status/2077468988783899024
2026-07-15,tweetfeed,DOMAIN,babyy5.com,n/a,https://x.com/smica83/status/2077489662554238995
2026-07-15,tweetfeed,DOMAIN,agri-connect-tz.com,phishing,https://x.com/Malwarehunterr/status/2077493233358450850
2026-07-15,tweetfeed,DOMAIN,globalflekssitofficefurnituresgroup.ecodynamicsptylitylxd.vu,phishing,https://x.com/Malwarehunterr/status/2077493233358450850
2026-07-15,tweetfeed,DOMAIN,gsevenforce.cfd,n/a,https://x.com/smica83/status/2077494434363478372
2026-07-15,tweetfeed,DOMAIN,midns-dist.b-cdn.net,n/a,https://x.com/smica83/status/2077496740920357241
2026-07-15,"threatfox,tweetfeed",DOMAIN,uumcceymkuymmqou.xyz,n/a,https://x.com/smica83/status/2077499465028571368
2026-07-16,tweetfeed,DOMAIN,jre1.sw000hc13.cc,phishing,https://x.com/masaomi346/status/2077565315404427394
2026-07-16,tweetfeed,DOMAIN,jre2.sw000hc13.cc,phishing,https://x.com/masaomi346/status/2077565315404427394
2026-07-16,tweetfeed,DOMAIN,jre3.sw000hc13.cc,phishing,https://x.com/masaomi346/status/2077565315404427394
2026-07-16,tweetfeed,DOMAIN,jre4.sw000hc13.cc,phishing,https://x.com/masaomi346/status/2077565315404427394
2026-07-16,tweetfeed,DOMAIN,usdpbank.com,phishing,https://x.com/masaomi346/status/2077656579109957986
2026-07-16,tweetfeed,DOMAIN,mofa-gov-bd.fetchdrives.info,APT,https://x.com/phatomcandle/status/2077737009569808478
2026-07-16,tweetfeed,DOMAIN,nordhax.dd.h4x.tv,n/a,https://x.com/nextronresearch/status/2077745652092510247
2026-07-16,tweetfeed,DOMAIN,lundyville.com,phishing,https://x.com/harugasumi/status/2077747144849854615
2026-07-16,tweetfeed,DOMAIN,proxyarmy.com,phishing,https://x.com/harugasumi/status/2077747144849854615
2026-07-16,tweetfeed,DOMAIN,login.microsoft.com,phishing,https://x.com/Kb4Threatlabs/status/2077750481775149371
2026-07-16,tweetfeed,DOMAIN,excelsfest.com,phishing,https://x.com/Kb4Threatlabs/status/2077750481775149371
2026-07-16,tweetfeed,DOMAIN,zone-cape-406a.pt-l9t4azki.workers.dev,phishing,https://x.com/Kb4Threatlabs/status/2077750481775149371
2026-07-16,tweetfeed,DOMAIN,miryuwcjkm.mudeagoramesmo.com,phishing,https://x.com/Kb4Threatlabs/status/2077750481775149371
2026-07-16,tweetfeed,DOMAIN,shunliuu168.com,n/a,https://x.com/smica83/status/2077757678961545508
2026-07-16,tweetfeed,DOMAIN,eri0-dreayi.vercel.app,malware,https://x.com/scanmalware/status/2077820570196951428
2026-07-16,tweetfeed,DOMAIN,Project-Proposal-BOQ-Rev-A.zip,malware,https://x.com/Malwarehunterr/status/2077820782978510901
2026-07-16,tweetfeed,DOMAIN,Finity.New,malware,https://x.com/Malwarehunterr/status/2077820782978510901
2026-07-16,threatfox,HASH_MD5,3166ae39b46472d2ee53a880eb8248e0,"win.ghost_rat, md5_hash",n/a
2026-07-16,threatfox,HASH_MD5,2b46ed6e01f2baae933707d06704d14c,"win.asyncrat, md5_hash",n/a
2026-07-16,threatfox,HASH_MD5,c20a54cc45596e10f5eaf83a388128fe,"win.valley_rat, md5_hash",n/a
2026-07-16,threatfox,HASH_MD5,3a85be4f475378e774b44aafd20102cd,"win.valley_rat, md5_hash",n/a
2026-07-16,threatfox,HASH_MD5,56ff460150b3ddeb5f1a01495ab44ee2,"win.valley_rat, md5_hash",n/a
2026-07-16,threatfox,HASH_MD5,23285f10bb9b3002a24d3dbf865f07e1,"win.salatstealer, md5_hash",n/a
2026-07-16,threatfox,HASH_MD5,1f017ca7bcdae763c27483193017747a,"win.darktortilla, md5_hash",n/a
2026-07-16,tweetfeed,DOMAIN,sovrila.cfd,phishing,https://x.com/Malwarehunterr/status/2077850243610366258
2026-07-16,tweetfeed,DOMAIN,xgencreative.com,n/a,https://x.com/TheKn0ck0ut/status/2077842977377193994
2026-07-16,tweetfeed,DOMAIN,ptomyorghubapps.com,n/a,https://x.com/TheKn0ck0ut/status/2077842977377193994
2026-07-16,tweetfeed,DOMAIN,lovesjane.site,"malware, phishing",https://x.com/scanmalware/status/2077863356174643254
2026-07-16,tweetfeed,DOMAIN,msomali.club,"Android, C2, malware",https://x.com/Malwarehunterr/status/2077864858750693816
2026-07-16,tweetfeed,DOMAIN,pub-4e0d515d9c79417e8b4042dfa120d149.r2.dev,ransomware,https://x.com/scanmalware/status/2077875939824824482
2026-07-16,tweetfeed,DOMAIN,googlemeeting.help,"malware, phishing",https://x.com/tial_cl/status/2077880270976385036
2026-07-17,tweetfeed,DOMAIN,pub-918f13f3af5144cc945d5e17eae6470c.r2.dev,"malware, phishing",https://x.com/tial_cl/status/2077888505330450790
2026-07-17,tweetfeed,DOMAIN,anonrdp.com,n/a,https://x.com/banthisguy9349/status/2077695788260737405
2026-07-17,tweetfeed,DOMAIN,studiokyle.kr,APT,https://x.com/byrne_emmy12099/status/2077942626381390185
2026-07-17,tweetfeed,DOMAIN,mmbqjtbogsr.top,phishing,https://x.com/Metemcyber/status/2077992954988478919
2026-07-17,tweetfeed,DOMAIN,certainlyous.ppipioo.cn,phishing,https://x.com/Metemcyber/status/2077995511496470814
2026-07-17,tweetfeed,DOMAIN,sub-informacion-net.com,phishing,https://x.com/PhishStats/status/2077998482191733188
2026-07-17,tweetfeed,DOMAIN,resona-bank.aochz.com,phishing,https://x.com/masaomi346/status/2078003816226865482
2026-07-17,tweetfeed,DOMAIN,smart-sight-hr.com,n/a,https://x.com/nextronresearch/status/2078037561667142042
2026-07-17,tweetfeed,DOMAIN,30min-smartsight-hr.com,n/a,https://x.com/nextronresearch/status/2078037561667142042
2026-07-17,tweetfeed,DOMAIN,c2nuevpoder.kozow.com,n/a,https://x.com/malwrhunterteam/status/2078049593091076549
2026-07-17,tweetfeed,DOMAIN,pulseeeee.beer,n/a,https://x.com/smica83/status/2078050185112924413
2026-07-17,tweetfeed,DOMAIN,sa3wd.com,n/a,https://x.com/smica83/status/2078053124187582618
2026-07-17,tweetfeed,DOMAIN,zhugel5.com,n/a,https://x.com/smica83/status/2078054634342519271
2026-07-17,tweetfeed,DOMAIN,exhibit-thereafter-surrounded-editorial.trycloudflare.com,opendir,https://x.com/smica83/status/2078082104118628506
2026-07-17,tweetfeed,DOMAIN,driving-approach-sword-ave.trycloudflare.com,opendir,https://x.com/smica83/status/2078082569992614251
2026-07-17,tweetfeed,DOMAIN,mattecomateriais.com,"phishing, scam",https://x.com/Coolcarlos17/status/2078090061116019024
2026-07-17,tweetfeed,DOMAIN,pabloclock.com,"phishing, scam",https://x.com/Coolcarlos17/status/2078090839029342452
2026-07-17,tweetfeed,DOMAIN,51bxun.com,phishing,https://x.com/masaomi346/status/2078108974927495371
2026-07-17,tweetfeed,DOMAIN,ope1.marconimpianti.it,phishing,https://x.com/Malwarehunterr/status/2078163280334659948
2026-07-17,tweetfeed,DOMAIN,manager-area-wordpress-automattic.tornieri.eu,phishing,https://x.com/Malwarehunterr/status/2078163280334659948
2026-07-17,tweetfeed,DOMAIN,tableautieridf.com,phishing,https://x.com/Malwarehunterr/status/2078163280334659948
2026-07-17,tweetfeed,DOMAIN,absolutdmc.com,phishing,https://x.com/SpiderLabs/status/2078179926159581475
2026-07-17,tweetfeed,DOMAIN,apexvistaventures.com,phishing,https://x.com/SpiderLabs/status/2078179926159581475
2026-07-17,tweetfeed,DOMAIN,aurellefashion.com,phishing,https://x.com/SpiderLabs/status/2078179926159581475
2026-07-17,tweetfeed,DOMAIN,eu-starstups.com,phishing,https://x.com/SpiderLabs/status/2078179926159581475
2026-07-17,tweetfeed,DOMAIN,eventr.cc,phishing,https://x.com/SpiderLabs/status/2078179926159581475
2026-07-17,tweetfeed,DOMAIN,grandcrestevents.com,phishing,https://x.com/SpiderLabs/status/2078179926159581475
2026-07-17,tweetfeed,DOMAIN,grandstayrental.com,phishing,https://x.com/SpiderLabs/status/2078179926159581475
2026-07-17,tweetfeed,DOMAIN,inwoods-hotels.com,phishing,https://x.com/SpiderLabs/status/2078179926159581475
2026-07-17,tweetfeed,DOMAIN,iwonderpicture.com,phishing,https://x.com/SpiderLabs/status/2078179926159581475
2026-07-17,tweetfeed,DOMAIN,quantumtradecollective.com,phishing,https://x.com/SpiderLabs/status/2078179926159581475
2026-07-17,tweetfeed,DOMAIN,shinilglobals.art,phishing,https://x.com/SpiderLabs/status/2078179926159581475
2026-07-17,tweetfeed,DOMAIN,sophiaevent10.com,phishing,https://x.com/SpiderLabs/status/2078179926159581475
2026-07-17,tweetfeed,DOMAIN,sophiatech.xyz,phishing,https://x.com/SpiderLabs/status/2078179926159581475
2026-07-17,tweetfeed,DOMAIN,westsinvalencia.com,phishing,https://x.com/SpiderLabs/status/2078179926159581475
2026-07-17,tweetfeed,DOMAIN,westpeakproperties.net,phishing,https://x.com/SpiderLabs/status/2078179926159581475
2026-07-17,tweetfeed,DOMAIN,multcoisasferragens.com,"phishing, scam",https://x.com/Coolcarlos17/status/2078193370753556842
2026-07-17,tweetfeed,DOMAIN,rtsinternationals.screenconnect.com,n/a,https://x.com/smica83/status/2078202658821665091
2026-07-17,threatfox,HASH_MD5,c45f291fda8740a843202a77180a15a1,"win.vidar, md5_hash",n/a
2026-07-17,threatfox,HASH_MD5,240861bb6ee7723f0a7449ec501c466b,"win.vidar, md5_hash",n/a
2026-07-17,threatfox,HASH_MD5,cf4866e9f6c60a4b253de4bb85f4da90,"win.vidar, md5_hash",n/a
2026-07-17,threatfox,HASH_MD5,0a9a59c9e53e6d9f218fc6c307016b44,"win.vidar, md5_hash",n/a
2026-07-17,threatfox,HASH_MD5,7514a13877ee29b842859862663a03ed,"win.vidar, md5_hash",n/a
2026-07-17,threatfox,HASH_MD5,057739a12fa0d25a1017e5f7a8538140,"win.vidar, md5_hash",n/a
2026-07-17,threatfox,HASH_MD5,752b88ff4f0f5ea39ac1912c924f2f4d,"win.wannacryptor, md5_hash",n/a
2026-07-17,threatfox,HASH_MD5,b0a87d0fcdd49c072364c4378dfc9f8b,"win.wannacryptor, md5_hash",n/a
2026-07-17,threatfox,HASH_MD5,1da954be17c19b2e61d605097f1c7b29,"win.wannacryptor, md5_hash",n/a
2026-07-17,threatfox,HASH_MD5,993e330b2c80db36a50514c5fd50466c,"win.wannacryptor, md5_hash",n/a
2026-07-17,threatfox,HASH_MD5,81961b2997cdf859ab8b96c3dd0afb07,"win.asyncrat, md5_hash",n/a
2026-07-17,threatfox,HASH_MD5,53b75c21bfc49c21d1e3998cf2acd14a,"win.wannacryptor, md5_hash",n/a
2026-07-18,tweetfeed,DOMAIN,fandouchejiage.com,phishing,https://x.com/masaomi346/status/2078257146014339205
2026-07-18,tweetfeed,DOMAIN,kloclibkblink-dp73tqm8r6w5.edgeone.dev,malware,https://x.com/scanmalware/status/2078281665936265542
2026-07-18,tweetfeed,DOMAIN,pub-4ffc3db6ed2d4b3ca1d8eeda7e2431e3.r2.dev,n/a,https://x.com/smica83/status/2078393421476106614
2026-07-18,tweetfeed,DOMAIN,google.defenders.workers.dev,n/a,https://x.com/malwrhunterteam/status/2078397672445161923
2026-07-18,tweetfeed,DOMAIN,nextjs781.ngrok.app,n/a,https://x.com/malwrhunterteam/status/2078397672445161923
2026-07-18,tweetfeed,DOMAIN,pub-272fd20f9e3d49d5864e441b0c7a4fb8.r2.dev,n/a,https://x.com/smica83/status/2078405033603809682
2026-07-18,tweetfeed,DOMAIN,blockrazor.xyz,n/a,https://x.com/smica83/status/2078405033603809682
2026-07-18,tweetfeed,DOMAIN,incidentmanager.cc,n/a,https://x.com/smica83/status/2078405033603809682
2026-07-18,tweetfeed,DOMAIN,teleqrem.com,n/a,https://x.com/scanmalware/status/2078452233897754704
2026-07-18,tweetfeed,DOMAIN,sdsdio.bfteng.com,phishing,https://x.com/PhishStats/status/2078453857361776899
2026-07-18,tweetfeed,DOMAIN,playcomla.com.ar,"ClickFix, malware",https://x.com/Malwarehunterr/status/2078484535650754887
2026-07-18,tweetfeed,DOMAIN,jarretelvankortrijk.be,"ClickFix, malware",https://x.com/Malwarehunterr/status/2078484535650754887
2026-07-18,tweetfeed,DOMAIN,download.renaultsatelite.com.mx,"ClickFix, malware",https://x.com/Malwarehunterr/status/2078484535650754887
2026-07-18,tweetfeed,DOMAIN,panychurasc0.com,"ClickFix, malware",https://x.com/Malwarehunterr/status/2078484535650754887
2026-07-18,tweetfeed,DOMAIN,shopleta.ru,"ClickFix, malware",https://x.com/Malwarehunterr/status/2078484535650754887
2026-07-18,tweetfeed,DOMAIN,honeypotlive.cc,n/a,https://x.com/blackorbird/status/2078488655048688118
2026-07-18,tweetfeed,DOMAIN,docs163.com,"ClickFix, malware",https://x.com/Malwarehunterr/status/2078495588732301339
2026-07-18,tweetfeed,DOMAIN,vpu.baby,ClickFix,https://x.com/Malwarehunterr/status/2078559201685807345
2026-07-18,tweetfeed,DOMAIN,notexistszg01.232323.eu.org,ClickFix,https://x.com/Malwarehunterr/status/2078559201685807345
2026-07-18,tweetfeed,DOMAIN,1.232323.eu.org,ClickFix,https://x.com/Malwarehunterr/status/2078559201685807345
2026-07-18,tweetfeed,DOMAIN,zg01.232323.eu.org,ClickFix,https://x.com/Malwarehunterr/status/2078559201685807345
2026-07-18,tweetfeed,DOMAIN,232323.eu.org,ClickFix,https://x.com/Malwarehunterr/status/2078559201685807345
2026-07-18,tweetfeed,DOMAIN,sg.232323.eu.org,ClickFix,https://x.com/Malwarehunterr/status/2078559201685807345
2026-07-18,tweetfeed,DOMAIN,5001.zip,ClickFix,https://x.com/Malwarehunterr/status/2078559201685807345
2026-07-18,threatfox,HASH_MD5,52709e9850a742eea194b78fcb9a5528,"py.venus_stealer, md5_hash",n/a
2026-07-18,threatfox,HASH_MD5,43cb4e27e723dad9476b5907e60f7f44,"py.venus_stealer, md5_hash",n/a
2026-07-18,threatfox,HASH_MD5,1b344651227f8909c586256a6e7541a2,"py.venus_stealer, md5_hash",n/a
2026-07-18,threatfox,HASH_MD5,7b1c118968b9261ad00231a7fc8180ad,"py.venus_stealer, md5_hash",n/a
2026-07-18,threatfox,HASH_MD5,ed4861335d1a898ce5b42d2bb1ab98f6,"py.venus_stealer, md5_hash",n/a
2026-07-18,threatfox,HASH_MD5,8b41af0eb62a9152cc69899f82472db9,"py.venus_stealer, md5_hash",n/a
2026-07-18,threatfox,HASH_MD5,bc4a779062e33deafacd023552b70b70,"py.venus_stealer, md5_hash",n/a
2026-07-18,threatfox,HASH_MD5,14bb9ecf6b180317899ee49c68008b63,"py.venus_stealer, md5_hash",n/a
2026-07-18,threatfox,HASH_MD5,fc85c6ec73bec24c13e3c845b01f517c,"py.venus_stealer, md5_hash",n/a
2026-07-18,threatfox,HASH_MD5,f409be3647f3a4b0b01e59213a1ef5d9,"py.venus_stealer, md5_hash",n/a
2026-07-18,threatfox,HASH_MD5,778aad49c1279d5a647759894155d40a,"win.acr_stealer, md5_hash",n/a
2026-07-18,threatfox,HASH_MD5,d1e5cbeac0e02e97a34aca7c9c54db5c,"win.acr_stealer, md5_hash",n/a
2026-07-18,threatfox,HASH_MD5,52c1c5a26091c68f322fc44b0afcd6d0,"elf.kuiper, md5_hash",n/a
2026-07-18,threatfox,HASH_MD5,f86db3e1c8635ecc820ef308302524bc,"win.vidar, md5_hash",n/a
2026-07-18,threatfox,HASH_MD5,906010fce0c7b37b29ee13a78b6e130f,"win.vidar, md5_hash",n/a
2026-07-18,threatfox,HASH_MD5,3dd256518361ce5770b58c28b2847df5,"elf.kuiper, md5_hash",n/a
2026-07-18,threatfox,HASH_MD5,58224bee686c03b0f7394a459d3ff971,"win.salatstealer, md5_hash",n/a
2026-07-18,threatfox,HASH_MD5,466d3130f4f427ec39fb1378ee142e6f,"win.salatstealer, md5_hash",n/a
2026-07-18,threatfox,HASH_MD5,f238406f5cd53942450f145e1c977476,"win.hijackloader, md5_hash",n/a
2026-07-18,threatfox,HASH_MD5,8d9fa801432654ebfe456974bb355bd2,"win.ghost_rat, md5_hash",n/a
2026-07-18,threatfox,HASH_MD5,8ab0732a85899cb205f645e969d0b4b8,"py.venus_stealer, md5_hash",n/a
2026-07-18,threatfox,HASH_MD5,036227aa4ccacd6153de68143e02f001,"win.nanocore, md5_hash",n/a
2026-07-18,tweetfeed,DOMAIN,ajvcu.cn,ClickFix,https://x.com/Malwarehunterr/status/2078589994776895931
2026-07-18,tweetfeed,DOMAIN,bitbrarwser.com,ClickFix,https://x.com/Malwarehunterr/status/2078589994776895931
2026-07-18,tweetfeed,DOMAIN,ndiewh.com,ClickFix,https://x.com/Malwarehunterr/status/2078589994776895931
2026-07-19,tweetfeed,DOMAIN,jonathanhanley.com,phishing,https://x.com/PhishStats/status/2078810589011312782
2026-07-19,tweetfeed,DOMAIN,cqurg.com,phishing,https://x.com/masaomi346/status/2078855556069212637
2026-07-19,tweetfeed,DOMAIN,okekjaiw.click,malware,https://x.com/FABO97662188/status/2078905505418760481
2026-07-19,tweetfeed,DOMAIN,8jdjpwka.baby,malware,https://x.com/FABO97662188/status/2078905505418760481
2026-07-20,tweetfeed,DOMAIN,paraminasconstrucao.com,"phishing, scam",https://x.com/Coolcarlos17/status/2079016905369641470
2026-07-20,tweetfeed,DOMAIN,luzitanacasa.com,"phishing, scam",https://x.com/Coolcarlos17/status/2079017336737026372
2026-07-20,threatfox,HASH_MD5,8c21b2fbded2faeb6db2e7a20c513cdb,"win.redline_stealer, md5_hash",n/a
2026-07-20,threatfox,HASH_MD5,52f56cc1abe3ed2f437aaae0c74f5db9,"py.venus_stealer, md5_hash",n/a
2026-07-20,threatfox,HASH_MD5,9c986d7e311ce1e8db7bd65b8271a87d,"win.valley_rat, md5_hash",n/a
2026-07-20,threatfox,HASH_MD5,b0c4fe17a83df1621ce3db824684bb55,"win.phorpiex, md5_hash",n/a
2026-07-20,threatfox,HASH_MD5,d0b2dbfbc3a1d6474628f5268cf884fc,"py.venus_stealer, md5_hash",n/a
2026-07-20,threatfox,HASH_MD5,0561a3921c93fe5913454241362e80e2,"win.valley_rat, md5_hash",n/a
2026-07-20,threatfox,HASH_MD5,f8e68cddf13a94d821a4b265172a0e32,"win.amadey, md5_hash",n/a
2026-07-20,threatfox,HASH_MD5,5d11d7b9b175695c197014bc6aa2fbdb,"win.amadey, md5_hash",n/a
2026-07-20,tweetfeed,DOMAIN,svganchordev.net,n/a,https://x.com/banthisguy9349/status/2079034460901929367
2026-07-20,tweetfeed,DOMAIN,b.w1001.outlook.com,n/a,https://x.com/banthisguy9349/status/2079034460901929367
2026-07-20,tweetfeed,DOMAIN,cdn-static-icons.vercel.app,n/a,https://x.com/banthisguy9349/status/2079077405113860398
2026-07-20,tweetfeed,DOMAIN,cdn-static-server.vercel.app,n/a,https://x.com/banthisguy9349/status/2079077405113860398
2026-07-20,tweetfeed,DOMAIN,rest-icon-configure.vercel.app,n/a,https://x.com/banthisguy9349/status/2079077405113860398
2026-07-20,tweetfeed,DOMAIN,rest-icon-handler.store,n/a,https://x.com/banthisguy9349/status/2079077405113860398
2026-07-20,tweetfeed,DOMAIN,rest-icon-moduler.vercel.app,n/a,https://x.com/banthisguy9349/status/2079077405113860398
2026-07-20,tweetfeed,DOMAIN,rest-icon-provider.link,n/a,https://x.com/banthisguy9349/status/2079077405113860398
2026-07-20,tweetfeed,DOMAIN,verceljs-kappa.vercel.app,n/a,https://x.com/banthisguy9349/status/2079077405113860398
2026-07-20,tweetfeed,DOMAIN,fdergrh.xzzaw.site,"malware, phishing",https://x.com/masaomi346/status/2079098191342157960
2026-07-20,tweetfeed,DOMAIN,ahmeddoserr-37232.portmap.host,Njrat,https://x.com/skocherhan/status/2079111293424808117
2026-07-20,tweetfeed,DOMAIN,rest-icon-helper.store,n/a,https://x.com/nextronresearch/status/2079118025236566357
2026-07-20,tweetfeed,DOMAIN,auth-axa.lestrani.de,phishing,https://x.com/skocherhan/status/2079144905163632830
2026-07-20,tweetfeed,DOMAIN,agenziaentrate-gov.lestrani.de,phishing,https://x.com/skocherhan/status/2079144905163632830
2026-07-20,tweetfeed,DOMAIN,my-paylife.lestrani.de,phishing,https://x.com/skocherhan/status/2079144905163632830
2026-07-20,tweetfeed,DOMAIN,elster-online-finanzamt.lestrani.de,phishing,https://x.com/skocherhan/status/2079144905163632830
2026-07-20,tweetfeed,DOMAIN,pagopa-gov.lestrani.de,phishing,https://x.com/skocherhan/status/2079144905163632830
2026-07-20,tweetfeed,DOMAIN,meine-tfbank.lestrani.de,phishing,https://x.com/skocherhan/status/2079144905163632830
2026-07-20,tweetfeed,DOMAIN,kunden-commerzbank.lestrani.de,phishing,https://x.com/skocherhan/status/2079144905163632830
2026-07-20,tweetfeed,DOMAIN,antai-gouv-amendes.lestrani.de,phishing,https://x.com/skocherhan/status/2079144905163632830
2026-07-20,tweetfeed,DOMAIN,lestrani.de,phishing,https://x.com/skocherhan/status/2079144905163632830
2026-07-20,tweetfeed,DOMAIN,lodging-dictionaries-jill-ministry.trycloudflare.com,"WsgiDAV, opendir",https://x.com/smica83/status/2079156061198533038
2026-07-20,tweetfeed,DOMAIN,sararch.xyz,n/a,https://x.com/skocherhan/status/2079156217344065943
2026-07-20,tweetfeed,DOMAIN,extensionscover.xyz,n/a,https://x.com/skocherhan/status/2079156217344065943
2026-07-20,tweetfeed,DOMAIN,realtovers.xyz,n/a,https://x.com/skocherhan/status/2079156217344065943
2026-07-20,tweetfeed,DOMAIN,superowered.xyz,n/a,https://x.com/skocherhan/status/2079156217344065943
2026-07-20,tweetfeed,DOMAIN,flowhavens.xyz,n/a,https://x.com/skocherhan/status/2079156217344065943
2026-07-20,tweetfeed,DOMAIN,comprehensive.click,n/a,https://x.com/skocherhan/status/2079156217344065943
2026-07-20,tweetfeed,DOMAIN,accreditedrec.xyz,n/a,https://x.com/skocherhan/status/2079156217344065943
2026-07-20,tweetfeed,DOMAIN,loomlyt.xyz,n/a,https://x.com/skocherhan/status/2079156217344065943
2026-07-20,threatfox,HASH_MD5,eff8675fac22c49107a2a42d3c735f10,"win.ghost_rat, md5_hash",n/a
2026-07-20,threatfox,HASH_MD5,159e06ef198371caf78e9a168b5ef4e9,"win.rhadamanthys, md5_hash",n/a
2026-07-20,threatfox,HASH_MD5,84b7baaa2e134146258d883388114f18,"win.vidar, md5_hash",n/a
2026-07-20,threatfox,HASH_MD5,788fc952b7bdc334fc677426dcf2af39,"win.vidar, md5_hash",n/a
2026-07-20,threatfox,HASH_MD5,aac21459dc203d21c539a72d54221102,"win.formbook, md5_hash",n/a
2026-07-20,threatfox,HASH_MD5,7aff39817fd60f3ea5b9298e8838b481,"win.tofsee, md5_hash",n/a
2026-07-20,threatfox,HASH_MD5,ea96de1d5ee80bbe8795d352f7ac3e30,"win.vidar, md5_hash",n/a
2026-07-20,threatfox,HASH_MD5,eb3fd1706066aecf68f002c744100218,"win.asyncrat, md5_hash",n/a
2026-07-20,threatfox,HASH_MD5,10cc531b5f4765f53cd3a58a2c23ffcf,"win.agent_tesla, md5_hash",n/a
2026-07-20,threatfox,HASH_MD5,d8d19575c1de6c091ebf0624596478fa,"win.agent_tesla, md5_hash",n/a
2026-07-20,threatfox,HASH_MD5,d1dc20911470ed43af8bce0355fd0cf7,"win.xworm, md5_hash",n/a
2026-07-20,threatfox,HASH_MD5,8465b5392ea382ceec662c25ea7acc34,"jar.crossrat, md5_hash",n/a
2026-07-20,threatfox,HASH_MD5,b3f9d748284ba06c5f74c062b11c6066,"win.njrat, md5_hash",n/a
2026-07-20,threatfox,HASH_MD5,c8a7ae786c0294734130e1685a6f5ae3,"win.phantom_stealer, md5_hash",n/a
2026-07-20,threatfox,HASH_MD5,0c9381cfd85e2d1aad8ccbe8bec861ca,"win.formbook, md5_hash",n/a
2026-07-20,threatfox,HASH_MD5,a563ff5a153b001223ff8d93d68405c9,"win.wannacryptor, md5_hash",n/a
2026-07-20,threatfox,HASH_MD5,e14ec518b3e9768fd51d95f13c60dea1,"win.phantom_stealer, md5_hash",n/a
2026-07-20,threatfox,HASH_MD5,a3f6cbc6b8366c4378504eedbb2408d1,"win.formbook, md5_hash",n/a
2026-07-20,threatfox,HASH_MD5,a77da66551da74d743efd55f09d46dc8,"win.socks5_systemz, md5_hash",n/a
2026-07-20,threatfox,HASH_MD5,791d27fd45d5ac5f25235b46547129ad,"win.agent_tesla, md5_hash",n/a
2026-07-20,threatfox,HASH_MD5,44ddc80c714f91959bcaa1aeb3cfe1d5,"win.asyncrat, md5_hash",n/a
2026-07-20,threatfox,HASH_MD5,a757a8b09d99acc2835fd0d26541e46c,"win.agent_tesla, md5_hash",n/a
2026-07-20,threatfox,HASH_MD5,ca9050aa6e139627dd5c0d4cdd5e3eaa,"win.wannacryptor, md5_hash",n/a
2026-07-20,threatfox,HASH_MD5,584e516edb5fc2b79960940b18cd65b5,"win.wannacryptor, md5_hash",n/a
2026-07-20,threatfox,HASH_MD5,4be889e143b460ccf80fc02e44840ee0,"win.krakenkeylogger, md5_hash",n/a
2026-07-20,threatfox,HASH_MD5,be9aee8c3cb56fa17d293d48dd0fc1d1,"win.privateloader, md5_hash",n/a
2026-07-20,threatfox,HASH_MD5,3270606f7138f08b0c4e051d0a9ebc2b,"win.valley_rat, md5_hash",n/a
2026-07-20,tweetfeed,DOMAIN,leophir.com,phishing,https://x.com/PhishStats/status/2079205644196888699
2026-07-20,tweetfeed,DOMAIN,gamespotworld.com,n/a,https://x.com/Threatlabz/status/2079227567572492689
2026-07-20,tweetfeed,DOMAIN,windows-update-local.rest,n/a,https://x.com/Threatlabz/status/2079227567572492689
2026-07-20,tweetfeed,DOMAIN,votecity.org,phishing,https://x.com/skocherhan/status/2079235109941543034
2026-07-20,tweetfeed,DOMAIN,apcconstruction.com,"ClickFix, Vidar",https://x.com/skocherhan/status/2079242361813569888
2026-07-20,tweetfeed,DOMAIN,t43wmtq3rv5rs.kimi.page,"ClickFix, phishing",https://x.com/Malwarehunterr/status/2079259574507626680
2026-07-20,tweetfeed,DOMAIN,tourvisorserver.com,"APT, malware",https://x.com/phatomcandle/status/2079265101824327885
2026-07-20,tweetfeed,DOMAIN,relay.computer-tech.net,ClickFix,https://x.com/Malwarehunterr/status/2079287390959776116
2026-07-20,tweetfeed,DOMAIN,fbuytf67.click,malware,https://x.com/FABO97662188/status/2079289679585628308
2026-07-20,tweetfeed,DOMAIN,xintongss.s3.ap-east-1.amazonaws.com,n/a,https://x.com/smica83/status/2079291245168374100
2026-07-20,tweetfeed,DOMAIN,initiatives-interfaces-impossible-illustration.trycloudflare.com,opendir,https://x.com/smica83/status/2079292412560564620
2026-07-20,tweetfeed,DOMAIN,connectingdg.co.uk,AsyncRAT,https://x.com/skocherhan/status/2079331689596141627
2026-07-20,tweetfeed,DOMAIN,origin.ku2626.net,AsyncRAT,https://x.com/skocherhan/status/2079331689596141627
2026-07-20,tweetfeed,DOMAIN,www-rg8369.net,AsyncRAT,https://x.com/skocherhan/status/2079331689596141627
2026-07-20,tweetfeed,DOMAIN,keobongdaworldcup2026.com,AsyncRAT,https://x.com/skocherhan/status/2079331689596141627
2026-07-20,tweetfeed,DOMAIN,soclive.net,AsyncRAT,https://x.com/skocherhan/status/2079331689596141627
2026-07-20,tweetfeed,DOMAIN,getthebreather.io,AsyncRAT,https://x.com/skocherhan/status/2079332997405220889
2026-07-20,tweetfeed,DOMAIN,audiosnws.com,ClickFix,https://x.com/Malwarehunterr/status/2079334098456412314
2026-07-20,tweetfeed,DOMAIN,newtec.com.co,AsyncRAT,https://x.com/skocherhan/status/2079334642100908360
2026-07-21,"threatfox,tweetfeed",DOMAIN,olovier.lol,C2,https://x.com/skocherhan/status/2079357326184632386
2026-07-21,"threatfox,tweetfeed",DOMAIN,chauvet.club,C2,https://x.com/skocherhan/status/2079357326184632386
2026-07-21,"threatfox,tweetfeed",DOMAIN,gautter.lol,C2,https://x.com/skocherhan/status/2079357326184632386
2026-07-21,"threatfox,tweetfeed",DOMAIN,riihard.top,C2,https://x.com/skocherhan/status/2079357326184632386
2026-07-21,"threatfox,tweetfeed",DOMAIN,nonrueden.com,C2,https://x.com/skocherhan/status/2079357326184632386
2026-07-21,"threatfox,tweetfeed",DOMAIN,northcombe.org,C2,https://x.com/skocherhan/status/2079357326184632386
2026-07-21,"threatfox,tweetfeed",DOMAIN,omnivectis.com,C2,https://x.com/skocherhan/status/2079357326184632386
2026-07-21,"threatfox,tweetfeed",DOMAIN,willimsen.com,C2,https://x.com/skocherhan/status/2079357326184632386
2026-07-21,"threatfox,tweetfeed",DOMAIN,ssntana.com,C2,https://x.com/skocherhan/status/2079357326184632386
2026-07-21,"threatfox,tweetfeed",DOMAIN,fundivox.com,C2,https://x.com/skocherhan/status/2079357326184632386
2026-07-21,"threatfox,tweetfeed",DOMAIN,exoosito.com,C2,https://x.com/skocherhan/status/2079357326184632386
2026-07-21,"threatfox,tweetfeed",DOMAIN,oelgado.com,C2,https://x.com/skocherhan/status/2079357326184632386
2026-07-21,"threatfox,tweetfeed",DOMAIN,nitzschi.com,C2,https://x.com/skocherhan/status/2079357326184632386
2026-07-21,"threatfox,tweetfeed",DOMAIN,vtcircuits.com,C2,https://x.com/skocherhan/status/2079357326184632386
2026-07-21,"threatfox,tweetfeed",DOMAIN,satserfield.com,C2,https://x.com/skocherhan/status/2079357326184632386
2026-07-21,"threatfox,tweetfeed",DOMAIN,quilborne.org,C2,https://x.com/skocherhan/status/2079357326184632386
2026-07-21,"threatfox,tweetfeed",DOMAIN,quiglgy.com,C2,https://x.com/skocherhan/status/2079357326184632386
2026-07-21,"threatfox,tweetfeed",DOMAIN,kovkcek.com,C2,https://x.com/skocherhan/status/2079357326184632386
2026-07-21,"threatfox,tweetfeed",DOMAIN,gccsinc.com,C2,https://x.com/skocherhan/status/2079357326184632386
2026-07-21,"threatfox,tweetfeed",DOMAIN,barsows.com,C2,https://x.com/skocherhan/status/2079357326184632386
2026-07-21,"threatfox,tweetfeed",DOMAIN,ethervane.com,C2,https://x.com/skocherhan/status/2079357326184632386
2026-07-21,"threatfox,tweetfeed",DOMAIN,raventhorp.org,C2,https://x.com/skocherhan/status/2079357326184632386
2026-07-21,"threatfox,tweetfeed",DOMAIN,bradtkr.com,C2,https://x.com/skocherhan/status/2079357326184632386
2026-07-21,"threatfox,tweetfeed",DOMAIN,dialectum.com,C2,https://x.com/skocherhan/status/2079357326184632386
2026-07-21,"threatfox,tweetfeed",DOMAIN,oakington.org,C2,https://x.com/skocherhan/status/2079357326184632386
2026-07-21,"threatfox,tweetfeed",DOMAIN,quorumix.com,C2,https://x.com/skocherhan/status/2079357326184632386
2026-07-21,"threatfox,tweetfeed",DOMAIN,saxonfield.org,C2,https://x.com/skocherhan/status/2079357326184632386
2026-07-21,"threatfox,tweetfeed",DOMAIN,sigmatauethifarma.com,C2,https://x.com/skocherhan/status/2079357326184632386
2026-07-21,"threatfox,tweetfeed",DOMAIN,hegmaen.com,C2,https://x.com/skocherhan/status/2079357326184632386
2026-07-21,"threatfox,tweetfeed",DOMAIN,orantow.com,C2,https://x.com/skocherhan/status/2079357326184632386
2026-07-21,"threatfox,tweetfeed",DOMAIN,bbvalues.uk,C2,https://x.com/skocherhan/status/2079357326184632386
2026-07-21,"threatfox,tweetfeed",DOMAIN,heethcote.com,C2,https://x.com/skocherhan/status/2079357326184632386
2026-07-21,"threatfox,tweetfeed",DOMAIN,okunevk.com,C2,https://x.com/skocherhan/status/2079357326184632386
2026-07-21,"threatfox,tweetfeed",DOMAIN,dground.org,C2,https://x.com/skocherhan/status/2079357326184632386
2026-07-21,"threatfox,tweetfeed",DOMAIN,meharsons.com,C2,https://x.com/skocherhan/status/2079357326184632386
2026-07-21,"threatfox,tweetfeed",DOMAIN,leusceke.com,C2,https://x.com/skocherhan/status/2079357326184632386
2026-07-21,"threatfox,tweetfeed",DOMAIN,zgsjyxzx.com,C2,https://x.com/skocherhan/status/2079357326184632386
2026-07-21,"threatfox,tweetfeed",DOMAIN,luthel.com,C2,https://x.com/skocherhan/status/2079357326184632386
2026-07-21,"threatfox,tweetfeed",DOMAIN,jnlysj.com,C2,https://x.com/skocherhan/status/2079357326184632386
2026-07-21,tweetfeed,DOMAIN,audit-bxw.pages.dev,phishing,https://x.com/masaomi346/status/2079360000280150443
2026-07-21,tweetfeed,DOMAIN,aeon.ytepokk.cn,phishing,https://x.com/Metemcyber/status/2079423939055681721
2026-07-21,tweetfeed,DOMAIN,apple.gbsetok.cn,phishing,https://x.com/Metemcyber/status/2079447999055573092
2026-07-21,tweetfeed,DOMAIN,zynimg.com,Remcos,https://x.com/skocherhan/status/2079454095321022878
2026-07-21,tweetfeed,DOMAIN,usafansweepstakes2026.us,Remcos,https://x.com/skocherhan/status/2079454095321022878
2026-07-21,tweetfeed,DOMAIN,fasthouse.me,Remcos,https://x.com/skocherhan/status/2079454095321022878
2026-07-21,tweetfeed,DOMAIN,api.avax-test.dev,n/a,https://x.com/nextronresearch/status/2079454428038406646
2026-07-21,tweetfeed,DOMAIN,tatrpay.online,phishing,https://x.com/LDDSystems/status/2079454325126877379
2026-07-21,tweetfeed,DOMAIN,u110608428.ct.sendgrid.net,n/a,https://x.com/tdatwja/status/2079455000229761469
2026-07-21,tweetfeed,DOMAIN,Tax-Number635863.zip,n/a,https://x.com/tdatwja/status/2079455000229761469
2026-07-21,tweetfeed,DOMAIN,morning-cell-6811.nukisora1808.workers.dev,n/a,https://x.com/tdatwja/status/2079459160526352835
2026-07-21,tweetfeed,DOMAIN,20260721074431.zip,n/a,https://x.com/tdatwja/status/2079459160526352835
2026-07-21,tweetfeed,DOMAIN,No.20260721074047.IM,n/a,https://x.com/tdatwja/status/2079459160526352835
2026-07-21,tweetfeed,DOMAIN,datusha.com.cn,n/a,https://x.com/tdatwja/status/2079459160526352835
2026-07-21,tweetfeed,DOMAIN,poste-italiane-controllo-e.spa-assistenza.net,phishing,https://x.com/JAMESWT_WT/status/2079471949940392393
2026-07-21,tweetfeed,DOMAIN,posteitaliane-a4.serveblog.net,phishing,https://x.com/JAMESWT_WT/status/2079471949940392393
2026-07-21,tweetfeed,DOMAIN,nameless-scene-7204.uploadeeeesclientess.workers.dev,n/a,https://x.com/skocherhan/status/2079479175400804449
2026-07-21,tweetfeed,DOMAIN,67sixcebeh.surf,"infostealer, malware",https://x.com/skocherhan/status/2079485432262234238
2026-07-21,tweetfeed,DOMAIN,yougi2894hamors34.duckdns.org,n/a,https://x.com/skocherhan/status/2079487857991823493
2026-07-21,tweetfeed,DOMAIN,bore.pub,n/a,https://x.com/smica83/status/2079500578745381272
2026-07-21,tweetfeed,DOMAIN,pavanmtls.duckdns.org,n/a,https://x.com/skocherhan/status/2079503451852050904
2026-07-21,tweetfeed,DOMAIN,headscale.aitherium.com,n/a,https://x.com/skocherhan/status/2079503451852050904
2026-07-21,tweetfeed,DOMAIN,djsuka.duckdns.org,n/a,https://x.com/skocherhan/status/2079503451852050904
2026-07-21,tweetfeed,DOMAIN,cjp-test-irc.duckdns.org,n/a,https://x.com/skocherhan/status/2079503451852050904
2026-07-21,tweetfeed,DOMAIN,ifan.ccwu.cc,n/a,https://x.com/skocherhan/status/2079503451852050904
2026-07-21,tweetfeed,DOMAIN,vpn.fedlin.com,n/a,https://x.com/skocherhan/status/2079503451852050904
2026-07-21,tweetfeed,DOMAIN,24v42v24awcawc543.bumbleshrimp.com,AsyncRAT,https://x.com/skocherhan/status/2079508536132845897
2026-07-21,tweetfeed,DOMAIN,13v3dssssssssssssssssss.dynuddns.com,AsyncRAT,https://x.com/skocherhan/status/2079508536132845897
2026-07-21,tweetfeed,DOMAIN,3v2223v2sdsdhgghgf.bumbleshrimp.com,AsyncRAT,https://x.com/skocherhan/status/2079508536132845897
2026-07-21,tweetfeed,DOMAIN,awcawcaw44.dynuddns.net,AsyncRAT,https://x.com/skocherhan/status/2079508536132845897
2026-07-21,tweetfeed,DOMAIN,oaskoaksoaossas44.ddnsguru.com,AsyncRAT,https://x.com/skocherhan/status/2079508536132845897
2026-07-21,tweetfeed,DOMAIN,fddfdf353.dynuddns.net,AsyncRAT,https://x.com/skocherhan/status/2079508536132845897
2026-07-21,tweetfeed,DOMAIN,33v434v34xxx.dynuddns.net,AsyncRAT,https://x.com/skocherhan/status/2079508536132845897
2026-07-21,tweetfeed,DOMAIN,spongebob.dynuddns.net,AsyncRAT,https://x.com/skocherhan/status/2079508536132845897
2026-07-21,tweetfeed,DOMAIN,42v2xxx.dynuddns.net,AsyncRAT,https://x.com/skocherhan/status/2079508536132845897
2026-07-21,tweetfeed,DOMAIN,acacww422542525.1cooldns.com,AsyncRAT,https://x.com/skocherhan/status/2079508536132845897
2026-07-21,tweetfeed,DOMAIN,fsocietyandtools.workers.dev,AsyncRAT,https://x.com/skocherhan/status/2079508536132845897
2026-07-21,tweetfeed,DOMAIN,eromefotosprivadas.sbs,AsyncRAT,https://x.com/skocherhan/status/2079508536132845897
2026-07-21,tweetfeed,DOMAIN,unionpayintiyl.com,"phishing, scam",https://x.com/c9lab_soc/status/2079509390533537922
2026-07-21,tweetfeed,DOMAIN,google-signin.com,"phishing, scam",https://x.com/c9lab_soc/status/2079509327736393919
2026-07-21,tweetfeed,DOMAIN,account-samsung-club.com,"phishing, scam",https://x.com/c9lab_soc/status/2079509228230750334
2026-07-21,tweetfeed,DOMAIN,couturecarern.com,phishing,https://x.com/patialavii/status/2079509671912604035
2026-07-21,tweetfeed,DOMAIN,gooseberry.screenconnect.com,phishing,https://x.com/patialavii/status/2079509671912604035
2026-07-21,tweetfeed,DOMAIN,unionpayintitl.com,"phishing, scam",https://x.com/c9lab_soc/status/2079510941809467654
2026-07-21,tweetfeed,DOMAIN,agfgpycp.com,phishing,https://x.com/patialavii/status/2079516020671218073
2026-07-21,tweetfeed,DOMAIN,agfgpyc.com,phishing,https://x.com/patialavii/status/2079516020671218073
2026-07-21,tweetfeed,DOMAIN,docsz42.zip,phishing,https://x.com/patialavii/status/2079516020671218073
2026-07-21,tweetfeed,DOMAIN,uso4web-zoom-conferances.com,phishing,https://x.com/patialavii/status/2079517610677526891
2026-07-21,tweetfeed,DOMAIN,lockalcontractiongesatate.cc,phishing,https://x.com/patialavii/status/2079517610677526891
2026-07-21,tweetfeed,DOMAIN,sup.desarrollosoftwaresco.shop,n/a,https://x.com/skocherhan/status/2079521177450565651
2026-07-21,tweetfeed,DOMAIN,ethereum-rpc.publicnode.com,n/a,https://x.com/stop_spammerz/status/2079534358914850868
2026-07-21,tweetfeed,DOMAIN,telegram-vpn.fun,"phishing, scam",https://x.com/c9lab_soc/status/2079536361896329308
2026-07-21,tweetfeed,DOMAIN,volkswagenfinancialservicesbrasil.com,"phishing, scam",https://x.com/c9lab_soc/status/2079536471099220179
2026-07-21,tweetfeed,DOMAIN,shanbo-valve.com,phishing,https://x.com/masaomi346/status/2079548041007362474
2026-07-21,tweetfeed,DOMAIN,vfvxvbb.com,n/a,https://x.com/bomccss/status/2079559037830807925
2026-07-21,tweetfeed,DOMAIN,jb.mywwjj.xyz,n/a,https://x.com/skocherhan/status/2079559968450134457
2026-07-21,tweetfeed,DOMAIN,fffbx.com,n/a,https://x.com/skocherhan/status/2079561348644516151
2026-07-21,tweetfeed,DOMAIN,bnmnui.com,n/a,https://x.com/skocherhan/status/2079561348644516151
2026-07-21,tweetfeed,DOMAIN,hbnbgjh.com,n/a,https://x.com/skocherhan/status/2079561348644516151
2026-07-21,tweetfeed,DOMAIN,vcggbft.com,n/a,https://x.com/skocherhan/status/2079561348644516151
2026-07-21,tweetfeed,DOMAIN,niygni.com,n/a,https://x.com/skocherhan/status/2079561348644516151
2026-07-21,tweetfeed,DOMAIN,xajosu.shorts.gy,n/a,https://x.com/skocherhan/status/2079568209359831300
2026-07-21,tweetfeed,DOMAIN,zetewawe.shorts.gy,n/a,https://x.com/skocherhan/status/2079568209359831300
2026-07-21,tweetfeed,DOMAIN,images.google.com.bd,phishing,https://x.com/Kb4Threatlabs/status/2079576155154272387
2026-07-21,tweetfeed,DOMAIN,images.google.dj,phishing,https://x.com/Kb4Threatlabs/status/2079576155154272387
2026-07-21,tweetfeed,DOMAIN,goldenearth.ma,n/a,https://x.com/Kb4Threatlabs/status/2079576159164203113
2026-07-21,tweetfeed,DOMAIN,document24acces.com,n/a,https://x.com/Kb4Threatlabs/status/2079576159164203113
2026-07-21,tweetfeed,DOMAIN,anglictina-doucovani.cz,n/a,https://x.com/Kb4Threatlabs/status/2079576159164203113
2026-07-21,tweetfeed,DOMAIN,camara-verde.org,n/a,https://x.com/Kb4Threatlabs/status/2079576159164203113
2026-07-21,tweetfeed,DOMAIN,demo.mybluekart.com,n/a,https://x.com/Kb4Threatlabs/status/2079576159164203113
2026-07-21,tweetfeed,DOMAIN,doc.jason-lou-teo-hock.workers.dev,n/a,https://x.com/Kb4Threatlabs/status/2079576159164203113
2026-07-21,tweetfeed,DOMAIN,ust-auth-sync-static-f049698-j874837.joel-89f.workers.dev,n/a,https://x.com/Kb4Threatlabs/status/2079576159164203113
2026-07-21,tweetfeed,DOMAIN,sefvraa.com,n/a,https://x.com/Kb4Threatlabs/status/2079576159164203113
2026-07-21,tweetfeed,DOMAIN,monntgro.com,n/a,https://x.com/Kb4Threatlabs/status/2079576159164203113
2026-07-21,tweetfeed,DOMAIN,cindymagee.net,n/a,https://x.com/Kb4Threatlabs/status/2079576159164203113
2026-07-21,tweetfeed,DOMAIN,amzn-redirecturl-dc73bfyf29-campaign.sharepoint.com,n/a,https://x.com/Kb4Threatlabs/status/2079576159164203113
2026-07-21,tweetfeed,DOMAIN,itunes321.rovitan.vu,n/a,https://x.com/Kb4Threatlabs/status/2079576159164203113
2026-07-21,tweetfeed,DOMAIN,servicesmallplanetdigitalsystems.gdipbrinfotech.vu,n/a,https://x.com/Kb4Threatlabs/status/2079576159164203113
2026-07-21,tweetfeed,DOMAIN,pittni.com,n/a,https://x.com/Kb4Threatlabs/status/2079576159164203113
2026-07-21,tweetfeed,DOMAIN,electracomproject.com,phishing,https://x.com/skocherhan/status/2079589391182303376
2026-07-21,tweetfeed,DOMAIN,nutrsipoint.com,phishing,https://x.com/skocherhan/status/2079589391182303376
2026-07-21,tweetfeed,DOMAIN,chgroup-pt.com,phishing,https://x.com/skocherhan/status/2079589391182303376
2026-07-21,tweetfeed,DOMAIN,linealem.com,phishing,https://x.com/skocherhan/status/2079589391182303376
2026-07-21,tweetfeed,DOMAIN,doctorrentexcel.com,phishing,https://x.com/skocherhan/status/2079589391182303376
2026-07-21,tweetfeed,DOMAIN,waocreativacompany.com,phishing,https://x.com/skocherhan/status/2079589391182303376
2026-07-21,tweetfeed,DOMAIN,bhmgroup.top,phishing,https://x.com/skocherhan/status/2079589391182303376
2026-07-21,tweetfeed,DOMAIN,sicpac.com,phishing,https://x.com/skocherhan/status/2079589391182303376
2026-07-21,tweetfeed,DOMAIN,cds-gruop.com,phishing,https://x.com/skocherhan/status/2079589391182303376
2026-07-21,tweetfeed,DOMAIN,pabmos.com,phishing,https://x.com/skocherhan/status/2079589391182303376
2026-07-21,tweetfeed,DOMAIN,kodify-io.com,phishing,https://x.com/skocherhan/status/2079589391182303376
2026-07-21,tweetfeed,DOMAIN,ftm-gid.net,phishing,https://x.com/skocherhan/status/2079589391182303376
2026-07-21,tweetfeed,DOMAIN,bayramestrich.site,phishing,https://x.com/skocherhan/status/2079589391182303376
2026-07-21,tweetfeed,DOMAIN,cosuno-marktplatz.online,phishing,https://x.com/skocherhan/status/2079589391182303376
2026-07-21,tweetfeed,DOMAIN,bayramestrich-berlin.site,phishing,https://x.com/skocherhan/status/2079589391182303376
2026-07-21,tweetfeed,DOMAIN,sunstatecompanie.shop,phishing,https://x.com/skocherhan/status/2079589391182303376
2026-07-21,tweetfeed,DOMAIN,eliingtongroup.com,phishing,https://x.com/skocherhan/status/2079589391182303376
2026-07-21,tweetfeed,DOMAIN,heller-gebaeudetechnik.site,phishing,https://x.com/skocherhan/status/2079589391182303376
2026-07-21,tweetfeed,DOMAIN,henselphel.top,phishing,https://x.com/skocherhan/status/2079589391182303376
2026-07-21,tweetfeed,DOMAIN,1caec4734b93f6afd9d2c90adbe48d8dc36b52dd.alwoodleybuildinganddevelopments.co.uk,phishing,https://x.com/skocherhan/status/2079589391182303376
2026-07-21,tweetfeed,DOMAIN,b311d5dd4ef08523c67110252f032bd635d71123.alwoodleybuildinganddevelopments.co.uk,phishing,https://x.com/skocherhan/status/2079589391182303376
2026-07-21,tweetfeed,DOMAIN,5646e143790fcd3087a7bbff89eee6d48c2d4ab7.alwoodleybuildinganddevelopments.co.uk,phishing,https://x.com/skocherhan/status/2079589391182303376
2026-07-21,tweetfeed,DOMAIN,nj400.info,n/a,https://x.com/skocherhan/status/2079590696932024660
2026-07-21,tweetfeed,DOMAIN,iltecnico.info,n/a,https://x.com/skocherhan/status/2079590696932024660
2026-07-21,tweetfeed,DOMAIN,newyeezyboost750sneaker.info,n/a,https://x.com/skocherhan/status/2079590696932024660
2026-07-21,tweetfeed,DOMAIN,proposeddocumentation-ff1ac0b241b3390cd595464ca.espiro.info,n/a,https://x.com/skocherhan/status/2079590696932024660
2026-07-21,tweetfeed,DOMAIN,chinaboltingcloth.com,n/a,https://x.com/skocherhan/status/2079590696932024660
2026-07-21,tweetfeed,DOMAIN,gessnapfde.de,n/a,https://x.com/skocherhan/status/2079590696932024660
2026-07-21,tweetfeed,DOMAIN,contenidoc.de,n/a,https://x.com/skocherhan/status/2079590696932024660
2026-07-21,tweetfeed,DOMAIN,bourrel-enregies.fr,n/a,https://x.com/skocherhan/status/2079590696932024660
2026-07-21,tweetfeed,DOMAIN,weiterbildenonline.de,n/a,https://x.com/skocherhan/status/2079590696932024660
2026-07-21,tweetfeed,DOMAIN,sonnenbrillenspot.de,n/a,https://x.com/skocherhan/status/2079590696932024660
2026-07-21,tweetfeed,DOMAIN,gruopeaim.fr,n/a,https://x.com/skocherhan/status/2079590696932024660
2026-07-21,tweetfeed,DOMAIN,k-team.cloud,n/a,https://x.com/skocherhan/status/2079590696932024660
2026-07-21,tweetfeed,DOMAIN,fibretecnic.es,n/a,https://x.com/skocherhan/status/2079590696932024660
2026-07-21,tweetfeed,DOMAIN,phsyan.fr,n/a,https://x.com/skocherhan/status/2079590696932024660
2026-07-21,tweetfeed,DOMAIN,amb-at.com,n/a,https://x.com/skocherhan/status/2079590696932024660
2026-07-21,tweetfeed,DOMAIN,pusealant.com,n/a,https://x.com/skocherhan/status/2079590696932024660
2026-07-21,tweetfeed,DOMAIN,espiro.info,n/a,https://x.com/skocherhan/status/2079590696932024660
2026-07-21,tweetfeed,DOMAIN,buenne.de,n/a,https://x.com/skocherhan/status/2079590696932024660
2026-07-21,tweetfeed,DOMAIN,rundwasser.de,n/a,https://x.com/skocherhan/status/2079590696932024660
2026-07-21,tweetfeed,DOMAIN,uiopworld.de,n/a,https://x.com/skocherhan/status/2079590696932024660
2026-07-21,tweetfeed,DOMAIN,enerdizerandtron.de,n/a,https://x.com/skocherhan/status/2079590696932024660
2026-07-21,tweetfeed,DOMAIN,aelyva.com,n/a,https://x.com/skocherhan/status/2079590696932024660
2026-07-21,tweetfeed,DOMAIN,mediseirv.com,n/a,https://x.com/skocherhan/status/2079590696932024660
2026-07-21,tweetfeed,DOMAIN,carlightingking.com,n/a,https://x.com/skocherhan/status/2079590696932024660
2026-07-21,tweetfeed,DOMAIN,644group.com,n/a,https://x.com/skocherhan/status/2079590696932024660
2026-07-21,tweetfeed,DOMAIN,cnaubria.com,n/a,https://x.com/skocherhan/status/2079590696932024660
2026-07-21,tweetfeed,DOMAIN,consmp.com,n/a,https://x.com/skocherhan/status/2079590696932024660
2026-07-21,tweetfeed,DOMAIN,alexgalho.com.br,n/a,https://x.com/skocherhan/status/2079590696932024660
2026-07-21,tweetfeed,DOMAIN,denisepaledzki.de,n/a,https://x.com/skocherhan/status/2079590696932024660
2026-07-21,tweetfeed,DOMAIN,schloss-castel.de,n/a,https://x.com/skocherhan/status/2079590696932024660
2026-07-21,tweetfeed,DOMAIN,doviprod.com,n/a,https://x.com/skocherhan/status/2079590696932024660
2026-07-21,tweetfeed,DOMAIN,laimane.com,n/a,https://x.com/skocherhan/status/2079590696932024660
2026-07-21,tweetfeed,DOMAIN,fruedenberg-filter.com,n/a,https://x.com/skocherhan/status/2079590696932024660
2026-07-21,tweetfeed,DOMAIN,nord-kran.fit,n/a,https://x.com/skocherhan/status/2079590696932024660
2026-07-21,tweetfeed,DOMAIN,mathentertianment.com,n/a,https://x.com/skocherhan/status/2079590696932024660
2026-07-21,tweetfeed,DOMAIN,mjmmansonry.com,n/a,https://x.com/skocherhan/status/2079590696932024660
2026-07-21,tweetfeed,DOMAIN,1nc.fr,n/a,https://x.com/skocherhan/status/2079590696932024660
2026-07-21,tweetfeed,DOMAIN,caltpartner.net,n/a,https://x.com/skocherhan/status/2079590696932024660
2026-07-21,tweetfeed,DOMAIN,narrenschlag.de,n/a,https://x.com/skocherhan/status/2079590696932024660
2026-07-21,tweetfeed,DOMAIN,archipel-amenaegment.fr,n/a,https://x.com/skocherhan/status/2079590696932024660
2026-07-21,tweetfeed,DOMAIN,balcean.net,n/a,https://x.com/skocherhan/status/2079590696932024660
2026-07-21,tweetfeed,DOMAIN,caras-br.com,n/a,https://x.com/skocherhan/status/2079590696932024660
2026-07-21,tweetfeed,DOMAIN,onee-ma.com,n/a,https://x.com/skocherhan/status/2079590696932024660
2026-07-21,tweetfeed,DOMAIN,gdwaruu.xyz,n/a,https://x.com/skocherhan/status/2079590696932024660
2026-07-21,tweetfeed,DOMAIN,karnevalkleider.de,n/a,https://x.com/skocherhan/status/2079590696932024660
2026-07-21,tweetfeed,DOMAIN,jumpast.es,n/a,https://x.com/skocherhan/status/2079590696932024660
2026-07-21,tweetfeed,DOMAIN,caarsmision.ink,n/a,https://x.com/skocherhan/status/2079590696932024660
2026-07-21,tweetfeed,DOMAIN,pfoten-nahrung.de,n/a,https://x.com/skocherhan/status/2079590696932024660
2026-07-21,tweetfeed,DOMAIN,miucca.de,n/a,https://x.com/skocherhan/status/2079590696932024660
2026-07-21,tweetfeed,DOMAIN,hydarton.de,n/a,https://x.com/skocherhan/status/2079590696932024660
2026-07-21,tweetfeed,DOMAIN,telegas.ink,n/a,https://x.com/skocherhan/status/2079590696932024660
2026-07-21,tweetfeed,DOMAIN,testing219-dprfjohpghme.edgeone.app,n/a,https://x.com/skocherhan/status/2079590696932024660
2026-07-21,tweetfeed,DOMAIN,germodis.rest,n/a,https://x.com/skocherhan/status/2079590696932024660
2026-07-21,tweetfeed,DOMAIN,tuentrada.online,n/a,https://x.com/skocherhan/status/2079590696932024660
2026-07-21,tweetfeed,DOMAIN,teknowool.art,n/a,https://x.com/skocherhan/status/2079590696932024660
2026-07-21,tweetfeed,DOMAIN,attachment-0ffice-365-auths.netlify.app,n/a,https://x.com/skocherhan/status/2079590696932024660
2026-07-21,tweetfeed,DOMAIN,unabrilha.online,n/a,https://x.com/skocherhan/status/2079590696932024660
2026-07-21,tweetfeed,DOMAIN,premiata.rest,n/a,https://x.com/skocherhan/status/2079590696932024660
2026-07-21,tweetfeed,DOMAIN,biggeststunts.eu,n/a,https://x.com/skocherhan/status/2079590696932024660
2026-07-21,tweetfeed,DOMAIN,ksandaeniyan.rest,n/a,https://x.com/skocherhan/status/2079590696932024660
2026-07-21,tweetfeed,DOMAIN,chemix.biz,n/a,https://x.com/skocherhan/status/2079590696932024660
2026-07-21,tweetfeed,DOMAIN,teateribsen.xyz,n/a,https://x.com/skocherhan/status/2079590696932024660
2026-07-21,tweetfeed,DOMAIN,asiagofood.eu,n/a,https://x.com/skocherhan/status/2079590696932024660
2026-07-21,tweetfeed,DOMAIN,pasteorsdn.click,n/a,https://x.com/skocherhan/status/2079590696932024660
2026-07-21,tweetfeed,DOMAIN,eliasarqiutectos.es,n/a,https://x.com/skocherhan/status/2079590696932024660
2026-07-21,tweetfeed,DOMAIN,nordnesbetong.xyz,n/a,https://x.com/skocherhan/status/2079590696932024660
2026-07-21,tweetfeed,DOMAIN,blkwugh.de,n/a,https://x.com/skocherhan/status/2079590696932024660
2026-07-21,tweetfeed,DOMAIN,whitmore.rest,n/a,https://x.com/skocherhan/status/2079590696932024660
2026-07-21,tweetfeed,DOMAIN,vestmargruppen.xyz,n/a,https://x.com/skocherhan/status/2079590696932024660
2026-07-21,tweetfeed,DOMAIN,zupar.online,n/a,https://x.com/skocherhan/status/2079590696932024660
2026-07-21,tweetfeed,DOMAIN,odlersadyas.click,n/a,https://x.com/skocherhan/status/2079590696932024660
2026-07-21,tweetfeed,DOMAIN,paxin.online,n/a,https://x.com/skocherhan/status/2079590696932024660
2026-07-21,tweetfeed,DOMAIN,navabi.online,n/a,https://x.com/skocherhan/status/2079590696932024660
2026-07-21,tweetfeed,DOMAIN,schtrekh.de,n/a,https://x.com/skocherhan/status/2079590696932024660
2026-07-21,tweetfeed,DOMAIN,mietinen.xyz,n/a,https://x.com/skocherhan/status/2079590696932024660
2026-07-21,tweetfeed,DOMAIN,varrofire.net,n/a,https://x.com/skocherhan/status/2079590696932024660
2026-07-21,tweetfeed,DOMAIN,luxdrop.online,n/a,https://x.com/skocherhan/status/2079590696932024660
2026-07-21,tweetfeed,DOMAIN,holigathyx.de,n/a,https://x.com/skocherhan/status/2079590696932024660
2026-07-21,tweetfeed,DOMAIN,kreida.de,n/a,https://x.com/skocherhan/status/2079590696932024660
2026-07-21,tweetfeed,DOMAIN,spacers.online,n/a,https://x.com/skocherhan/status/2079590696932024660
2026-07-21,tweetfeed,DOMAIN,thoriehinds.online,n/a,https://x.com/skocherhan/status/2079590696932024660
2026-07-21,tweetfeed,DOMAIN,annaehen.de,n/a,https://x.com/skocherhan/status/2079590696932024660
2026-07-21,tweetfeed,DOMAIN,vcssoul.online,n/a,https://x.com/skocherhan/status/2079590696932024660
2026-07-21,tweetfeed,DOMAIN,corlogo.com,n/a,https://x.com/skocherhan/status/2079590696932024660
2026-07-21,tweetfeed,DOMAIN,hemlock-sauna.de,n/a,https://x.com/skocherhan/status/2079590696932024660
2026-07-21,tweetfeed,DOMAIN,kern-bua-malhberg.de,n/a,https://x.com/skocherhan/status/2079590696932024660
2026-07-21,tweetfeed,DOMAIN,bizg.lucya-assur.com,n/a,https://x.com/skocherhan/status/2079590696932024660
2026-07-21,tweetfeed,DOMAIN,codexperts.online,n/a,https://x.com/skocherhan/status/2079590696932024660
2026-07-21,tweetfeed,DOMAIN,ctwelo.de,n/a,https://x.com/skocherhan/status/2079590696932024660
2026-07-21,tweetfeed,DOMAIN,razen.online,n/a,https://x.com/skocherhan/status/2079590696932024660
2026-07-21,tweetfeed,DOMAIN,gigasmall.de,n/a,https://x.com/skocherhan/status/2079590696932024660
2026-07-21,tweetfeed,DOMAIN,vestmar-regnskap.xyz,n/a,https://x.com/skocherhan/status/2079590696932024660
2026-07-21,tweetfeed,DOMAIN,theoceanac.online,n/a,https://x.com/skocherhan/status/2079590696932024660
2026-07-21,tweetfeed,DOMAIN,nordkappbilservice.xyz,n/a,https://x.com/skocherhan/status/2079590696932024660
2026-07-21,tweetfeed,DOMAIN,ezquantum.online,n/a,https://x.com/skocherhan/status/2079590696932024660
2026-07-21,tweetfeed,DOMAIN,mcanique.de,n/a,https://x.com/skocherhan/status/2079590696932024660
2026-07-21,tweetfeed,DOMAIN,newspecialtieslm.pro,n/a,https://x.com/skocherhan/status/2079590696932024660
2026-07-21,tweetfeed,DOMAIN,gipfelsee.de,n/a,https://x.com/skocherhan/status/2079590696932024660
2026-07-21,tweetfeed,DOMAIN,canellasproteccio.de,n/a,https://x.com/skocherhan/status/2079590696932024660
2026-07-21,tweetfeed,DOMAIN,finquesrodes.de,n/a,https://x.com/skocherhan/status/2079590696932024660
2026-07-21,tweetfeed,DOMAIN,perientiaea.xyz,n/a,https://x.com/skocherhan/status/2079590696932024660
2026-07-21,tweetfeed,DOMAIN,uoq24.de,n/a,https://x.com/skocherhan/status/2079590696932024660
2026-07-21,tweetfeed,DOMAIN,pokergram.de,n/a,https://x.com/skocherhan/status/2079590696932024660
2026-07-21,tweetfeed,DOMAIN,portalwale.online,n/a,https://x.com/skocherhan/status/2079590696932024660
2026-07-21,tweetfeed,DOMAIN,resstrgt.cloud,n/a,https://x.com/skocherhan/status/2079590696932024660
2026-07-21,tweetfeed,DOMAIN,quallepi.cloud,n/a,https://x.com/skocherhan/status/2079590696932024660
2026-07-21,tweetfeed,DOMAIN,nexoriax.online,n/a,https://x.com/skocherhan/status/2079590696932024660
2026-07-21,tweetfeed,DOMAIN,fongoes.de,n/a,https://x.com/skocherhan/status/2079590696932024660
2026-07-21,tweetfeed,DOMAIN,semaphroes.fr,n/a,https://x.com/skocherhan/status/2079590696932024660
2026-07-21,tweetfeed,DOMAIN,rydsglas.xyz,n/a,https://x.com/skocherhan/status/2079590696932024660
2026-07-21,tweetfeed,DOMAIN,eguirre.com,n/a,https://x.com/skocherhan/status/2079590696932024660
2026-07-21,tweetfeed,DOMAIN,scoscftwdonline.help,n/a,https://x.com/skocherhan/status/2079590696932024660
2026-07-21,tweetfeed,DOMAIN,sesternskyconstruction.online,n/a,https://x.com/skocherhan/status/2079590696932024660
2026-07-21,tweetfeed,DOMAIN,limesables.de,n/a,https://x.com/skocherhan/status/2079590696932024660
2026-07-21,tweetfeed,DOMAIN,reinarded.com,n/a,https://x.com/skocherhan/status/2079590696932024660
2026-07-21,tweetfeed,DOMAIN,srbueno.com,n/a,https://x.com/skocherhan/status/2079590696932024660
2026-07-21,tweetfeed,DOMAIN,parallelva.online,n/a,https://x.com/skocherhan/status/2079590696932024660
2026-07-21,tweetfeed,DOMAIN,skereklam.xyz,n/a,https://x.com/skocherhan/status/2079590696932024660
2026-07-21,tweetfeed,DOMAIN,autopartner.fit,n/a,https://x.com/skocherhan/status/2079590696932024660
2026-07-21,tweetfeed,DOMAIN,apcersl.com,n/a,https://x.com/skocherhan/status/2079590696932024660
2026-07-21,tweetfeed,DOMAIN,luxusimmobilien.store,n/a,https://x.com/skocherhan/status/2079590696932024660
2026-07-21,tweetfeed,DOMAIN,nieuweroord.online,n/a,https://x.com/skocherhan/status/2079590696932024660
2026-07-21,tweetfeed,DOMAIN,skereklam.fit,n/a,https://x.com/skocherhan/status/2079590696932024660
2026-07-21,tweetfeed,DOMAIN,hecral.es,n/a,https://x.com/skocherhan/status/2079590696932024660
2026-07-21,tweetfeed,DOMAIN,ibertecnica.es,n/a,https://x.com/skocherhan/status/2079590696932024660
2026-07-21,tweetfeed,DOMAIN,dinacewe.de,n/a,https://x.com/skocherhan/status/2079590696932024660
2026-07-21,tweetfeed,DOMAIN,sabisabd.com,n/a,https://x.com/skocherhan/status/2079590696932024660
2026-07-21,tweetfeed,DOMAIN,frielsandcampina.com,n/a,https://x.com/skocherhan/status/2079590696932024660
2026-07-21,tweetfeed,DOMAIN,vardag.fit,n/a,https://x.com/skocherhan/status/2079590696932024660
2026-07-21,tweetfeed,DOMAIN,llym.es,n/a,https://x.com/skocherhan/status/2079590696932024660
2026-07-21,tweetfeed,DOMAIN,abtei.online,n/a,https://x.com/skocherhan/status/2079590696932024660
2026-07-21,tweetfeed,DOMAIN,planuml.online,n/a,https://x.com/skocherhan/status/2079590696932024660
2026-07-21,tweetfeed,DOMAIN,domsedte.space,n/a,https://x.com/skocherhan/status/2079590696932024660
2026-07-21,tweetfeed,DOMAIN,projectorion.online,n/a,https://x.com/skocherhan/status/2079590696932024660
2026-07-21,tweetfeed,DOMAIN,groupaz.online,n/a,https://x.com/skocherhan/status/2079590696932024660
2026-07-21,tweetfeed,DOMAIN,latiendatotaal.online,n/a,https://x.com/skocherhan/status/2079590696932024660
2026-07-21,tweetfeed,DOMAIN,vejt.ink,n/a,https://x.com/skocherhan/status/2079590696932024660
2026-07-21,tweetfeed,DOMAIN,raschkauf.de,n/a,https://x.com/skocherhan/status/2079590696932024660
2026-07-21,tweetfeed,DOMAIN,linkopings-plattsattning.ink,n/a,https://x.com/skocherhan/status/2079590696932024660
2026-07-21,tweetfeed,DOMAIN,todocuacho.es,n/a,https://x.com/skocherhan/status/2079590696932024660
2026-07-21,tweetfeed,DOMAIN,composcrsft.space,n/a,https://x.com/skocherhan/status/2079590696932024660
2026-07-21,tweetfeed,DOMAIN,tpsgroussard.de,n/a,https://x.com/skocherhan/status/2079590696932024660
2026-07-21,tweetfeed,DOMAIN,tribr.online,n/a,https://x.com/skocherhan/status/2079590696932024660
2026-07-21,tweetfeed,DOMAIN,grup-irc.es,n/a,https://x.com/skocherhan/status/2079590696932024660
2026-07-21,tweetfeed,DOMAIN,granum-salis.de,n/a,https://x.com/skocherhan/status/2079590696932024660
2026-07-21,tweetfeed,DOMAIN,bacnati.com,n/a,https://x.com/skocherhan/status/2079590696932024660
2026-07-21,tweetfeed,DOMAIN,iberdaye.de,n/a,https://x.com/skocherhan/status/2079590696932024660
2026-07-21,tweetfeed,DOMAIN,composmcrsftc.site,n/a,https://x.com/skocherhan/status/2079590696932024660
2026-07-21,tweetfeed,DOMAIN,proffsen.biz,n/a,https://x.com/skocherhan/status/2079590696932024660
2026-07-21,tweetfeed,DOMAIN,alacfonta.es,n/a,https://x.com/skocherhan/status/2079590696932024660
2026-07-21,tweetfeed,DOMAIN,aelavsa.es,n/a,https://x.com/skocherhan/status/2079590696932024660
2026-07-21,tweetfeed,DOMAIN,prolinor.de,n/a,https://x.com/skocherhan/status/2079590696932024660
2026-07-21,tweetfeed,DOMAIN,voss-salestraining.de,n/a,https://x.com/skocherhan/status/2079590696932024660
2026-07-21,tweetfeed,DOMAIN,mrcnsrl.help,n/a,https://x.com/skocherhan/status/2079590696932024660
2026-07-21,tweetfeed,DOMAIN,spasier.de,n/a,https://x.com/skocherhan/status/2079590696932024660
2026-07-21,tweetfeed,DOMAIN,stadt-fahrrad.de,n/a,https://x.com/skocherhan/status/2079590696932024660
2026-07-21,tweetfeed,DOMAIN,hatchkollektiv.de,n/a,https://x.com/skocherhan/status/2079590696932024660
2026-07-21,tweetfeed,DOMAIN,ihkwiz.de,n/a,https://x.com/skocherhan/status/2079590696932024660
2026-07-21,tweetfeed,DOMAIN,mcrnetspa.me,n/a,https://x.com/skocherhan/status/2079590696932024660
2026-07-21,tweetfeed,DOMAIN,angeljens.de,n/a,https://x.com/skocherhan/status/2079590696932024660
2026-07-21,tweetfeed,DOMAIN,jema.world,n/a,https://x.com/skocherhan/status/2079590696932024660
2026-07-21,tweetfeed,DOMAIN,heikeskoestlichkeiten.de,n/a,https://x.com/skocherhan/status/2079590696932024660
2026-07-21,tweetfeed,DOMAIN,artersde.de,n/a,https://x.com/skocherhan/status/2079590696932024660
2026-07-21,tweetfeed,DOMAIN,metailcasagn.es,n/a,https://x.com/skocherhan/status/2079590696932024660
2026-07-21,tweetfeed,DOMAIN,bechesrds.de,n/a,https://x.com/skocherhan/status/2079590696932024660
2026-07-21,tweetfeed,DOMAIN,raibagw.de,n/a,https://x.com/skocherhan/status/2079590696932024660
2026-07-21,tweetfeed,DOMAIN,musikgarten-wessling.de,n/a,https://x.com/skocherhan/status/2079590696932024660
2026-07-21,tweetfeed,DOMAIN,youtuniverse.de,n/a,https://x.com/skocherhan/status/2079590696932024660
2026-07-21,tweetfeed,DOMAIN,haizelur.de,n/a,https://x.com/skocherhan/status/2079590696932024660
2026-07-21,tweetfeed,DOMAIN,dacysir.de,n/a,https://x.com/skocherhan/status/2079590696932024660
2026-07-21,tweetfeed,DOMAIN,salcoo.de,n/a,https://x.com/skocherhan/status/2079590696932024660
2026-07-21,tweetfeed,DOMAIN,garsianor.de,n/a,https://x.com/skocherhan/status/2079590696932024660
2026-07-21,tweetfeed,DOMAIN,hhmaler.ink,n/a,https://x.com/skocherhan/status/2079590696932024660
2026-07-21,tweetfeed,DOMAIN,servasco.de,n/a,https://x.com/skocherhan/status/2079590696932024660
2026-07-21,tweetfeed,DOMAIN,adferr.de,n/a,https://x.com/skocherhan/status/2079590696932024660
2026-07-21,tweetfeed,DOMAIN,derkleineengelladen.de,n/a,https://x.com/skocherhan/status/2079590696932024660
2026-07-21,tweetfeed,DOMAIN,web2zoom.com,n/a,https://x.com/skocherhan/status/2079590696932024660
2026-07-21,tweetfeed,DOMAIN,sf-profiliertechnik.de,n/a,https://x.com/skocherhan/status/2079590696932024660
2026-07-21,tweetfeed,DOMAIN,casa-calahonda.de,n/a,https://x.com/skocherhan/status/2079590696932024660
2026-07-21,tweetfeed,DOMAIN,ungvanster.cloud,n/a,https://x.com/skocherhan/status/2079590696932024660
2026-07-21,tweetfeed,DOMAIN,ferienhausmitkindern.de,n/a,https://x.com/skocherhan/status/2079590696932024660
2026-07-21,tweetfeed,DOMAIN,procaver.de,n/a,https://x.com/skocherhan/status/2079590696932024660
2026-07-21,tweetfeed,DOMAIN,berliner-buzz.de,n/a,https://x.com/skocherhan/status/2079590696932024660
2026-07-21,tweetfeed,DOMAIN,hhghilfarth.de,n/a,https://x.com/skocherhan/status/2079590696932024660
2026-07-21,tweetfeed,DOMAIN,zumkleben.de,n/a,https://x.com/skocherhan/status/2079590696932024660
2026-07-21,tweetfeed,DOMAIN,markushepp.de,n/a,https://x.com/skocherhan/status/2079590696932024660
2026-07-21,tweetfeed,DOMAIN,gevernova.cc,n/a,https://x.com/skocherhan/status/2079590696932024660
2026-07-21,tweetfeed,DOMAIN,platinumkreditkarte.de,n/a,https://x.com/skocherhan/status/2079590696932024660
2026-07-21,tweetfeed,DOMAIN,freunde-polens.de,n/a,https://x.com/skocherhan/status/2079590696932024660
2026-07-21,tweetfeed,DOMAIN,chocobrand.de,n/a,https://x.com/skocherhan/status/2079590696932024660
2026-07-21,tweetfeed,DOMAIN,dev.gotdns.ch,n/a,https://x.com/skocherhan/status/2079590696932024660
2026-07-21,tweetfeed,DOMAIN,luxus-dachwohnung.de,n/a,https://x.com/skocherhan/status/2079590696932024660
2026-07-21,tweetfeed,DOMAIN,bab-exoflow.de,n/a,https://x.com/skocherhan/status/2079590696932024660
2026-07-21,tweetfeed,DOMAIN,railsider.de,n/a,https://x.com/skocherhan/status/2079590696932024660
2026-07-21,tweetfeed,DOMAIN,al-rashdgroup.com,n/a,https://x.com/skocherhan/status/2079590696932024660
2026-07-21,tweetfeed,DOMAIN,hochzeitsstadt-kiel.de,n/a,https://x.com/skocherhan/status/2079590696932024660
2026-07-21,tweetfeed,DOMAIN,wiendeshope.de,n/a,https://x.com/skocherhan/status/2079590696932024660
2026-07-21,tweetfeed,DOMAIN,sauchier-boullet.com,n/a,https://x.com/skocherhan/status/2079590696932024660
2026-07-21,tweetfeed,DOMAIN,eservices-flenker.de,n/a,https://x.com/skocherhan/status/2079590696932024660
2026-07-21,tweetfeed,DOMAIN,vertriebssuite.de,n/a,https://x.com/skocherhan/status/2079590696932024660
2026-07-21,tweetfeed,DOMAIN,vivancoshop.de,n/a,https://x.com/skocherhan/status/2079590696932024660
2026-07-21,tweetfeed,DOMAIN,ixoe.re,n/a,https://x.com/skocherhan/status/2079590696932024660
2026-07-21,tweetfeed,DOMAIN,reactioncrowd.de,n/a,https://x.com/skocherhan/status/2079590696932024660
2026-07-21,tweetfeed,DOMAIN,log-servlces.fr,n/a,https://x.com/skocherhan/status/2079590696932024660
2026-07-21,tweetfeed,DOMAIN,callehermosilla.com,n/a,https://x.com/skocherhan/status/2079590696932024660
2026-07-21,tweetfeed,DOMAIN,nitirakilka.es,n/a,https://x.com/skocherhan/status/2079590696932024660
2026-07-21,tweetfeed,DOMAIN,ligtmwol.de,n/a,https://x.com/skocherhan/status/2079590696932024660
2026-07-21,tweetfeed,DOMAIN,hhglows.cloud,n/a,https://x.com/skocherhan/status/2079590696932024660
2026-07-21,tweetfeed,DOMAIN,kapolfmb.com,n/a,https://x.com/skocherhan/status/2079590696932024660
2026-07-21,tweetfeed,DOMAIN,bjrocket.pro,n/a,https://x.com/skocherhan/status/2079590696932024660
2026-07-21,tweetfeed,DOMAIN,highskywaves.live,n/a,https://x.com/skocherhan/status/2079590696932024660
2026-07-21,tweetfeed,DOMAIN,servitria.de,n/a,https://x.com/skocherhan/status/2079590696932024660
2026-07-21,tweetfeed,DOMAIN,grupolfpe.com,n/a,https://x.com/skocherhan/status/2079590696932024660
2026-07-21,tweetfeed,DOMAIN,vmconstrucciones.de,n/a,https://x.com/skocherhan/status/2079590696932024660
2026-07-21,tweetfeed,DOMAIN,sorenenergiaa.de,n/a,https://x.com/skocherhan/status/2079590696932024660
2026-07-21,tweetfeed,DOMAIN,arenaylaurisilva.de,n/a,https://x.com/skocherhan/status/2079590696932024660
2026-07-21,tweetfeed,DOMAIN,sarralle.de,n/a,https://x.com/skocherhan/status/2079590696932024660
2026-07-21,tweetfeed,DOMAIN,caladair.online,n/a,https://x.com/skocherhan/status/2079590696932024660
2026-07-21,tweetfeed,DOMAIN,alkivent.de,n/a,https://x.com/skocherhan/status/2079590696932024660
2026-07-21,tweetfeed,DOMAIN,imperialnims.cloud,n/a,https://x.com/skocherhan/status/2079590696932024660
2026-07-21,tweetfeed,DOMAIN,hotel-caller.com,n/a,https://x.com/skocherhan/status/2079590696932024660
2026-07-21,tweetfeed,DOMAIN,groupeprotectionsecurit.com,n/a,https://x.com/skocherhan/status/2079590696932024660
2026-07-21,tweetfeed,DOMAIN,softoniconline.help,n/a,https://x.com/skocherhan/status/2079590696932024660
2026-07-21,tweetfeed,DOMAIN,ekorrit.site,n/a,https://x.com/skocherhan/status/2079590696932024660
2026-07-21,tweetfeed,DOMAIN,lumanotch.cc,n/a,https://x.com/L0Psec/status/2079591999158583706
2026-07-21,tweetfeed,DOMAIN,volkswagenfinancial.com,"phishing, scam",https://x.com/skocherhan/status/2079685716469010633
2026-07-21,tweetfeed,DOMAIN,unionpayintibl.com,"phishing, scam",https://x.com/skocherhan/status/2079689333569691788
2026-07-21,tweetfeed,DOMAIN,webversie-verkeer.com,"phishing, scam",https://x.com/skocherhan/status/2079690802452652343
2026-07-21,tweetfeed,DOMAIN,layer3block.com,"phishing, scam",https://x.com/skocherhan/status/2079690802452652343
2026-07-21,tweetfeed,DOMAIN,anwbcheck-uwvalidatie.com,"phishing, scam",https://x.com/skocherhan/status/2079690802452652343
2026-07-21,tweetfeed,DOMAIN,ai-b-update-today.com,"phishing, scam",https://x.com/skocherhan/status/2079690802452652343
2026-07-21,tweetfeed,DOMAIN,ai-b-updatetoday.com,"phishing, scam",https://x.com/skocherhan/status/2079690802452652343
2026-07-21,tweetfeed,DOMAIN,teamwork-recover-password.com,"phishing, scam",https://x.com/skocherhan/status/2079692769321275511
2026-07-21,tweetfeed,DOMAIN,confirm-your-order.com,"phishing, scam",https://x.com/skocherhan/status/2079692769321275511
2026-07-21,tweetfeed,DOMAIN,whatsappbusineses.com,"phishing, scam",https://x.com/skocherhan/status/2079692769321275511
2026-07-21,tweetfeed,DOMAIN,account-sams-club.com,"phishing, scam",https://x.com/skocherhan/status/2079692769321275511
2026-07-21,tweetfeed,DOMAIN,namshi-uae.com,"phishing, scam",https://x.com/skocherhan/status/2079692769321275511
2026-07-21,tweetfeed,DOMAIN,sephoras.org,"phishing, scam",https://x.com/skocherhan/status/2079692769321275511
2026-07-21,tweetfeed,DOMAIN,ibraq-perfumes.com,"phishing, scam",https://x.com/skocherhan/status/2079692769321275511
2026-07-21,tweetfeed,DOMAIN,stage3.wpengine-bestbidestimating.com,"phishing, scam",https://x.com/skocherhan/status/2079692769321275511
2026-07-21,tweetfeed,DOMAIN,stage3.wpengine-tennisintheparks.com,"phishing, scam",https://x.com/skocherhan/status/2079692769321275511
2026-07-21,tweetfeed,DOMAIN,stage3.wpengine-tagtogs.com,"phishing, scam",https://x.com/skocherhan/status/2079692769321275511
2026-07-21,tweetfeed,DOMAIN,stage3.wpengine-flowpressousa.com,"phishing, scam",https://x.com/skocherhan/status/2079692769321275511
2026-07-21,tweetfeed,DOMAIN,stage3.wpengine-myfloraland.com,"phishing, scam",https://x.com/skocherhan/status/2079692769321275511
2026-07-21,tweetfeed,DOMAIN,stage3.wpengine-universalimaginginc.com,"phishing, scam",https://x.com/skocherhan/status/2079692769321275511
2026-07-21,tweetfeed,DOMAIN,posteitaliane-b2.servebeer.com,phishing,https://x.com/skocherhan/status/2079697817623224704
2026-07-21,tweetfeed,DOMAIN,posteitaliane-b1.ddns.net,phishing,https://x.com/skocherhan/status/2079697817623224704
2026-07-21,tweetfeed,DOMAIN,posteitaliane-a5.serveirc.com,phishing,https://x.com/skocherhan/status/2079697817623224704
2026-07-21,tweetfeed,DOMAIN,posteitaliane-a2.redirectme.net,phishing,https://x.com/skocherhan/status/2079697817623224704
2026-07-21,tweetfeed,DOMAIN,rt5467tgu.serveftp.com,phishing,https://x.com/skocherhan/status/2079697817623224704
2026-07-21,tweetfeed,DOMAIN,nexiftyz7eg68d7hu.webhop.me,phishing,https://x.com/skocherhan/status/2079697817623224704
2026-07-21,tweetfeed,DOMAIN,assistenza-spa.com,phishing,https://x.com/skocherhan/status/2079697817623224704
2026-07-21,tweetfeed,DOMAIN,in-attesa-della-conferma-di-nexi.assistenza-spa.com,phishing,https://x.com/skocherhan/status/2079697817623224704
2026-07-21,tweetfeed,DOMAIN,78yughi.servemp3.com,phishing,https://x.com/skocherhan/status/2079697817623224704
2026-07-21,tweetfeed,DOMAIN,nexi-a2.onthewifi.com,phishing,https://x.com/skocherhan/status/2079697817623224704
2026-07-21,tweetfeed,DOMAIN,nexi-a1.hopto.org,phishing,https://x.com/skocherhan/status/2079697817623224704
2026-07-22,tweetfeed,DOMAIN,order.order-tropicalismoothecaffe.com,phishing,https://x.com/skocherhan/status/2079703799904543220
2026-07-22,tweetfeed,DOMAIN,order-tropicalismoothecaffe.com,phishing,https://x.com/skocherhan/status/2079703799904543220
2026-07-22,tweetfeed,DOMAIN,wabragarill.com,phishing,https://x.com/skocherhan/status/2079703799904543220
2026-07-22,tweetfeed,DOMAIN,order-tropicallsmoothecafe.com,phishing,https://x.com/skocherhan/status/2079703799904543220
2026-07-22,tweetfeed,DOMAIN,webragarilla.com,phishing,https://x.com/skocherhan/status/2079703799904543220
2026-07-22,tweetfeed,DOMAIN,order.tropicalsmotiecafe.com,phishing,https://x.com/skocherhan/status/2079703799904543220
2026-07-22,tweetfeed,DOMAIN,matomo.eznamsk.com,phishing,https://x.com/skocherhan/status/2079703799904543220
2026-07-22,tweetfeed,DOMAIN,iraniannews.online,phishing,https://x.com/skocherhan/status/2079703799904543220
2026-07-22,tweetfeed,DOMAIN,qonta-log.online,phishing,https://x.com/skocherhan/status/2079703799904543220
2026-07-22,tweetfeed,DOMAIN,iranxfin.online,phishing,https://x.com/skocherhan/status/2079703799904543220
2026-07-22,tweetfeed,DOMAIN,tropicsmotiecafe.com,phishing,https://x.com/skocherhan/status/2079703799904543220
2026-07-22,tweetfeed,DOMAIN,tropicalsmotiecafe.com,phishing,https://x.com/skocherhan/status/2079703799904543220
2026-07-22,tweetfeed,DOMAIN,eznamsk.com,phishing,https://x.com/skocherhan/status/2079703799904543220
2026-07-22,tweetfeed,DOMAIN,toccaball.com,phishing,https://x.com/skocherhan/status/2079703799904543220
2026-07-22,tweetfeed,DOMAIN,login.kleinzgine.online,phishing,https://x.com/skocherhan/status/2079703799904543220
2026-07-22,tweetfeed,DOMAIN,kleinzgine.online,phishing,https://x.com/skocherhan/status/2079703799904543220
2026-07-22,tweetfeed,DOMAIN,kratools.com,n/a,https://x.com/DarkWebInformer/status/2079707680684544482
2026-07-22,tweetfeed,DOMAIN,skjwoodstone.com,"malware, phishing",https://x.com/masaomi346/status/2079718236665643353
2026-07-22,tweetfeed,DOMAIN,tonghedianzi.com,"malware, phishing",https://x.com/masaomi346/status/2079718236665643353
2026-07-22,tweetfeed,DOMAIN,yijiatuliao.com,"malware, phishing",https://x.com/masaomi346/status/2079718236665643353
2026-07-22,tweetfeed,DOMAIN,zhuodashufa.com,"malware, phishing",https://x.com/masaomi346/status/2079718236665643353
2026-07-22,tweetfeed,DOMAIN,blpqr4ekqlo-wjnhf98plos-0c9d1a-lxp05w.pages.dev,ransomware,https://x.com/scanmalware/status/2079733376160841991
2026-07-22,tweetfeed,DOMAIN,42tb-074w-sdzp.callummacrae-federaltaxform-com-s-account.workers.dev,phishing,https://x.com/scanmalware/status/2079736241382203736
2026-07-22,tweetfeed,DOMAIN,panel-franchise99.com,n/a,https://x.com/skocherhan/status/2079780089969926427
2026-07-22,tweetfeed,DOMAIN,online-bankingdkb.com,phishing,https://x.com/PhishStats/status/2079812625483919761
2026-07-22,tweetfeed,DOMAIN,support.aws.com,phishing,https://x.com/LDDSystems/status/2079821093892731351
2026-07-22,tweetfeed,DOMAIN,0djedia.duckdns.org,"Android, malware",https://x.com/skocherhan/status/2079847226403131412
2026-07-22,tweetfeed,DOMAIN,3jqa0awh.duckdns.org,"Android, malware",https://x.com/skocherhan/status/2079847226403131412
2026-07-22,tweetfeed,DOMAIN,7jbockzc.duckdns.org,"Android, malware",https://x.com/skocherhan/status/2079847226403131412
2026-07-22,tweetfeed,DOMAIN,a.230528.top,"Android, malware",https://x.com/skocherhan/status/2079847226403131412
2026-07-22,tweetfeed,DOMAIN,a.ngnwenh.top,"Android, malware",https://x.com/skocherhan/status/2079847226403131412
2026-07-22,tweetfeed,DOMAIN,ghj44hs.github.io,"Android, malware",https://x.com/skocherhan/status/2079847226403131412
2026-07-22,tweetfeed,DOMAIN,ishlrk27.github.io,"Android, malware",https://x.com/skocherhan/status/2079847226403131412
2026-07-15,tweetfeed,IP,154.82.93.206,n/a,https://x.com/bomccss/status/2077318457734185049
2026-07-15,tweetfeed,HASH_SHA256,af05c0b7aefa3554b15792bab2ed7460b011d62ae64841541ebc24a33dd103d6,n/a,https://x.com/bomccss/status/2077318457734185049
2026-07-15,tweetfeed,HASH_SHA256,2e05d97ed7bfabea8f7370ba627e0705ec2c0fbf3974b39437e9d95d45d1a76d,n/a,https://x.com/tdatwja/status/2077321798656647648
2026-07-15,tweetfeed,HASH_SHA256,bcd5eb0b2831c29f0cebf6fb5f29b5f10eb5c5061ea516dc2a11740751224b1a,n/a,https://x.com/bomccss/status/2077340165107012017
2026-07-15,tweetfeed,IP,194.56.225.109,n/a,https://x.com/bomccss/status/2077340752905154698
2026-07-15,tweetfeed,HASH_SHA256,9d8e67acc8362da1eb87339e548db45d8112175404df30b9960ecad208c329eb,n/a,https://x.com/bomccss/status/2077340752905154698
2026-07-15,tweetfeed,IP,16.192.76.221,"C2, RAT",https://x.com/Fact_Finder03/status/2077373446380781830
2026-07-15,tweetfeed,IP,194.102.104.220,"C2, stealer",https://x.com/Fact_Finder03/status/2077374843931226445
2026-07-15,tweetfeed,HASH_SHA256,795034792aa705f730dd498c51cbd6e472bae2e823d3a865f52bc3814fdeafd0,n/a,https://x.com/L0Psec/status/2077401458505359828
2026-07-15,tweetfeed,IP,51.178.11.181,n/a,https://x.com/L0Psec/status/2077401461822988712
2026-07-15,tweetfeed,HASH_SHA256,3b698a07be0e29a4b56329d7702ab83fa3559ad315d024dddee854c948a33b30,n/a,https://x.com/L0Psec/status/2077401463572119918
2026-07-15,tweetfeed,IP,109.199.105.207,C2,https://x.com/Fact_Finder03/status/2077408945753448705
2026-07-15,tweetfeed,HASH_SHA256,cacd53ded0157297b65cfcc0772e22f40469b658368fbd9e3a384c78c13c58c2,phishing,https://x.com/patialavii/status/2077434025673986295
2026-07-15,tweetfeed,IP,66.175.238.130,C2,https://x.com/Fact_Finder03/status/2077445337547931907
2026-07-15,tweetfeed,IP,185.132.53.171,"Sliver, opendir",https://x.com/BlinkzSec/status/2077447286028747141
2026-07-15,tweetfeed,HASH_SHA256,bce700b46e8354dc650fa1d35e6849226636bdd73f1b40b2b77e8d83dd09ed3a,"Sliver, opendir",https://x.com/BlinkzSec/status/2077447286028747141
2026-07-15,tweetfeed,HASH_SHA256,ab9be2f6c638aa257fae7d4162d1c2e69173f3e3211c46d1c46257aa029c380f,"Sliver, opendir",https://x.com/BlinkzSec/status/2077447286028747141
2026-07-15,tweetfeed,HASH_SHA256,d97cf3b80f11984d19a3ffd8173245ce055c50f0f7357dbcb7daaaa22038e51d,"Sliver, opendir",https://x.com/BlinkzSec/status/2077447286028747141
2026-07-15,tweetfeed,IP,147.124.212.207,n/a,https://x.com/Yusufcancakiir/status/2077430945053847562
2026-07-15,tweetfeed,HASH_SHA256,ae8fb7f7d00b754ba98c8b1e96b8ffc79313d42395447e7063de5a901362debe,n/a,https://x.com/Yusufcancakiir/status/2077430945053847562
2026-07-15,tweetfeed,IP,151.243.219.156,n/a,https://x.com/akaclandestine/status/2077464726766866824
2026-07-15,tweetfeed,IP,26.1.1.36,n/a,https://x.com/skocherhan/status/2077481987921547359
2026-07-15,tweetfeed,IP,26.1.1.70,n/a,https://x.com/skocherhan/status/2077481987921547359
2026-07-15,tweetfeed,HASH_SHA256,0e2d7312a79318caca8146de905da48aec617bedf9710e37c161ae3f4d4e504c,n/a,https://x.com/smica83/status/2077488190550905225
2026-07-15,tweetfeed,HASH_SHA256,1e7a7cf87fad4c2fd29547514d3065311246037efbbb734bbef0e0f2fd85a73f,n/a,https://x.com/smica83/status/2077489662554238995
2026-07-15,tweetfeed,IP,47.93.251.9,n/a,https://x.com/smica83/status/2077492492170105288
2026-07-15,tweetfeed,HASH_SHA256,a80cb6452a37a6baf1c86bd83739acea385b4639301a68a96db8e68b3965bc3c,n/a,https://x.com/smica83/status/2077492492170105288
2026-07-15,tweetfeed,IP,192.253.228.193,n/a,https://x.com/smica83/status/2077493294284562755
2026-07-15,tweetfeed,HASH_SHA256,12b920865bc8bd9bad20650a0f7849fe2856de3d72bc5f1a93bb288e8eefaca2,n/a,https://x.com/smica83/status/2077493294284562755
2026-07-15,tweetfeed,IP,136.243.22.62,n/a,https://x.com/L0Psec/status/2077493589291024873
2026-07-15,tweetfeed,IP,138.201.128.169,n/a,https://x.com/L0Psec/status/2077493589291024873
2026-07-15,tweetfeed,IP,198.135.50.70,n/a,https://x.com/L0Psec/status/2077493589291024873
2026-07-15,tweetfeed,IP,88.99.241.111,n/a,https://x.com/L0Psec/status/2077493589291024873
2026-07-15,tweetfeed,HASH_SHA256,7f6ec55f45b3ad0019453151db766882a84d714e2db3a6f607a1e97ed4ce977e,n/a,https://x.com/smica83/status/2077494434363478372
2026-07-15,tweetfeed,IP,94.140.112.72,n/a,https://x.com/smica83/status/2077495524987470313
2026-07-15,tweetfeed,HASH_SHA256,2d5dfbf29d474f2fa504a9e5d625169ab3b09ecec719d5b5ecb0cdd893d2080f,n/a,https://x.com/smica83/status/2077495524987470313
2026-07-15,tweetfeed,HASH_SHA256,842d49501e0650601458936ade269902a6182c5ba10e731be7f8a87b1d206818,n/a,https://x.com/smica83/status/2077496740920357241
2026-07-15,tweetfeed,IP,89.106.83.40,n/a,https://x.com/smica83/status/2077497947143770261
2026-07-15,tweetfeed,HASH_SHA256,1d01f60c355546557e038ded43fb27f0bfc6559bba9abedcb96a08556e311d2a,n/a,https://x.com/smica83/status/2077497947143770261
2026-07-15,tweetfeed,HASH_SHA256,c0b2ad27cbc88b9f9879923572ef88eefc509d69170fba16589ff382da463933,n/a,https://x.com/smica83/status/2077499465028571368
2026-07-16,tweetfeed,IP,185.130.45.73,C2,https://x.com/Fact_Finder03/status/2077638555439161371
2026-07-16,tweetfeed,IP,129.121.91.245,C2,https://x.com/Fact_Finder03/status/2077646882869026949
2026-07-16,tweetfeed,IP,199.217.99.134,n/a,https://x.com/Fact_Finder03/status/2077662518605123655
2026-07-16,tweetfeed,IP,159.198.32.215,C2,https://x.com/Fact_Finder03/status/2077678121432572389
2026-07-16,tweetfeed,HASH_SHA256,ed2c4429cf27e19aa6881d86bc5b42c21470525564fc53be688b9b26c83db766,n/a,https://x.com/Now_on_VT/status/2077680073293865113
2026-07-16,tweetfeed,IP,72.5.43.81,n/a,https://x.com/malwrhunterteam/status/2077718372486197256
2026-07-16,tweetfeed,IP,157.254.223.141,"Remcos, opendir",https://x.com/James_inthe_box/status/2077732994375414130
2026-07-16,tweetfeed,IP,47.116.115.7,n/a,https://x.com/malwrhunterteam/status/2077733700544946623
2026-07-16,tweetfeed,HASH_SHA256,d2b62eee5728ff226066619e52120810d010d149e7424eaabd15fbbaf7a64813,n/a,https://x.com/smica83/status/2077735468049776710
2026-07-16,tweetfeed,IP,72.167.149.182,n/a,https://x.com/malwrhunterteam/status/2077741512050282830
2026-07-16,tweetfeed,IP,43.165.131.12,phishing,https://x.com/harugasumi/status/2077747144849854615
2026-07-16,tweetfeed,IP,43.160.196.113,phishing,https://x.com/harugasumi/status/2077747144849854615
2026-07-16,tweetfeed,HASH_SHA256,dc4f25b2247cfdd6fc96848db30a178baa4419a4c854e86e315b465836102d14,n/a,https://x.com/Now_on_VT/status/2077747327716958510
2026-07-16,tweetfeed,IP,38.181.22.171,n/a,https://x.com/smica83/status/2077757678961545508
2026-07-16,"threatfox,tweetfeed",HASH_SHA256,0e8553970999b60c3a0a2637e0c282ca52b33d3e3ae88c99b6fa426bddc0075d,n/a,https://x.com/smica83/status/2077757678961545508
2026-07-16,tweetfeed,IP,46.151.182.51,n/a,https://x.com/smica83/status/2077758504085885192
2026-07-16,tweetfeed,HASH_SHA256,4918677f8c77dbbe93d77225a871467ef6f5b0fff11e558460725370e228252b,n/a,https://x.com/smica83/status/2077758504085885192
2026-07-16,tweetfeed,HASH_SHA256,b0bb24ef186899d151218036cf4f9f62de9a2a881f9e0fce576c428995f14a58,n/a,https://x.com/smica83/status/2077759418976919891
2026-07-16,tweetfeed,IP,107.155.100.238,n/a,https://x.com/Threatlabz/status/2077801434066911245
2026-07-16,tweetfeed,IP,193.24.123.18,n/a,https://x.com/Threatlabz/status/2077801434066911245
2026-07-16,tweetfeed,IP,193.111.125.37,malware,https://x.com/Malwarehunterr/status/2077820782978510901
2026-07-16,tweetfeed,HASH_SHA256,2d635592d0ec00bbb0eeb4ce9506a194e33f741a36b76978320a19d547c7a020,malware,https://x.com/Malwarehunterr/status/2077820782978510901
2026-07-16,tweetfeed,IP,102.37.147.45,phishing,https://x.com/Malwarehunterr/status/2077824851407155520
2026-07-16,tweetfeed,IP,198.202.211.1,n/a,https://x.com/TheKn0ck0ut/status/2077842977377193994
2026-07-16,tweetfeed,IP,57.128.226.44,n/a,https://x.com/Kostastsale/status/2077851215598326007
2026-07-16,tweetfeed,IP,83.21.30.6,n/a,https://x.com/Kostastsale/status/2077851215598326007
2026-07-16,tweetfeed,HASH_SHA256,6c3e38980064e260ba599f27185716bec6b06f1142a6f9280e6c39ae6ef5f3e2,n/a,https://x.com/Kostastsale/status/2077851215598326007
2026-07-16,tweetfeed,IP,89.34.90.33,"Android, C2, malware",https://x.com/Malwarehunterr/status/2077864858750693816
2026-07-16,tweetfeed,IP,77.111.101.227,"APT, RAT, malware",https://x.com/akaclandestine/status/2077823522446196872
2026-07-16,tweetfeed,HASH_SHA256,1fafebe7c23d56c97c494af77edcc98924d9cda642d22e74fda79cedaf90f654,"malware, phishing",https://x.com/tial_cl/status/2077880270976385036
2026-07-17,tweetfeed,HASH_SHA256,6b60214a0b1ef062d98869960edf73a22fd9dd6f20623270f400dda061399e25,"malware, phishing",https://x.com/tial_cl/status/2077888505330450790
2026-07-17,tweetfeed,IP,45.74.61.7,phishing,https://x.com/PhishStats/status/2077998482191733188
2026-07-17,tweetfeed,HASH_SHA256,974974cb3771f3511b28056d6170d30536eefe022304eeaac4e47d4b598f76b0,"Android, malware",https://x.com/smica83/status/2078022693757108299
2026-07-17,tweetfeed,HASH_SHA256,c6528aba9265127234f36dab178d1688b541c1878ba3093ddd7d5b84535a9d76,"Android, malware",https://x.com/smica83/status/2078022693757108299
2026-07-17,tweetfeed,IP,20.214.200.147,"C2, stealer",https://x.com/Fact_Finder03/status/2078027513499131924
2026-07-17,tweetfeed,HASH_SHA256,11ca56a9238bcf1d0dee63a5dbfa000286109b42f894bf2ff24bd93d143feb48,"C2, stealer",https://x.com/Fact_Finder03/status/2078027513499131924
2026-07-17,tweetfeed,HASH_SHA256,7e0ef726444e5b51dbb66251ba6eecc559153bedd43e288985f6420e53c09cc0,"C2, stealer",https://x.com/Fact_Finder03/status/2078027513499131924
2026-07-17,tweetfeed,HASH_SHA256,3878dd5c8eba1e5b53ab2e07e7b5482e95a3fd3e98268bcd7861318bc9902376,n/a,https://x.com/Now_on_VT/status/2078040737048821796
2026-07-17,tweetfeed,IP,20.205.31.8,C2,https://x.com/Fact_Finder03/status/2078045542664270098
2026-07-17,tweetfeed,HASH_SHA256,e78621a003939efda0a6eab548c07a25167275be9fd70da1d4c2b8833fbff104,n/a,https://x.com/smica83/status/2078048583677325660
2026-07-17,tweetfeed,HASH_SHA256,21e5d1db878d6830f1830e8f6675250cac209c9d8453617436ce8d1f09c1d9ae,n/a,https://x.com/smica83/status/2078048583677325660
2026-07-17,tweetfeed,HASH_SHA256,7fdd6fde6ea2e3d40119544558b89ec7d1f295a2b00e2f1383cb728caae1af74,n/a,https://x.com/smica83/status/2078050185112924413
2026-07-17,tweetfeed,IP,47.243.59.62,n/a,https://x.com/smica83/status/2078053124187582618
2026-07-17,tweetfeed,HASH_SHA256,e4283d10ea2d8bfe524e2da68870d67653ce895ff4fcafdef68edc47576a5e3c,n/a,https://x.com/smica83/status/2078053124187582618
2026-07-17,tweetfeed,IP,206.119.81.53,n/a,https://x.com/smica83/status/2078054634342519271
2026-07-17,tweetfeed,HASH_SHA256,8a72afcb3bdd892ae106b2e6c7bd3df4e4be98f151342509603e31d7efd555f3,n/a,https://x.com/smica83/status/2078054634342519271
2026-07-17,tweetfeed,HASH_SHA256,e67a284bd0be98ea328522cdf3b2941627fcbae8d9ec186a563ba5c942d30ba2,n/a,https://x.com/jaydinbas/status/2078108275908755760
2026-07-17,tweetfeed,IP,185.199.197.216,"C2, RAT",https://x.com/Fact_Finder03/status/2078119588534137190
2026-07-17,tweetfeed,IP,118.107.19.103,n/a,https://x.com/teamcymru_S2/status/2078199955047543181
2026-07-17,tweetfeed,IP,27.124.40.9,n/a,https://x.com/teamcymru_S2/status/2078199955047543181
2026-07-17,tweetfeed,IP,27.124.40.10,n/a,https://x.com/teamcymru_S2/status/2078199955047543181
2026-07-17,tweetfeed,IP,27.124.40.11,n/a,https://x.com/teamcymru_S2/status/2078199955047543181
2026-07-17,tweetfeed,IP,108.187.7.35,n/a,https://x.com/teamcymru_S2/status/2078199955047543181
2026-07-17,tweetfeed,IP,192.238.181.37,n/a,https://x.com/teamcymru_S2/status/2078199955047543181
2026-07-17,tweetfeed,IP,192.238.181.60,n/a,https://x.com/teamcymru_S2/status/2078199955047543181
2026-07-17,tweetfeed,IP,111.92.242.193,n/a,https://x.com/teamcymru_S2/status/2078199955047543181
2026-07-17,tweetfeed,IP,202.79.166.60,n/a,https://x.com/teamcymru_S2/status/2078199955047543181
2026-07-17,tweetfeed,IP,202.79.174.113,n/a,https://x.com/teamcymru_S2/status/2078199955047543181
2026-07-17,tweetfeed,IP,202.79.174.117,n/a,https://x.com/teamcymru_S2/status/2078199955047543181
2026-07-17,tweetfeed,IP,108.187.7.34,n/a,https://x.com/teamcymru_S2/status/2078199955047543181
2026-07-17,tweetfeed,HASH_SHA256,ac84c6bb36d2d145a76989b1f6e94455456903fea62787ee85ecd3fc35f4c08a,n/a,https://x.com/smica83/status/2078202658821665091
2026-07-17,tweetfeed,HASH_SHA256,da50eb6030b8760f13c2e1fbd9d325b15f06e5c6f015b38c2c2ffde870b7ac0c,n/a,https://x.com/smica83/status/2078205560348938405
2026-07-17,tweetfeed,IP,93.186.225.194,phishing,https://x.com/PhishStats/status/2078207606712062079
2026-07-17,tweetfeed,IP,38.47.198.41,"C2, Sliver, malware",https://x.com/Malwarehunterr/status/2078230723396534728
2026-07-17,tweetfeed,HASH_SHA256,11be8cac8706b75a9e854873e714ee66d247b6b61e311722130c248c4a8a0260,"C2, Sliver, malware",https://x.com/Malwarehunterr/status/2078230723396534728
2026-07-18,tweetfeed,IP,20.5.176.76,n/a,https://x.com/smica83/status/2078391675018199074
2026-07-18,tweetfeed,HASH_SHA256,acc8abc1b890d27ee7bf83d42a6a986dd6668c277388bdc29c0f9bf39f91fb79,n/a,https://x.com/smica83/status/2078391675018199074
2026-07-18,tweetfeed,HASH_SHA256,cbd7e2c7304c1af65fb0d0af5e9a667c0e933662dfd7d4175a6ddaea416c4100,n/a,https://x.com/smica83/status/2078392474427404570
2026-07-18,tweetfeed,IP,145.63.134.238,n/a,https://x.com/smica83/status/2078393421476106614
2026-07-18,tweetfeed,HASH_SHA256,61f092356ad5cc8f60f512df897c9e1977c428b63ff312b47dd58345eea62259,n/a,https://x.com/smica83/status/2078393421476106614
2026-07-18,tweetfeed,IP,192.158.233.206,n/a,https://x.com/smica83/status/2078394212194701714
2026-07-18,tweetfeed,HASH_SHA256,2c9beea4db3df70495cc7342d8d651ad4971a9a5ad70ff370852c587c30a5497,n/a,https://x.com/smica83/status/2078394212194701714
2026-07-18,tweetfeed,HASH_SHA256,3c5019edfad0129e2bd296b32c131171362567a81b11593009d6371b0d85e594,n/a,https://x.com/smica83/status/2078395004809019903
2026-07-18,tweetfeed,HASH_SHA256,a3f67197a98766b98a1f331d86e7a60a7516c720c97290c0f294b98757745364,n/a,https://x.com/smica83/status/2078395004809019903
2026-07-18,tweetfeed,HASH_SHA256,3f4bc881830db866b1d2e73e178766d85fb3928afd6071e5fb8173effffcdf7a,n/a,https://x.com/smica83/status/2078396047034909023
2026-07-18,tweetfeed,HASH_SHA256,ea8fcad382a64ad10f139ba40fa81dc597cd779eda8a6fdadd5125fb96471c5f,n/a,https://x.com/smica83/status/2078401213125521857
2026-07-18,tweetfeed,HASH_SHA256,b7dacc50bebb59e302a886e3585a521d61c38dd27cfc7de1522bce998cb173f3,n/a,https://x.com/smica83/status/2078405033603809682
2026-07-18,tweetfeed,HASH_SHA256,5399184a8be51fce92edc8b1e3153459e36e1e5f253623481bf2e861491f94c8,n/a,https://x.com/smica83/status/2078406259032694809
2026-07-18,tweetfeed,HASH_SHA256,70471d4dfd6c201ed4a9505023f7190aa69ddcfa393cc3798fe4d009cf7aa186,n/a,https://x.com/smica83/status/2078406259032694809
2026-07-18,tweetfeed,HASH_SHA256,5b679e7350067248c1a890f198155e4cf794d620a654a7f7479829575799c15a,n/a,https://x.com/smica83/status/2078409660063748184
2026-07-18,tweetfeed,IP,91.92.35.207,n/a,https://x.com/smica83/status/2078410560903786719
2026-07-18,tweetfeed,HASH_SHA256,fe285ab91a5adecebcab3e63343b56fba31e2a689ce12be582bc4f5ab04a768f,n/a,https://x.com/smica83/status/2078410560903786719
2026-07-18,tweetfeed,HASH_SHA256,05fb877f6d3aad5fbf9463814bd3fb1c775e73b806baded1ececee2bf8a424ec,n/a,https://x.com/smica83/status/2078411788664680803
2026-07-18,tweetfeed,IP,169.58.38.23,"RAT, malware",https://x.com/0xrh0d4m1n/status/2078480229199192537
2026-07-18,tweetfeed,IP,193.233.19.134,"ClickFix, malware",https://x.com/Malwarehunterr/status/2078495588732301339
2026-07-18,tweetfeed,HASH_SHA256,633258fc8aa5b4f3e32b05baf836a5cb24ce8309a9704499027649f249fc711f,ClickFix,https://x.com/Malwarehunterr/status/2078559201685807345
2026-07-18,tweetfeed,HASH_SHA256,f1fd75c04548bb1db08a7a628130de2366e0828bc5aea714143e5ca1245d1426,ClickFix,https://x.com/Malwarehunterr/status/2078559201685807345
2026-07-18,tweetfeed,HASH_SHA256,f45dbec4b8483616edc0fc85a90ea97d5497fbbe3e7e9a7f2140ecf87d7f46f4,ClickFix,https://x.com/Malwarehunterr/status/2078559201685807345
2026-07-18,tweetfeed,HASH_SHA256,70c47d8ef8d35f29173ab5ac9233d12858a56aab5ea176c5dfc8ec42980eebfd,ClickFix,https://x.com/Malwarehunterr/status/2078559201685807345
2026-07-18,tweetfeed,HASH_SHA256,cb3bab4143f7d138b360856e13aa93cf519fa8b03749f229d0c3ce00c30d5700,ClickFix,https://x.com/Malwarehunterr/status/2078589994776895931
2026-07-18,tweetfeed,HASH_SHA256,955415f950e1278a041992f6c6494b1d482861a78effb2c871907b21258631b0,ClickFix,https://x.com/Malwarehunterr/status/2078589994776895931
2026-07-19,tweetfeed,IP,193.27.90.102,C2,https://x.com/Fact_Finder03/status/2078809886151045171
2026-07-19,tweetfeed,IP,77.83.175.76,C2,https://x.com/Fact_Finder03/status/2078809886151045171
2026-07-19,tweetfeed,IP,172.233.212.129,phishing,https://x.com/PhishStats/status/2078810589011312782
2026-07-19,tweetfeed,IP,37.221.66.43,C2,https://x.com/Fact_Finder03/status/2078812249205170422
2026-07-19,tweetfeed,IP,66.116.246.57,"C2, RAT",https://x.com/Fact_Finder03/status/2078819895324602815
2026-07-19,tweetfeed,IP,66.116.245.180,"C2, RAT",https://x.com/Fact_Finder03/status/2078819895324602815
2026-07-19,tweetfeed,IP,115.190.162.84,C2,https://x.com/Fact_Finder03/status/2078823299199692872
2026-07-19,tweetfeed,HASH_SHA256,707ec82013bfb7198df5cdbb34e96ce501bf8b72f589525af36013ba73b26264,C2,https://x.com/Fact_Finder03/status/2078823299199692872
2026-07-19,tweetfeed,IP,103.125.254.83,"C2, RAT",https://x.com/Fact_Finder03/status/2078827948216647894
2026-07-20,tweetfeed,IP,23.27.180.36,n/a,https://x.com/banthisguy9349/status/2079034460901929367
2026-07-20,tweetfeed,IP,79.76.52.42,n/a,https://x.com/2eroHunter/status/2079023331874128204
2026-07-20,tweetfeed,HASH_SHA256,41ee7ddb2be173686dc3a73a49b4e93bc883ef363acca770f7ede891451122ab,n/a,https://x.com/banthisguy9349/status/2079077405113860398
2026-07-20,tweetfeed,HASH_SHA256,54d1f51c39dbe2da79545a509fb9c996188ae8417572844123e644ebcd7d299a,"malware, phishing",https://x.com/masaomi346/status/2079098191342157960
2026-07-20,tweetfeed,IP,193.161.193.99,Njrat,https://x.com/skocherhan/status/2079111293424808117
2026-07-20,tweetfeed,IP,193.32.204.5,n/a,https://x.com/silentpush/status/2079139928399560914
2026-07-20,tweetfeed,IP,64.89.162.162,n/a,https://x.com/smica83/status/2079153299446534642
2026-07-20,tweetfeed,HASH_SHA256,ce9d8426753fb97ae12903ac06ae37074b29c1aa157e61424cb64655dd657c32,n/a,https://x.com/smica83/status/2079153299446534642
2026-07-20,"threatfox,tweetfeed",HASH_SHA256,65ab49119c845801f29a57e8aa177146b2ffbd289d4278109b146f933380f951,n/a,https://x.com/Now_on_VT/status/2079155119988289981
2026-07-20,tweetfeed,HASH_SHA256,94796cf6d4403856fcca825b4fb2e9efd2c2635d6ae43e62a6392c0153f5c944,n/a,https://x.com/smica83/status/2079155529713172481
2026-07-20,tweetfeed,IP,31.76.252.47,n/a,https://x.com/malwrhunterteam/status/2079157644611223810
2026-07-20,tweetfeed,HASH_SHA256,566cc087706f3d3a0e49b9a1d9c8e27090211d80a069162de2e5e8a5b8847414,n/a,https://x.com/smica83/status/2079158843863372143
2026-07-20,tweetfeed,HASH_SHA256,6d0573a78716d51a5fa5282d99a9568e1d515f5c16b9b86a3f3536c1f2622c50,n/a,https://x.com/smica83/status/2079158843863372143
2026-07-20,tweetfeed,IP,186.241.66.4,n/a,https://x.com/smica83/status/2079160349090099416
2026-07-20,tweetfeed,IP,192.3.101.10,C2,https://x.com/Fact_Finder03/status/2079163369219850539
2026-07-20,tweetfeed,HASH_SHA256,ed89a88d77d51c63651e6fd533a7a2fb9510d16c53a354eb465da4a2c658df8c,n/a,https://x.com/skocherhan/status/2079164507843178948
2026-07-20,tweetfeed,HASH_SHA256,f264f04f597a2bdda372a27ae701c18d4036175b1eb8722db5f8531615b38788,n/a,https://x.com/G60930953/status/2079166325595820255
2026-07-20,tweetfeed,HASH_SHA256,1849dd8e732e4e70410b48d598b7995f7af8d0935e4a85fe10928292daaaa41a,n/a,https://x.com/smica83/status/2079167170983108899
2026-07-20,tweetfeed,IP,103.228.74.167,C2,https://x.com/Fact_Finder03/status/2079182282850746380
2026-07-20,tweetfeed,IP,146.19.216.119,n/a,https://x.com/SimoKohonen/status/2079217523984040270
2026-07-20,tweetfeed,HASH_SHA256,53b2d24c9aefe01a768f6e2c637ab9fd56dcede852925cec18eccae58dfecec7,n/a,https://x.com/L0Psec/status/2079226531587539355
2026-07-20,tweetfeed,HASH_SHA256,59912303968e90a7a94babf8822cc6d3f8624891ee21cce737a656f7383e4d79,n/a,https://x.com/L0Psec/status/2079226535232295089
2026-07-20,tweetfeed,IP,178.16.52.93,n/a,https://x.com/Threatlabz/status/2079227567572492689
2026-07-20,tweetfeed,IP,196.251.107.163,n/a,https://x.com/Threatlabz/status/2079227567572492689
2026-07-20,tweetfeed,IP,2.27.5.214,n/a,https://x.com/Threatlabz/status/2079227567572492689
2026-07-20,tweetfeed,IP,43.228.157.66,n/a,https://x.com/Threatlabz/status/2079227567572492689
2026-07-20,tweetfeed,IP,46.151.182.45,n/a,https://x.com/Threatlabz/status/2079227567572492689
2026-07-20,tweetfeed,IP,80.76.49.77,n/a,https://x.com/Threatlabz/status/2079227567572492689
2026-07-20,tweetfeed,HASH_SHA256,c200f2497e8169897a1f0569e720331faf5f2fbc50530614641d612b4488797c,n/a,https://x.com/Threatlabz/status/2079227567572492689
2026-07-20,tweetfeed,HASH_SHA256,375f8a4ff4eafe485b210a9ffb6a84bdbdb9c52ae602293ddae53717935e8daa,n/a,https://x.com/Threatlabz/status/2079227567572492689
2026-07-20,tweetfeed,HASH_SHA256,39e07fb60fbf206b06d1b5b2b74848d9d393c6bd66fd11e003436cd7ee6b5788,n/a,https://x.com/Threatlabz/status/2079227567572492689
2026-07-20,tweetfeed,HASH_SHA256,cea15fe7edd6b1b26f4326901781c16034ebe195cdb89ede2338e91c1d7ce6ac,n/a,https://x.com/Threatlabz/status/2079227567572492689
2026-07-20,tweetfeed,HASH_SHA256,16efe20ecbe454a3390e05e1641c91bbbf436a2ab1c830b76dc6c8a8b4843f14,n/a,https://x.com/Threatlabz/status/2079227567572492689
2026-07-20,tweetfeed,HASH_SHA256,798b6a521d6763f1b684f6d2a6c91e3eab92425dbd9265372a132aba1e213c5f,n/a,https://x.com/Threatlabz/status/2079227567572492689
2026-07-20,tweetfeed,HASH_SHA256,f901e1a138129e819f4759f30102e94a9987409f0978c9505c2d679d1a0880e2,n/a,https://x.com/Threatlabz/status/2079227567572492689
2026-07-20,tweetfeed,HASH_SHA256,ee2169a39bff9da6e3152e80a13b0bd9dc1e55c3ab191ca387bf8ede1ebdcd8d,n/a,https://x.com/Threatlabz/status/2079227567572492689
2026-07-20,tweetfeed,HASH_SHA256,252653fff0e5c8ce66326b2f105dcb74a728c76d78991773e385fa580c0833cf,n/a,https://x.com/Threatlabz/status/2079227567572492689
2026-07-20,tweetfeed,HASH_SHA256,9fe5f01662010999236f92b351ef36a759a58421fa4bca630c17e35e8cf8e0d9,n/a,https://x.com/Threatlabz/status/2079227567572492689
2026-07-20,tweetfeed,HASH_SHA256,ff1c3a2866f389f8ec2e4d57600446da4d131bad8ded341aa6619c0a0d35f752,n/a,https://x.com/Threatlabz/status/2079227567572492689
2026-07-20,tweetfeed,HASH_SHA256,b6bc55d2b6e281b5bbf84f589a2847544233ad4b7abd05f942f27cba26703b8b,n/a,https://x.com/Threatlabz/status/2079227567572492689
2026-07-20,tweetfeed,HASH_SHA256,8802527c317068b4b824d7bc1843dee0e52e047c7fae4997d577c11349c1ef01,n/a,https://x.com/Threatlabz/status/2079227567572492689
2026-07-20,tweetfeed,HASH_SHA256,08cb5a6819ac46d34c1baae74d978949237c7a7e22592a221bbcd04c74a1af90,n/a,https://x.com/BlinkzSec/status/2079223924638802347
2026-07-20,tweetfeed,HASH_SHA256,5a18d43a5d6f8229329a1bbacbf6533619aff4c0bf8d3664b80b5d30ef7b8945,stealer,https://x.com/BlinkzSec/status/2079241121398493474
2026-07-20,tweetfeed,HASH_SHA256,b30b4b58eb215b60a8526c506d689ffab91ed43124709bc20b4085edf9d5361b,stealer,https://x.com/BlinkzSec/status/2079241121398493474
2026-07-20,tweetfeed,IP,95.85.238.172,C2,https://x.com/Fact_Finder03/status/2079241405541794295
2026-07-20,tweetfeed,IP,165.154.236.93,opendir,https://x.com/Huntio/status/2079246351049560339
2026-07-20,tweetfeed,IP,103.31.250.253,"APT, malware",https://x.com/phatomcandle/status/2079265101824327885
2026-07-20,tweetfeed,HASH_SHA256,1ed821fcc96cd12b94a7d4ab486d718416164e0ef8b607821b02b34c38f02674,n/a,https://x.com/smica83/status/2079278466558574886
2026-07-20,tweetfeed,HASH_SHA256,974ec0c700b15d10bc0c00b18a6f60334763675e0481aa7bdbe0215353f7c889,n/a,https://x.com/smica83/status/2079279236502692071
2026-07-20,tweetfeed,IP,195.133.53.98,n/a,https://x.com/smica83/status/2079281011905491211
2026-07-20,tweetfeed,IP,13.140.8.25,n/a,https://x.com/smica83/status/2079281011905491211
2026-07-20,tweetfeed,IP,78.153.149.152,n/a,https://x.com/smica83/status/2079281011905491211
2026-07-20,tweetfeed,HASH_SHA256,7745290182b09c243b344b7d96511ff03d4638348be38865b926913c21cf0c21,n/a,https://x.com/smica83/status/2079281011905491211
2026-07-20,tweetfeed,HASH_SHA256,194742d59dacc09a04a398be2f1de1403b65e2ab7028a5125bd1b3d4f55f31c0,n/a,https://x.com/smica83/status/2079282779704156331
2026-07-20,tweetfeed,IP,138.124.93.26,ClickFix,https://x.com/Malwarehunterr/status/2079287390959776116
2026-07-20,tweetfeed,HASH_SHA256,a752682e45b0917cf5e81b6f2510e507068ca0b3a5f5188498519bbe50e9c24e,ClickFix,https://x.com/Malwarehunterr/status/2079287390959776116
2026-07-20,tweetfeed,HASH_SHA256,40177ce3847b97d7a2619e0698ebe180938357149036bafa8787444707f25be8,ClickFix,https://x.com/Malwarehunterr/status/2079287390959776116
2026-07-20,tweetfeed,IP,62.60.226.50,malware,https://x.com/FABO97662188/status/2079289679585628308
2026-07-20,tweetfeed,IP,78.17.93.76,n/a,https://x.com/malwrhunterteam/status/2079289940945383810
2026-07-20,tweetfeed,IP,103.215.77.48,n/a,https://x.com/smica83/status/2079291245168374100
2026-07-20,tweetfeed,HASH_SHA256,af9a6dacb2a9618866cf398d615b2fe1c1c98ec7254d38a01c7c2d6869821bbe,n/a,https://x.com/smica83/status/2079291245168374100
2026-07-20,tweetfeed,HASH_SHA256,84d07f96725bc87d56f68936dd3879ffe67f1f8d694be9fbc4edd4a6d9a44615,n/a,https://x.com/smica83/status/2079291969424306432
2026-07-20,tweetfeed,IP,159.198.44.67,phishing,https://x.com/Malwarehunterr/status/2079293149600702552
2026-07-20,tweetfeed,IP,103.27.110.141,CobaltStrike,https://x.com/500mk500/status/2079271324946448628
2026-07-20,tweetfeed,IP,157.10.53.213,AsyncRAT,https://x.com/skocherhan/status/2079331689596141627
2026-07-20,tweetfeed,IP,172.86.107.229,ClickFix,https://x.com/Malwarehunterr/status/2079334098456412314
2026-07-20,tweetfeed,HASH_SHA256,e7ea16e2e4e5b04606cddc28baf53cf400eea46fb1d7be39c55ffd54711b3c2e,ClickFix,https://x.com/Malwarehunterr/status/2079334098456412314
2026-07-20,tweetfeed,IP,54.255.166.105,AsyncRAT,https://x.com/skocherhan/status/2079334642100908360
2026-07-20,tweetfeed,IP,18.138.10.177,AsyncRAT,https://x.com/skocherhan/status/2079334642100908360
2026-07-20,tweetfeed,IP,52.74.188.133,AsyncRAT,https://x.com/skocherhan/status/2079334642100908360
2026-07-21,tweetfeed,HASH_SHA256,e3b0c44298fc1c149afbf4c8996fb92427ae41e4649b934ca495991b7852b855,n/a,https://x.com/KirkDerpca/status/2079343718696423758
2026-07-21,tweetfeed,IP,43.167.15.126,phishing,https://x.com/Metemcyber/status/2079423939055681721
2026-07-21,tweetfeed,IP,46.151.182.48,n/a,https://x.com/Fact_Finder03/status/2079443041140801641
2026-07-21,tweetfeed,HASH_SHA256,1f479516c3ded8d827b83bea94ae14f3d8212552f107ccc548d572dd8334fcae,n/a,https://x.com/Dixit_404/status/2079438369931845748
2026-07-21,tweetfeed,IP,23.224.4.116,C2,https://x.com/Fact_Finder03/status/2079445412214374756
2026-07-21,tweetfeed,IP,23.224.4.118,C2,https://x.com/Fact_Finder03/status/2079445412214374756
2026-07-21,tweetfeed,IP,23.224.4.115,C2,https://x.com/Fact_Finder03/status/2079445412214374756
2026-07-21,tweetfeed,IP,23.224.4.117,C2,https://x.com/Fact_Finder03/status/2079445412214374756
2026-07-21,tweetfeed,IP,23.224.4.114,C2,https://x.com/Fact_Finder03/status/2079445412214374756
2026-07-21,tweetfeed,IP,107.173.227.98,n/a,https://x.com/JAMESWT_WT/status/2079449718761914604
2026-07-21,tweetfeed,IP,109.248.151.201,n/a,https://x.com/JAMESWT_WT/status/2079449718761914604
2026-07-21,tweetfeed,IP,192.255.195.158,n/a,https://x.com/JAMESWT_WT/status/2079449718761914604
2026-07-21,tweetfeed,IP,216.9.224.48,n/a,https://x.com/JAMESWT_WT/status/2079449718761914604
2026-07-21,tweetfeed,IP,153.75.85.30,C2,https://x.com/Fact_Finder03/status/2079453822942908419
2026-07-21,tweetfeed,IP,64.29.17.65,n/a,https://x.com/nextronresearch/status/2079454428038406646
2026-07-21,tweetfeed,IP,216.198.79.65,n/a,https://x.com/nextronresearch/status/2079454428038406646
2026-07-21,tweetfeed,HASH_SHA256,1aadea997fc4eda5a8a04e68f6e1828c93e00e817e50c5b6ef874faef43f7fca,n/a,https://x.com/nextronresearch/status/2079454428038406646
2026-07-21,tweetfeed,HASH_SHA256,c107419b6b4c793c92289f00cbb229a344fbe6fad1f34bc53e3e9147fb0a242e,n/a,https://x.com/nextronresearch/status/2079454428038406646
2026-07-21,tweetfeed,IP,35.159.10.46,phishing,https://x.com/LDDSystems/status/2079454325126877379
2026-07-21,tweetfeed,IP,87.106.205.2,C2,https://x.com/Fact_Finder03/status/2079458855306612777
2026-07-21,tweetfeed,HASH_SHA256,4058c11b66a688dee8e2fa32261d193c3835ea27f9c39938b69fe43fde32d977,C2,https://x.com/Fact_Finder03/status/2079458855306612777
2026-07-21,tweetfeed,IP,62.171.154.66,C2,https://x.com/Fact_Finder03/status/2079468922227802609
2026-07-21,tweetfeed,HASH_SHA256,77a03e8d48a0dca9c736d04dc6a6ab9aa74dc7445bea203937506da1edc03b44,n/a,https://x.com/bomccss/status/2079482894305952154
2026-07-21,tweetfeed,IP,134.122.185.201,n/a,https://x.com/bomccss/status/2079483285055615453
2026-07-21,tweetfeed,HASH_SHA256,3e68ad68d4186a5a8cbb0471390879cfb05cfa2de35ae77b23cacfa3faed875b,n/a,https://x.com/bomccss/status/2079483285055615453
2026-07-21,tweetfeed,IP,172.94.53.34,n/a,https://x.com/skocherhan/status/2079487857991823493
2026-07-21,tweetfeed,IP,159.223.110.159,n/a,https://x.com/smica83/status/2079500578745381272
2026-07-21,tweetfeed,HASH_SHA256,94072aa98faadb3a2f27fc10857c943713fa55a5f7ca41d3e81eb63474f9ceba,n/a,https://x.com/smica83/status/2079500578745381272
2026-07-21,tweetfeed,HASH_SHA256,c5e36e12849943e2db6423c6a1cd5c658a10c57cc2dfc9d3b9bc2b08d906f04e,phishing,https://x.com/patialavii/status/2079509671912604035
2026-07-21,tweetfeed,HASH_SHA256,625f912f4bdb5df0f2584f6b162c8602e5bb756b4853b94a12b9b9dadc25b915,n/a,https://x.com/smica83/status/2079521903509684284
2026-07-21,tweetfeed,HASH_SHA256,821da79d727351dd67ce5df7950e9a3de6647a3cf474bb3a093f67507fed92a6,n/a,https://x.com/FarghlyMal/status/2079531309756518640
2026-07-21,tweetfeed,HASH_SHA256,55477ab23e15a8cf5861c9fa1919dcc22e9ca9f6b1fce78694a8b200e8d5fa62,n/a,https://x.com/stop_spammerz/status/2079534358914850868
2026-07-21,tweetfeed,IP,176.53.159.66,n/a,https://x.com/psiloycne/status/2079514392060723347
2026-07-21,tweetfeed,IP,134.122.173.26,"AsyncRAT, Dcrat, malware",https://x.com/d1v35hresearch/status/2079553343806910934
2026-07-21,tweetfeed,HASH_SHA256,2ebe16be492f30a5f7263a930e79965958b62d4fdda1c0a3e891ce6bdad9dc1b,"AsyncRAT, Dcrat, malware",https://x.com/d1v35hresearch/status/2079553343806910934
2026-07-21,tweetfeed,HASH_SHA256,4f6acb1daa8ee1f43e3881e78e1f092922027c898c2c99ae83a9aa9ddf405360,n/a,https://x.com/bomccss/status/2079559040217362847
2026-07-21,tweetfeed,IP,202.61.160.189,n/a,https://x.com/skocherhan/status/2079559968450134457
2026-07-21,tweetfeed,IP,38.181.52.18,n/a,https://x.com/skocherhan/status/2079561348644516151
2026-07-21,tweetfeed,IP,45.59.120.13,n/a,https://x.com/bomccss/status/2079569269743083862
2026-07-21,tweetfeed,IP,91.92.41.55,phishing,https://x.com/skocherhan/status/2079589391182303376
2026-07-21,tweetfeed,HASH_SHA256,9d1a1a5e3b5e5de8a6c76ded7a01fa01709d426232b0048c9ee6ba0c5c1b8b42,n/a,https://x.com/skocherhan/status/2079590696932024660
2026-07-21,tweetfeed,HASH_SHA256,5efeda0efe0c7d1bf3e78db272a97a1d305b07ae509c73e27ae3067a188962a8,n/a,https://x.com/L0Psec/status/2079591997610791192
2026-07-21,tweetfeed,HASH_SHA256,de815a907a87a167d41cd96baa1ed864d50946512268fddaf61109a2c3496f75,n/a,https://x.com/L0Psec/status/2079592000840409492
2026-07-21,tweetfeed,IP,87.251.64.113,phishing,https://x.com/skocherhan/status/2079595040913944659
2026-07-21,tweetfeed,IP,89.34.90.99,n/a,https://x.com/netresec/status/2079673044516155664
2026-07-21,tweetfeed,IP,103.101.85.123,"phishing, scam",https://x.com/skocherhan/status/2079692769321275511
2026-07-22,tweetfeed,HASH_SHA256,91a331a2dc17c4146e630a88ffd802128cccc0c374522b4bdc82741b8cbff080,"malware, phishing",https://x.com/masaomi346/status/2079718236665643353
2026-07-22,tweetfeed,IP,37.148.205.56,phishing,https://x.com/PhishStats/status/2079812625483919761
2026-07-22,tweetfeed,HASH_SHA256,104447278779517e2b397a18d501685ae61a9da84abe1c180ff9bb67a5a0f0fc,"Android, malware",https://x.com/d1v35hresearch/status/2079829287109296521
2026-07-15,tweetfeed,HASH_MD5,7f39ef3ca59c27cd5c2ef318c2560a5b,n/a,https://x.com/skocherhan/status/2077320526926618803
2026-07-15,tweetfeed,HASH_MD5,1fdea279cb8c9217487ac4c86ae9316c,n/a,https://x.com/tdatwja/status/2077321798656647648
2026-07-15,tweetfeed,HASH_MD5,f89e3efebfdee08a5f76ae2e49408301,APT,https://x.com/phatomcandle/status/2077372860339777671
2026-07-15,tweetfeed,HASH_MD5,12041896b590fb738d63dc5bccb77747,Formbook,https://x.com/D3LabIT/status/2077379636116226295
2026-07-15,tweetfeed,HASH_MD5,644b92817cbe0c4d670332f2e511a461,n/a,https://x.com/skocherhan/status/2077384784922230958
2026-07-16,tweetfeed,HASH_MD5,3c759aa6b0474f1d8ab83902ad76cfe6,scam,https://x.com/illegalFawn/status/2077707883504902426
2026-07-16,tweetfeed,HASH_MD5,ae610fc43f44509cf65750e870ecc915,APT,https://x.com/phatomcandle/status/2077737009569808478
2026-07-16,tweetfeed,HASH_MD5,b19f080084f1a087c2b10e94fe78557f,APT,https://x.com/phatomcandle/status/2077737009569808478
2026-07-16,tweetfeed,HASH_MD5,f089dcec39cb610e517ed3de78b4b502,n/a,https://x.com/Threatlabz/status/2077801434066911245
2026-07-16,tweetfeed,HASH_MD5,eaf33c884c24f06c324989673ceb67f4,n/a,https://x.com/Threatlabz/status/2077801434066911245
2026-07-16,tweetfeed,HASH_MD5,c3ca73b883699d6c722a70e71434df12,n/a,https://x.com/bsforvt727/status/2077790848734154986
2026-07-17,tweetfeed,HASH_MD5,9694294addbe58be93ddbb6cabc499ce,"Android, malware",https://x.com/d1v35hresearch/status/2077997483062677742
2026-07-17,tweetfeed,HASH_MD5,58330aaf1f533e9fe03b6355c60347b4,"Android, malware",https://x.com/d1v35hresearch/status/2077997483062677742
2026-07-18,tweetfeed,HASH_MD5,9ba85b93da1735a86c3bff27e85f69bb,n/a,https://x.com/bsforvt727/status/2078382078773837897
2026-07-18,tweetfeed,HASH_MD5,1aac25a6de881d4fc158e1d25dcb3003,n/a,https://x.com/bsforvt727/status/2078382078773837897
2026-07-20,tweetfeed,HASH_MD5,7c6372580a9e78e8caff7ba50ef859aa,CobaltStrike,https://x.com/500mk500/status/2079271324946448628
2026-07-21,tweetfeed,HASH_MD5,bfb1c77ba8cbacc45ff06443b2997ca5,phishing,https://x.com/skocherhan/status/2079517966756884948
2026-07-21,tweetfeed,HASH_MD5,5c92d3b8734b4f498752f735a1ca0987,n/a,https://x.com/stop_spammerz/status/2079534358914850868
2026-07-21,tweetfeed,HASH_MD5,eba53d9eda8340a3de128a2a772b0f09,n/a,https://x.com/skocherhan/status/2079563521432436851
2026-07-21,tweetfeed,HASH_MD5,3dde0918106e3fbaa4a5621882f80adf,n/a,https://x.com/skocherhan/status/2079565505334030507
2026-07-21,tweetfeed,HASH_MD5,0406d00a0f661bf5351b7c8e5c0431bc,n/a,https://x.com/skocherhan/status/2079568209359831300
2026-07-22,tweetfeed,HASH_MD5,139912756c7b0b4f9fbf7dab562f1852,"Android, malware",https://x.com/skocherhan/status/2079847226403131412
